sample,replicate,sample_label,point_index,height,distance_mm,force_N,strain_percent,stress_mPa
4,1,sample 4 replicate 1,1,12.450000000000001,0.0,-0.0084,0.0,-0.3292
4,1,sample 4 replicate 1,2,12.450000000000001,0.05,-0.0104,0.4016,-0.4075
4,1,sample 4 replicate 1,3,12.450000000000001,0.1,-0.0042,0.8032,-0.1646
4,1,sample 4 replicate 1,4,12.450000000000001,0.15,0.0793,1.2048,3.1074
4,1,sample 4 replicate 1,5,12.450000000000001,0.2,0.1649,1.6064,6.4616
4,1,sample 4 replicate 1,6,12.450000000000001,0.25,0.144,2.008,5.6426
4,1,sample 4 replicate 1,7,12.450000000000001,0.3,0.025,2.4096,0.9796
4,1,sample 4 replicate 1,8,12.450000000000001,0.35,0.0355,2.8112,1.3911
4,1,sample 4 replicate 1,9,12.450000000000001,0.4,0.0271,3.2129,1.0619
4,1,sample 4 replicate 1,10,12.450000000000001,0.45,0.0543,3.6145,2.1277
4,1,sample 4 replicate 1,11,12.450000000000001,0.5,0.0564,4.0161,2.21
4,1,sample 4 replicate 1,12,12.450000000000001,0.55,0.0689,4.4177,2.6998
4,1,sample 4 replicate 1,13,12.450000000000001,0.6,0.0877,4.8193,3.4365
4,1,sample 4 replicate 1,14,12.450000000000001,0.65,0.0939,5.2209,3.6795
4,1,sample 4 replicate 1,15,12.450000000000001,0.7,0.1273,5.6225,4.9882
4,1,sample 4 replicate 1,16,12.450000000000001,0.75,0.1503,6.0241,5.8895
4,1,sample 4 replicate 1,17,12.450000000000001,0.8,0.1357,6.4257,5.3174
4,1,sample 4 replicate 1,18,12.450000000000001,0.85,0.1503,6.8273,5.8895
4,1,sample 4 replicate 1,19,12.450000000000001,0.9,0.1503,7.2289,5.8895
4,1,sample 4 replicate 1,20,12.450000000000001,0.95,0.1544,7.6305,6.0502
4,1,sample 4 replicate 1,21,12.450000000000001,1.0,0.1565,8.0321,6.1324
4,1,sample 4 replicate 1,22,12.450000000000001,1.05,0.1628,8.4337,6.3793
4,1,sample 4 replicate 1,23,12.450000000000001,1.1,0.167,8.8353,6.5439
4,1,sample 4 replicate 1,24,12.450000000000001,1.15,0.1795,9.2369,7.0337
4,1,sample 4 replicate 1,25,12.450000000000001,1.2,0.1732,9.6386,6.7868
4,1,sample 4 replicate 1,26,12.450000000000001,1.25,0.1837,10.0402,7.1983
4,1,sample 4 replicate 1,27,12.450000000000001,1.3,0.1816,10.4418,7.116
4,1,sample 4 replicate 1,28,12.450000000000001,1.35,0.192,10.8434,7.5235
4,1,sample 4 replicate 1,29,12.450000000000001,1.4,0.1962,11.245,7.6881
4,1,sample 4 replicate 1,30,12.450000000000001,1.45,0.192,11.6466,7.5235
4,1,sample 4 replicate 1,31,12.450000000000001,1.5,0.1878,12.0482,7.3589
4,1,sample 4 replicate 1,32,12.450000000000001,1.55,0.2024,12.4498,7.931
4,1,sample 4 replicate 1,33,12.450000000000001,1.6,0.2003,12.8514,7.8487
4,1,sample 4 replicate 1,34,12.450000000000001,1.65,0.2003,13.253,7.8487
4,1,sample 4 replicate 1,35,12.450000000000001,1.7,0.1941,13.6546,7.6058
4,1,sample 4 replicate 1,36,12.450000000000001,1.75,0.2045,14.0562,8.0133
4,1,sample 4 replicate 1,37,12.450000000000001,1.8,0.2066,14.4578,8.0956
4,1,sample 4 replicate 1,38,12.450000000000001,1.85,0.2108,14.8594,8.2602
4,1,sample 4 replicate 1,39,12.450000000000001,1.9,0.2066,15.261,8.0956
4,1,sample 4 replicate 1,40,12.450000000000001,1.95,0.2296,15.6627,8.9969
4,1,sample 4 replicate 1,41,12.450000000000001,2.0,0.215,16.0643,8.4248
4,1,sample 4 replicate 1,42,12.450000000000001,2.05,0.2275,16.4659,8.9146
4,1,sample 4 replicate 1,43,12.450000000000001,2.1,0.2212,16.8675,8.6677
4,1,sample 4 replicate 1,44,12.450000000000001,2.15,0.2296,17.2691,8.9969
4,1,sample 4 replicate 1,45,12.450000000000001,2.2,0.2296,17.6707,8.9969
4,1,sample 4 replicate 1,46,12.450000000000001,2.25,0.2275,18.0723,8.9146
4,1,sample 4 replicate 1,47,12.450000000000001,2.3,0.2275,18.4739,8.9146
4,1,sample 4 replicate 1,48,12.450000000000001,2.35,0.24,18.8755,9.4044
4,1,sample 4 replicate 1,49,12.450000000000001,2.4,0.2275,19.2771,8.9146
4,1,sample 4 replicate 1,50,12.450000000000001,2.45,0.217,19.6787,8.5031
4,1,sample 4 replicate 1,51,12.450000000000001,2.5,0.2108,20.0803,8.2602
4,1,sample 4 replicate 1,52,12.450000000000001,2.55,0.2296,20.4819,8.9969
4,1,sample 4 replicate 1,53,12.450000000000001,2.6,0.2275,20.8835,8.9146
4,1,sample 4 replicate 1,54,12.450000000000001,2.65,0.2254,21.2851,8.8323
4,1,sample 4 replicate 1,55,12.450000000000001,2.7,0.2379,21.6867,9.3221
4,1,sample 4 replicate 1,56,12.450000000000001,2.75,0.2567,22.0884,10.0588
4,1,sample 4 replicate 1,57,12.450000000000001,2.8,0.2588,22.49,10.1411
4,1,sample 4 replicate 1,58,12.450000000000001,2.85,0.2734,22.8916,10.7132
4,1,sample 4 replicate 1,59,12.450000000000001,2.9,0.2546,23.2932,9.9765
4,1,sample 4 replicate 1,60,12.450000000000001,2.95,0.2755,23.6948,10.7955
4,1,sample 4 replicate 1,61,12.450000000000001,3.0,0.265,24.0964,10.384
4,1,sample 4 replicate 1,62,12.450000000000001,3.05,0.2734,24.498,10.7132
4,1,sample 4 replicate 1,63,12.450000000000001,3.1,0.2797,24.8996,10.96
4,1,sample 4 replicate 1,64,12.450000000000001,3.15,0.2859,25.3012,11.203
4,1,sample 4 replicate 1,65,12.450000000000001,3.2,0.2671,25.7028,10.4663
4,1,sample 4 replicate 1,66,12.450000000000001,3.25,0.2713,26.1044,10.6309
4,1,sample 4 replicate 1,67,12.450000000000001,3.3,0.2859,26.506,11.203
4,1,sample 4 replicate 1,68,12.450000000000001,3.35,0.2922,26.9076,11.4498
4,1,sample 4 replicate 1,69,12.450000000000001,3.4,0.2922,27.3092,11.4498
4,1,sample 4 replicate 1,70,12.450000000000001,3.45,0.3026,27.7108,11.8574
4,1,sample 4 replicate 1,71,12.450000000000001,3.5,0.3047,28.1124,11.9397
4,1,sample 4 replicate 1,72,12.450000000000001,3.55,0.3318,28.5141,13.0016
4,1,sample 4 replicate 1,73,12.450000000000001,3.6,0.3297,28.9157,12.9193
4,1,sample 4 replicate 1,74,12.450000000000001,3.65,0.336,29.3173,13.1661
4,1,sample 4 replicate 1,75,12.450000000000001,3.7,0.3464,29.7189,13.5737
4,1,sample 4 replicate 1,76,12.450000000000001,3.75,0.3402,30.1205,13.3307
4,1,sample 4 replicate 1,77,12.450000000000001,3.8,0.3339,30.5221,13.0839
4,1,sample 4 replicate 1,78,12.450000000000001,3.85,0.3172,30.9237,12.4295
4,1,sample 4 replicate 1,79,12.450000000000001,3.9,0.3151,31.3253,12.3472
4,1,sample 4 replicate 1,80,12.450000000000001,3.95,0.3485,31.7269,13.656
4,1,sample 4 replicate 1,81,12.450000000000001,4.0,0.3235,32.1285,12.6763
4,1,sample 4 replicate 1,82,12.450000000000001,4.05,0.3444,32.5301,13.4953
4,1,sample 4 replicate 1,83,12.450000000000001,4.1,0.3527,32.9317,13.8205
4,1,sample 4 replicate 1,84,12.450000000000001,4.15,0.3423,33.3333,13.413
4,1,sample 4 replicate 1,85,12.450000000000001,4.2,0.3506,33.7349,13.7382
4,1,sample 4 replicate 1,86,12.450000000000001,4.25,0.3402,34.1365,13.3307
4,1,sample 4 replicate 1,87,12.450000000000001,4.3,0.3527,34.5382,13.8205
4,1,sample 4 replicate 1,88,12.450000000000001,4.35,0.3631,34.9398,14.2281
4,1,sample 4 replicate 1,89,12.450000000000001,4.4,0.3527,35.3414,13.8205
4,1,sample 4 replicate 1,90,12.450000000000001,4.45,0.359,35.743,14.0674
4,1,sample 4 replicate 1,91,12.450000000000001,4.5,0.359,36.1446,14.0674
4,1,sample 4 replicate 1,92,12.450000000000001,4.55,0.3631,36.5462,14.2281
4,1,sample 4 replicate 1,93,12.450000000000001,4.6,0.3757,36.9478,14.7218
4,1,sample 4 replicate 1,94,12.450000000000001,4.65,0.3652,37.3494,14.3103
4,1,sample 4 replicate 1,95,12.450000000000001,4.7,0.3819,37.751,14.9647
4,1,sample 4 replicate 1,96,12.450000000000001,4.75,0.3924,38.1526,15.3762
4,1,sample 4 replicate 1,97,12.450000000000001,4.8,0.3986,38.5542,15.6191
4,1,sample 4 replicate 1,98,12.450000000000001,4.85,0.4007,38.9558,15.7014
4,1,sample 4 replicate 1,99,12.450000000000001,4.9,0.409,39.3574,16.0266
4,1,sample 4 replicate 1,100,12.450000000000001,4.95,0.409,39.759,16.0266
4,1,sample 4 replicate 1,101,12.450000000000001,5.0,0.4007,40.1606,15.7014
4,1,sample 4 replicate 1,102,12.450000000000001,5.05,0.4153,40.5622,16.2735
4,1,sample 4 replicate 1,103,12.450000000000001,5.1,0.4195,40.9639,16.4381
4,1,sample 4 replicate 1,104,12.450000000000001,5.15,0.4237,41.3655,16.6027
4,1,sample 4 replicate 1,105,12.450000000000001,5.2,0.4132,41.7671,16.1912
4,1,sample 4 replicate 1,106,12.450000000000001,5.25,0.4195,42.1687,16.4381
4,1,sample 4 replicate 1,107,12.450000000000001,5.3,0.4174,42.5703,16.3558
4,1,sample 4 replicate 1,108,12.450000000000001,5.35,0.4237,42.9719,16.6027
4,1,sample 4 replicate 1,109,12.450000000000001,5.4,0.4153,43.3735,16.2735
4,1,sample 4 replicate 1,110,12.450000000000001,5.45,0.4153,43.7751,16.2735
4,1,sample 4 replicate 1,111,12.450000000000001,5.5,0.4028,44.1767,15.7837
4,1,sample 4 replicate 1,112,12.450000000000001,5.55,0.4362,44.5783,17.0925
4,1,sample 4 replicate 1,113,12.450000000000001,5.6,0.4341,44.9799,17.0102
4,1,sample 4 replicate 1,114,12.450000000000001,5.65,0.4258,45.3815,16.685
4,1,sample 4 replicate 1,115,12.450000000000001,5.7,0.4237,45.7831,16.6027
4,1,sample 4 replicate 1,116,12.450000000000001,5.75,0.4299,46.1847,16.8456
4,1,sample 4 replicate 1,117,12.450000000000001,5.8,0.4341,46.5863,17.0102
4,1,sample 4 replicate 1,118,12.450000000000001,5.85,0.4466,46.988,17.5
4,1,sample 4 replicate 1,119,12.450000000000001,5.9,0.432,47.3896,16.9279
4,1,sample 4 replicate 1,120,12.450000000000001,5.95,0.4466,47.7912,17.5
4,1,sample 4 replicate 1,121,12.450000000000001,6.0,0.4341,48.1928,17.0102
4,1,sample 4 replicate 1,122,12.450000000000001,6.05,0.4258,48.5944,16.685
4,1,sample 4 replicate 1,123,12.450000000000001,6.1,0.4237,48.996,16.6027
4,1,sample 4 replicate 1,124,12.450000000000001,6.15,0.4153,49.3976,16.2735
4,1,sample 4 replicate 1,125,12.450000000000001,6.2,0.4258,49.7992,16.685
4,1,sample 4 replicate 1,126,12.450000000000001,6.25,0.4111,50.2008,16.1089
4,1,sample 4 replicate 1,127,12.450000000000001,6.3,0.4132,50.6024,16.1912
4,1,sample 4 replicate 1,128,12.450000000000001,6.35,0.455,51.004,17.8292
4,1,sample 4 replicate 1,129,12.450000000000001,6.4,0.4299,51.4056,16.8456
4,1,sample 4 replicate 1,130,12.450000000000001,6.45,0.4445,51.8072,17.4177
4,1,sample 4 replicate 1,131,12.450000000000001,6.5,0.4299,52.2088,16.8456
4,1,sample 4 replicate 1,132,12.450000000000001,6.55,0.4529,52.6104,17.7469
4,1,sample 4 replicate 1,133,12.450000000000001,6.6,0.4591,53.012,17.9898
4,1,sample 4 replicate 1,134,12.450000000000001,6.65,0.432,53.4137,16.9279
4,1,sample 4 replicate 1,135,12.450000000000001,6.7,0.4445,53.8153,17.4177
4,1,sample 4 replicate 1,136,12.450000000000001,6.75,0.4633,54.2169,18.1544
4,1,sample 4 replicate 1,137,12.450000000000001,6.8,0.4508,54.6185,17.6646
4,1,sample 4 replicate 1,138,12.450000000000001,6.85,0.4571,55.0201,17.9114
4,1,sample 4 replicate 1,139,12.450000000000001,6.9,0.4404,55.4217,17.2571
4,1,sample 4 replicate 1,140,12.450000000000001,6.95,0.4612,55.8233,18.0721
4,1,sample 4 replicate 1,141,12.450000000000001,7.0,0.4466,56.2249,17.5
4,1,sample 4 replicate 1,142,12.450000000000001,7.05,0.4424,56.6265,17.3354
4,1,sample 4 replicate 1,143,12.450000000000001,7.1,0.4529,57.0281,17.7469
4,1,sample 4 replicate 1,144,12.450000000000001,7.15,0.5218,57.4297,20.4467
4,1,sample 4 replicate 1,145,12.450000000000001,7.2,0.4737,57.8313,18.5619
4,1,sample 4 replicate 1,146,12.450000000000001,7.25,0.4696,58.2329,18.4013
4,1,sample 4 replicate 1,147,12.450000000000001,7.3,0.4696,58.6345,18.4013
4,1,sample 4 replicate 1,148,12.450000000000001,7.35,0.4779,59.0361,18.7265
4,1,sample 4 replicate 1,149,12.450000000000001,7.4,0.5051,59.4378,19.7923
4,1,sample 4 replicate 1,150,12.450000000000001,7.45,0.5489,59.8394,21.5086
4,1,sample 4 replicate 1,151,12.450000000000001,7.5,0.5531,60.241,21.6732
4,1,sample 4 replicate 1,152,12.450000000000001,7.55,0.5677,60.6426,22.2453
4,1,sample 4 replicate 1,153,12.450000000000001,7.6,0.5531,61.0442,21.6732
4,1,sample 4 replicate 1,154,12.450000000000001,7.65,0.5364,61.4458,21.0188
4,1,sample 4 replicate 1,155,12.450000000000001,7.7,0.5259,61.8474,20.6074
4,1,sample 4 replicate 1,156,12.450000000000001,7.75,0.551,62.249,21.5909
4,1,sample 4 replicate 1,157,12.450000000000001,7.8,0.4884,62.6506,19.1379
4,1,sample 4 replicate 1,158,12.450000000000001,7.85,0.4487,63.0522,17.5823
4,1,sample 4 replicate 1,159,12.450000000000001,7.9,0.5259,63.4538,20.6074
4,1,sample 4 replicate 1,160,12.450000000000001,7.95,0.5572,63.8554,21.8339
4,1,sample 4 replicate 1,161,12.450000000000001,8.0,0.5551,64.257,21.7516
4,1,sample 4 replicate 1,162,12.450000000000001,8.05,0.5635,64.6586,22.0807
4,1,sample 4 replicate 1,163,12.450000000000001,8.1,0.5614,65.0602,21.9984
4,1,sample 4 replicate 1,164,12.450000000000001,8.15,0.5531,65.4618,21.6732
4,1,sample 4 replicate 1,165,12.450000000000001,8.2,0.5656,65.8635,22.163
4,1,sample 4 replicate 1,166,12.450000000000001,8.25,0.551,66.2651,21.5909
4,1,sample 4 replicate 1,167,12.450000000000001,8.3,0.5718,66.6667,22.406
4,1,sample 4 replicate 1,168,12.450000000000001,8.35,0.5885,67.0683,23.0603
4,1,sample 4 replicate 1,169,12.450000000000001,8.4,0.599,67.4699,23.4718
4,1,sample 4 replicate 1,170,12.450000000000001,8.45,0.6282,67.8715,24.616
4,1,sample 4 replicate 1,171,12.450000000000001,8.5,0.6449,68.2731,25.2704
4,1,sample 4 replicate 1,172,12.450000000000001,8.55,0.6616,68.6747,25.9248
4,1,sample 4 replicate 1,173,12.450000000000001,8.6,0.7117,69.0763,27.8879
4,1,sample 4 replicate 1,174,12.450000000000001,8.65,0.6887,69.4779,26.9867
4,1,sample 4 replicate 1,175,12.450000000000001,8.7,0.6992,69.8795,27.3981
4,1,sample 4 replicate 1,176,12.450000000000001,8.75,0.6887,70.2811,26.9867
4,1,sample 4 replicate 1,177,12.450000000000001,8.8,0.6866,70.6827,26.9044
4,1,sample 4 replicate 1,178,12.450000000000001,8.85,0.6992,71.0843,27.3981
4,1,sample 4 replicate 1,179,12.450000000000001,8.9,0.7138,71.4859,27.9702
4,1,sample 4 replicate 1,180,12.450000000000001,8.95,0.7242,71.8876,28.3777
4,1,sample 4 replicate 1,181,12.450000000000001,9.0,0.7325,72.2892,28.703
4,1,sample 4 replicate 1,182,12.450000000000001,9.05,0.7346,72.6908,28.7853
4,1,sample 4 replicate 1,183,12.450000000000001,9.1,0.7471,73.0924,29.2751
4,1,sample 4 replicate 1,184,12.450000000000001,9.15,0.7471,73.494,29.2751
4,1,sample 4 replicate 1,185,12.450000000000001,9.2,0.7534,73.8956,29.5219
4,1,sample 4 replicate 1,186,12.450000000000001,9.25,0.7638,74.2972,29.9295
4,1,sample 4 replicate 1,187,12.450000000000001,9.3,0.7785,74.6988,30.5055
4,1,sample 4 replicate 1,188,12.450000000000001,9.35,0.7952,75.1004,31.1599
4,1,sample 4 replicate 1,189,12.450000000000001,9.4,0.7868,75.502,30.8307
4,1,sample 4 replicate 1,190,12.450000000000001,9.45,0.7889,75.9036,30.913
4,1,sample 4 replicate 1,191,12.450000000000001,9.5,0.7847,76.3052,30.7484
4,1,sample 4 replicate 1,192,12.450000000000001,9.55,0.8056,76.7068,31.5674
4,1,sample 4 replicate 1,193,12.450000000000001,9.6,0.7993,77.1084,31.3205
4,1,sample 4 replicate 1,194,12.450000000000001,9.65,0.8035,77.51,31.4851
4,1,sample 4 replicate 1,195,12.450000000000001,9.7,0.8118,77.9116,31.8103
4,1,sample 4 replicate 1,196,12.450000000000001,9.75,0.8265,78.3133,32.3864
4,1,sample 4 replicate 1,197,12.450000000000001,9.8,0.8285,78.7149,32.4647
4,1,sample 4 replicate 1,198,12.450000000000001,9.85,0.8306,79.1165,32.547
4,1,sample 4 replicate 1,199,12.450000000000001,9.9,0.8348,79.5181,32.7116
4,1,sample 4 replicate 1,200,12.450000000000001,9.95,0.8473,79.9197,33.2014
4,1,sample 4 replicate 1,201,12.450000000000001,10.0,0.8494,80.3213,33.2837
4,1,sample 4 replicate 1,202,12.450000000000001,10.05,0.8536,80.7229,33.4483
4,1,sample 4 replicate 1,203,12.450000000000001,10.1,0.8536,81.1245,33.4483
4,1,sample 4 replicate 1,204,12.450000000000001,10.15,0.8411,81.5261,32.9585
4,1,sample 4 replicate 1,205,12.450000000000001,10.2,0.8515,81.9277,33.366
4,1,sample 4 replicate 1,206,12.450000000000001,10.25,0.8515,82.3293,33.366
4,1,sample 4 replicate 1,207,12.450000000000001,10.3,0.8473,82.7309,33.2014
4,1,sample 4 replicate 1,208,12.450000000000001,10.35,0.839,83.1325,32.8762
4,1,sample 4 replicate 1,209,12.450000000000001,10.4,0.8265,83.5341,32.3864
4,1,sample 4 replicate 1,210,12.450000000000001,10.45,0.8181,83.9357,32.0572
4,1,sample 4 replicate 1,211,12.450000000000001,10.5,0.8139,84.3373,31.8926
4,1,sample 4 replicate 1,212,12.450000000000001,10.55,0.8077,84.739,31.6497
4,1,sample 4 replicate 1,213,12.450000000000001,10.6,0.8035,85.1406,31.4851
4,1,sample 4 replicate 1,214,12.450000000000001,10.65,0.7972,85.5422,31.2382
4,1,sample 4 replicate 1,215,12.450000000000001,10.7,0.7931,85.9438,31.0776
4,1,sample 4 replicate 1,216,12.450000000000001,10.75,0.7847,86.3454,30.7484
4,1,sample 4 replicate 1,217,12.450000000000001,10.8,0.7785,86.747,30.5055
4,1,sample 4 replicate 1,218,12.450000000000001,10.85,0.768,87.1486,30.094
4,1,sample 4 replicate 1,219,12.450000000000001,10.9,0.7785,87.5502,30.5055
4,1,sample 4 replicate 1,220,12.450000000000001,10.95,0.7952,87.9518,31.1599
4,1,sample 4 replicate 1,221,12.450000000000001,11.0,0.7993,88.3534,31.3205
4,1,sample 4 replicate 1,222,12.450000000000001,11.05,0.7931,88.755,31.0776
4,1,sample 4 replicate 1,223,12.450000000000001,11.1,0.7931,89.1566,31.0776
4,1,sample 4 replicate 1,224,12.450000000000001,11.15,0.816,89.5582,31.9749
4,1,sample 4 replicate 1,225,12.450000000000001,11.2,0.8181,89.9598,32.0572
4,1,sample 4 replicate 1,226,12.450000000000001,11.25,0.8306,90.3614,32.547
4,1,sample 4 replicate 1,227,12.450000000000001,11.3,0.8306,90.7631,32.547
4,1,sample 4 replicate 1,228,12.450000000000001,11.35,0.8411,91.1647,32.9585
4,1,sample 4 replicate 1,229,12.450000000000001,11.4,0.8515,91.5663,33.366
4,1,sample 4 replicate 1,230,12.450000000000001,11.45,0.8682,91.9679,34.0204
4,1,sample 4 replicate 1,231,12.450000000000001,11.5,0.864,92.3695,33.8558
4,1,sample 4 replicate 1,232,12.450000000000001,11.55,0.8745,92.7711,34.2672
4,1,sample 4 replicate 1,233,12.450000000000001,11.6,0.8807,93.1727,34.5102
4,1,sample 4 replicate 1,234,12.450000000000001,11.65,0.8786,93.5743,34.4279
4,1,sample 4 replicate 1,235,12.450000000000001,11.7,0.8953,93.9759,35.0823
4,1,sample 4 replicate 1,236,12.450000000000001,11.75,0.9079,94.3775,35.576
4,1,sample 4 replicate 1,237,12.450000000000001,11.8,0.9308,94.7791,36.4734
4,1,sample 4 replicate 1,238,12.450000000000001,11.85,0.9538,95.1807,37.3746
4,1,sample 4 replicate 1,239,12.450000000000001,11.9,0.9287,95.5823,36.3911
4,1,sample 4 replicate 1,240,12.450000000000001,11.95,0.8891,95.9839,34.8393
4,1,sample 4 replicate 1,241,12.450000000000001,12.0,0.8578,96.3855,33.6129
4,1,sample 4 replicate 1,242,12.450000000000001,12.05,0.8745,96.7871,34.2672
4,1,sample 4 replicate 1,243,12.450000000000001,12.1,0.9058,97.1888,35.4937
4,1,sample 4 replicate 1,244,12.450000000000001,12.15,0.9371,97.5904,36.7202
4,1,sample 4 replicate 1,245,12.450000000000001,12.2,0.96,97.992,37.6176
4,1,sample 4 replicate 1,246,12.450000000000001,12.25,0.983,98.3936,38.5188
4,1,sample 4 replicate 1,247,12.450000000000001,12.3,1.0039,98.7952,39.3378
4,1,sample 4 replicate 1,248,12.450000000000001,12.35,1.0414,99.1968,40.8072
4,1,sample 4 replicate 1,249,12.450000000000001,12.4,1.1186,99.5984,43.8323
4,1,sample 4 replicate 1,250,12.450000000000001,12.45,1.2292,100.0,48.1661
4,1,sample 4 replicate 1,251,12.450000000000001,12.5,1.4505,100.4016,56.8378
4,1,sample 4 replicate 1,252,12.450000000000001,12.55,1.9722,100.8032,77.2806
4,1,sample 4 replicate 1,253,12.450000000000001,12.6,2.9552,101.2048,115.7994
4,1,sample 4 replicate 1,254,12.450000000000001,12.65,4.0634,101.6064,159.2241
4,1,sample 4 replicate 1,255,12.450000000000001,12.7,5.2488,102.008,205.674
4,1,sample 4 replicate 1,256,12.450000000000001,12.75,6.3946,102.4096,250.5721
4,1,sample 4 replicate 1,257,12.450000000000001,12.8,7.6113,102.8112,298.2484
4,1,sample 4 replicate 1,258,12.450000000000001,12.85,8.8594,103.2129,347.1552
5,1,sample 5 replicate 1,1,9.6,0.0,-0.0271,0.0,-1.0619
5,1,sample 5 replicate 1,2,9.6,0.05,0.0605,0.5208,2.3707
5,1,sample 5 replicate 1,3,9.6,0.1,0.0543,1.0417,2.1277
5,1,sample 5 replicate 1,4,9.6,0.15,0.0313,1.5625,1.2265
5,1,sample 5 replicate 1,5,9.6,0.2,0.0292,2.0833,1.1442
5,1,sample 5 replicate 1,6,9.6,0.25,0.048,2.6042,1.8809
5,1,sample 5 replicate 1,7,9.6,0.3,0.0334,3.125,1.3088
5,1,sample 5 replicate 1,8,9.6,0.35,0.0396,3.6458,1.5517
5,1,sample 5 replicate 1,9,9.6,0.4,0.0459,4.1667,1.7986
5,1,sample 5 replicate 1,10,9.6,0.45,0.0543,4.6875,2.1277
5,1,sample 5 replicate 1,11,9.6,0.5,0.0543,5.2083,2.1277
5,1,sample 5 replicate 1,12,9.6,0.55,0.0459,5.7292,1.7986
5,1,sample 5 replicate 1,13,9.6,0.6,0.0271,6.25,1.0619
5,1,sample 5 replicate 1,14,9.6,0.65,0.0856,6.7708,3.3542
5,1,sample 5 replicate 1,15,9.6,0.7,0.071,7.2917,2.7821
5,1,sample 5 replicate 1,16,9.6,0.75,0.0835,7.8125,3.2719
5,1,sample 5 replicate 1,17,9.6,0.8,0.1043,8.3333,4.087
5,1,sample 5 replicate 1,18,9.6,0.85,0.121,8.8542,4.7414
5,1,sample 5 replicate 1,19,9.6,0.9,0.1357,9.375,5.3174
5,1,sample 5 replicate 1,20,9.6,0.95,0.1315,9.8958,5.1528
5,1,sample 5 replicate 1,21,9.6,1.0,0.1315,10.4167,5.1528
5,1,sample 5 replicate 1,22,9.6,1.05,0.1565,10.9375,6.1324
5,1,sample 5 replicate 1,23,9.6,1.1,0.1336,11.4583,5.2351
5,1,sample 5 replicate 1,24,9.6,1.15,0.1586,11.9792,6.2147
5,1,sample 5 replicate 1,25,9.6,1.2,0.169,12.5,6.6223
5,1,sample 5 replicate 1,26,9.6,1.25,0.1795,13.0208,7.0337
5,1,sample 5 replicate 1,27,9.6,1.3,0.192,13.5417,7.5235
5,1,sample 5 replicate 1,28,9.6,1.35,0.1857,14.0625,7.2766
5,1,sample 5 replicate 1,29,9.6,1.4,0.1941,14.5833,7.6058
5,1,sample 5 replicate 1,30,9.6,1.45,0.2045,15.1042,8.0133
5,1,sample 5 replicate 1,31,9.6,1.5,0.2024,15.625,7.931
5,1,sample 5 replicate 1,32,9.6,1.55,0.2087,16.1458,8.1779
5,1,sample 5 replicate 1,33,9.6,1.6,0.215,16.6667,8.4248
5,1,sample 5 replicate 1,34,9.6,1.65,0.2212,17.1875,8.6677
5,1,sample 5 replicate 1,35,9.6,1.7,0.2191,17.7083,8.5854
5,1,sample 5 replicate 1,36,9.6,1.75,0.2233,18.2292,8.75
5,1,sample 5 replicate 1,37,9.6,1.8,0.2296,18.75,8.9969
5,1,sample 5 replicate 1,38,9.6,1.85,0.2358,19.2708,9.2398
5,1,sample 5 replicate 1,39,9.6,1.9,0.2379,19.7917,9.3221
5,1,sample 5 replicate 1,40,9.6,1.95,0.2296,20.3125,8.9969
5,1,sample 5 replicate 1,41,9.6,2.0,0.2233,20.8333,8.75
5,1,sample 5 replicate 1,42,9.6,2.05,0.217,21.3542,8.5031
5,1,sample 5 replicate 1,43,9.6,2.1,0.2108,21.875,8.2602
5,1,sample 5 replicate 1,44,9.6,2.15,0.2087,22.3958,8.1779
5,1,sample 5 replicate 1,45,9.6,2.2,0.2066,22.9167,8.0956
5,1,sample 5 replicate 1,46,9.6,2.25,0.2233,23.4375,8.75
5,1,sample 5 replicate 1,47,9.6,2.3,0.2233,23.9583,8.75
5,1,sample 5 replicate 1,48,9.6,2.35,0.2254,24.4792,8.8323
5,1,sample 5 replicate 1,49,9.6,2.4,0.2296,25.0,8.9969
5,1,sample 5 replicate 1,50,9.6,2.45,0.2379,25.5208,9.3221
5,1,sample 5 replicate 1,51,9.6,2.5,0.2337,26.0417,9.1575
5,1,sample 5 replicate 1,52,9.6,2.55,0.2421,26.5625,9.4867
5,1,sample 5 replicate 1,53,9.6,2.6,0.2546,27.0833,9.9765
5,1,sample 5 replicate 1,54,9.6,2.65,0.2546,27.6042,9.9765
5,1,sample 5 replicate 1,55,9.6,2.7,0.2546,28.125,9.9765
5,1,sample 5 replicate 1,56,9.6,2.75,0.2296,28.6458,8.9969
5,1,sample 5 replicate 1,57,9.6,2.8,0.2212,29.1667,8.6677
5,1,sample 5 replicate 1,58,9.6,2.85,0.2609,29.6875,10.2234
5,1,sample 5 replicate 1,59,9.6,2.9,0.2546,30.2083,9.9765
5,1,sample 5 replicate 1,60,9.6,2.95,0.2734,30.7292,10.7132
5,1,sample 5 replicate 1,61,9.6,3.0,0.2901,31.25,11.3676
5,1,sample 5 replicate 1,62,9.6,3.05,0.3047,31.7708,11.9397
5,1,sample 5 replicate 1,63,9.6,3.1,0.288,32.2917,11.2853
5,1,sample 5 replicate 1,64,9.6,3.15,0.2797,32.8125,10.96
5,1,sample 5 replicate 1,65,9.6,3.2,0.2817,33.3333,11.0384
5,1,sample 5 replicate 1,66,9.6,3.25,0.2943,33.8542,11.5321
5,1,sample 5 replicate 1,67,9.6,3.3,0.3089,34.375,12.1042
5,1,sample 5 replicate 1,68,9.6,3.35,0.3047,34.8958,11.9397
5,1,sample 5 replicate 1,69,9.6,3.4,0.3256,35.4167,12.7586
5,1,sample 5 replicate 1,70,9.6,3.45,0.3381,35.9375,13.2484
5,1,sample 5 replicate 1,71,9.6,3.5,0.3297,36.4583,12.9193
5,1,sample 5 replicate 1,72,9.6,3.55,0.3527,36.9792,13.8205
5,1,sample 5 replicate 1,73,9.6,3.6,0.3402,37.5,13.3307
5,1,sample 5 replicate 1,74,9.6,3.65,0.336,38.0208,13.1661
5,1,sample 5 replicate 1,75,9.6,3.7,0.3464,38.5417,13.5737
5,1,sample 5 replicate 1,76,9.6,3.75,0.336,39.0625,13.1661
5,1,sample 5 replicate 1,77,9.6,3.8,0.3527,39.5833,13.8205
5,1,sample 5 replicate 1,78,9.6,3.85,0.3715,40.1042,14.5572
5,1,sample 5 replicate 1,79,9.6,3.9,0.3736,40.625,14.6395
5,1,sample 5 replicate 1,80,9.6,3.95,0.3673,41.1458,14.3926
5,1,sample 5 replicate 1,81,9.6,4.0,0.384,41.6667,15.047
5,1,sample 5 replicate 1,82,9.6,4.05,0.4007,42.1875,15.7014
5,1,sample 5 replicate 1,83,9.6,4.1,0.4195,42.7083,16.4381
5,1,sample 5 replicate 1,84,9.6,4.15,0.4153,43.2292,16.2735
5,1,sample 5 replicate 1,85,9.6,4.2,0.432,43.75,16.9279
5,1,sample 5 replicate 1,86,9.6,4.25,0.4591,44.2708,17.9898
5,1,sample 5 replicate 1,87,9.6,4.3,0.4696,44.7917,18.4013
5,1,sample 5 replicate 1,88,9.6,4.35,0.4842,45.3125,18.9734
5,1,sample 5 replicate 1,89,9.6,4.4,0.528,45.8333,20.6897
5,1,sample 5 replicate 1,90,9.6,4.45,0.5301,46.3542,20.7719
5,1,sample 5 replicate 1,91,9.6,4.5,0.551,46.875,21.5909
5,1,sample 5 replicate 1,92,9.6,4.55,0.5551,47.3958,21.7516
5,1,sample 5 replicate 1,93,9.6,4.6,0.5447,47.9167,21.344
5,1,sample 5 replicate 1,94,9.6,4.65,0.5614,48.4375,21.9984
5,1,sample 5 replicate 1,95,9.6,4.7,0.551,48.9583,21.5909
5,1,sample 5 replicate 1,96,9.6,4.75,0.5635,49.4792,22.0807
5,1,sample 5 replicate 1,97,9.6,4.8,0.5593,50.0,21.9161
5,1,sample 5 replicate 1,98,9.6,4.85,0.5656,50.5208,22.163
5,1,sample 5 replicate 1,99,9.6,4.9,0.5718,51.0417,22.406
5,1,sample 5 replicate 1,100,9.6,4.95,0.5656,51.5625,22.163
5,1,sample 5 replicate 1,101,9.6,5.0,0.5781,52.0833,22.6528
5,1,sample 5 replicate 1,102,9.6,5.05,0.5823,52.6042,22.8174
5,1,sample 5 replicate 1,103,9.6,5.1,0.5906,53.125,23.1426
5,1,sample 5 replicate 1,104,9.6,5.15,0.5948,53.6458,23.3072
5,1,sample 5 replicate 1,105,9.6,5.2,0.5885,54.1667,23.0603
5,1,sample 5 replicate 1,106,9.6,5.25,0.5948,54.6875,23.3072
5,1,sample 5 replicate 1,107,9.6,5.3,0.5927,55.2083,23.2249
5,1,sample 5 replicate 1,108,9.6,5.35,0.6011,55.7292,23.5541
5,1,sample 5 replicate 1,109,9.6,5.4,0.6073,56.25,23.797
5,1,sample 5 replicate 1,110,9.6,5.45,0.6115,56.7708,23.9616
5,1,sample 5 replicate 1,111,9.6,5.5,0.6052,57.2917,23.7147
5,1,sample 5 replicate 1,112,9.6,5.55,0.6011,57.8125,23.5541
5,1,sample 5 replicate 1,113,9.6,5.6,0.5969,58.3333,23.3895
5,1,sample 5 replicate 1,114,9.6,5.65,0.5906,58.8542,23.1426
5,1,sample 5 replicate 1,115,9.6,5.7,0.5969,59.375,23.3895
5,1,sample 5 replicate 1,116,9.6,5.75,0.5885,59.8958,23.0603
5,1,sample 5 replicate 1,117,9.6,5.8,0.5948,60.4167,23.3072
5,1,sample 5 replicate 1,118,9.6,5.85,0.6031,60.9375,23.6324
5,1,sample 5 replicate 1,119,9.6,5.9,0.6136,61.4583,24.0439
5,1,sample 5 replicate 1,120,9.6,5.95,0.624,61.9792,24.4514
5,1,sample 5 replicate 1,121,9.6,6.0,0.6407,62.5,25.1058
5,1,sample 5 replicate 1,122,9.6,6.05,0.6407,63.0208,25.1058
5,1,sample 5 replicate 1,123,9.6,6.1,0.6491,63.5417,25.435
5,1,sample 5 replicate 1,124,9.6,6.15,0.6428,64.0625,25.1881
5,1,sample 5 replicate 1,125,9.6,6.2,0.6428,64.5833,25.1881
5,1,sample 5 replicate 1,126,9.6,6.25,0.647,65.1042,25.3527
5,1,sample 5 replicate 1,127,9.6,6.3,0.6511,65.625,25.5133
5,1,sample 5 replicate 1,128,9.6,6.35,0.6574,66.1458,25.7602
5,1,sample 5 replicate 1,129,9.6,6.4,0.6678,66.6667,26.1677
5,1,sample 5 replicate 1,130,9.6,6.45,0.6762,67.1875,26.4969
5,1,sample 5 replicate 1,131,9.6,6.5,0.6699,67.7083,26.25
5,1,sample 5 replicate 1,132,9.6,6.55,0.6678,68.2292,26.1677
5,1,sample 5 replicate 1,133,9.6,6.6,0.6762,68.75,26.4969
5,1,sample 5 replicate 1,134,9.6,6.65,0.6866,69.2708,26.9044
5,1,sample 5 replicate 1,135,9.6,6.7,0.6929,69.7917,27.1513
5,1,sample 5 replicate 1,136,9.6,6.75,0.6866,70.3125,26.9044
5,1,sample 5 replicate 1,137,9.6,6.8,0.672,70.8333,26.3323
5,1,sample 5 replicate 1,138,9.6,6.85,0.6637,71.3542,26.0071
5,1,sample 5 replicate 1,139,9.6,6.9,0.695,71.875,27.2335
5,1,sample 5 replicate 1,140,9.6,6.95,0.7305,72.3958,28.6246
5,1,sample 5 replicate 1,141,9.6,7.0,0.7659,72.9167,30.0118
5,1,sample 5 replicate 1,142,9.6,7.05,0.7012,73.4375,27.4765
5,1,sample 5 replicate 1,143,9.6,7.1,0.6595,73.9583,25.8425
5,1,sample 5 replicate 1,144,9.6,7.15,0.6741,74.4792,26.4146
5,1,sample 5 replicate 1,145,9.6,7.2,0.6929,75.0,27.1513
5,1,sample 5 replicate 1,146,9.6,7.25,0.7054,75.5208,27.6411
5,1,sample 5 replicate 1,147,9.6,7.3,0.7158,76.0417,28.0486
5,1,sample 5 replicate 1,148,9.6,7.35,0.7471,76.5625,29.2751
5,1,sample 5 replicate 1,149,9.6,7.4,0.7993,77.0833,31.3205
5,1,sample 5 replicate 1,150,9.6,7.45,0.8285,77.6042,32.4647
5,1,sample 5 replicate 1,151,9.6,7.5,0.8327,78.125,32.6293
5,1,sample 5 replicate 1,152,9.6,7.55,0.7847,78.6458,30.7484
5,1,sample 5 replicate 1,153,9.6,7.6,0.7138,79.1667,27.9702
5,1,sample 5 replicate 1,154,9.6,7.65,0.7033,79.6875,27.5588
5,1,sample 5 replicate 1,155,9.6,7.7,0.7054,80.2083,27.6411
5,1,sample 5 replicate 1,156,9.6,7.75,0.7033,80.7292,27.5588
5,1,sample 5 replicate 1,157,9.6,7.8,0.7117,81.25,27.8879
5,1,sample 5 replicate 1,158,9.6,7.85,0.7221,81.7708,28.2955
5,1,sample 5 replicate 1,159,9.6,7.9,0.7263,82.2917,28.46
5,1,sample 5 replicate 1,160,9.6,7.95,0.6699,82.8125,26.25
5,1,sample 5 replicate 1,161,9.6,8.0,0.6407,83.3333,25.1058
5,1,sample 5 replicate 1,162,9.6,8.05,0.6428,83.8542,25.1881
5,1,sample 5 replicate 1,163,9.6,8.1,0.6428,84.375,25.1881
5,1,sample 5 replicate 1,164,9.6,8.15,0.6511,84.8958,25.5133
5,1,sample 5 replicate 1,165,9.6,8.2,0.6678,85.4167,26.1677
5,1,sample 5 replicate 1,166,9.6,8.25,0.6783,85.9375,26.5792
5,1,sample 5 replicate 1,167,9.6,8.3,0.6824,86.4583,26.7398
5,1,sample 5 replicate 1,168,9.6,8.35,0.6845,86.9792,26.8221
5,1,sample 5 replicate 1,169,9.6,8.4,0.6929,87.5,27.1513
5,1,sample 5 replicate 1,170,9.6,8.45,0.695,88.0208,27.2335
5,1,sample 5 replicate 1,171,9.6,8.5,0.6929,88.5417,27.1513
5,1,sample 5 replicate 1,172,9.6,8.55,0.6971,89.0625,27.3158
5,1,sample 5 replicate 1,173,9.6,8.6,0.6992,89.5833,27.3981
5,1,sample 5 replicate 1,174,9.6,8.65,0.7054,90.1042,27.6411
5,1,sample 5 replicate 1,175,9.6,8.7,0.7096,90.625,27.8056
5,1,sample 5 replicate 1,176,9.6,8.75,0.7096,91.1458,27.8056
5,1,sample 5 replicate 1,177,9.6,8.8,0.7158,91.6667,28.0486
5,1,sample 5 replicate 1,178,9.6,8.85,0.7263,92.1875,28.46
5,1,sample 5 replicate 1,179,9.6,8.9,0.7471,92.7083,29.2751
5,1,sample 5 replicate 1,180,9.6,8.95,0.768,93.2292,30.094
5,1,sample 5 replicate 1,181,9.6,9.0,0.791,93.75,30.9953
5,1,sample 5 replicate 1,182,9.6,9.05,0.8202,94.2708,32.1395
5,1,sample 5 replicate 1,183,9.6,9.1,0.8452,94.7917,33.1191
5,1,sample 5 replicate 1,184,9.6,9.15,0.8765,95.3125,34.3456
5,1,sample 5 replicate 1,185,9.6,9.2,0.912,95.8333,35.7367
5,1,sample 5 replicate 1,186,9.6,9.25,0.9392,96.3542,36.8025
5,1,sample 5 replicate 1,187,9.6,9.3,0.9934,96.875,38.9263
5,1,sample 5 replicate 1,188,9.6,9.35,1.0331,97.3958,40.482
5,1,sample 5 replicate 1,189,9.6,9.4,1.0748,97.9167,42.116
5,1,sample 5 replicate 1,190,9.6,9.45,1.1395,98.4375,44.6513
5,1,sample 5 replicate 1,191,9.6,9.5,1.2501,98.9583,48.9851
5,1,sample 5 replicate 1,192,9.6,9.55,1.4672,99.4792,57.4922
5,1,sample 5 replicate 1,193,9.6,9.6,1.751,100.0,68.6129
5,1,sample 5 replicate 1,194,9.6,9.65,2.3667,100.5208,92.739
5,1,sample 5 replicate 1,195,9.6,9.7,3.3246,101.0417,130.2743
5,1,sample 5 replicate 1,196,9.6,9.75,4.4203,101.5625,173.2092
5,1,sample 5 replicate 1,197,9.6,9.8,5.6955,102.0833,223.1779
5,1,sample 5 replicate 1,198,9.6,9.85,6.9059,102.6042,270.6074
5,1,sample 5 replicate 1,199,9.6,9.9,8.2145,103.125,321.8848
6,1,sample 6 replicate 1,1,8.6,0.0,-0.0209,0.0,-0.819
6,1,sample 6 replicate 1,2,8.6,0.05,0.071,0.5814,2.7821
6,1,sample 6 replicate 1,3,8.6,0.1,0.0584,1.1628,2.2884
6,1,sample 6 replicate 1,4,8.6,0.15,0.0668,1.7442,2.6176
6,1,sample 6 replicate 1,5,8.6,0.2,0.0689,2.3256,2.6998
6,1,sample 6 replicate 1,6,8.6,0.25,0.0772,2.907,3.0251
6,1,sample 6 replicate 1,7,8.6,0.3,0.0772,3.4884,3.0251
6,1,sample 6 replicate 1,8,8.6,0.35,0.0564,4.0698,2.21
6,1,sample 6 replicate 1,9,8.6,0.4,0.0647,4.6512,2.5353
6,1,sample 6 replicate 1,10,8.6,0.45,0.0835,5.2326,3.2719
6,1,sample 6 replicate 1,11,8.6,0.5,0.0522,5.814,2.0455
6,1,sample 6 replicate 1,12,8.6,0.55,0.0793,6.3953,3.1074
6,1,sample 6 replicate 1,13,8.6,0.6,0.0918,6.9767,3.5972
6,1,sample 6 replicate 1,14,8.6,0.65,0.1023,7.5581,4.0086
6,1,sample 6 replicate 1,15,8.6,0.7,0.144,8.1395,5.6426
6,1,sample 6 replicate 1,16,8.6,0.75,0.025,8.7209,0.9796
6,1,sample 6 replicate 1,17,8.6,0.8,0.0438,9.3023,1.7163
6,1,sample 6 replicate 1,18,8.6,0.85,0.0584,9.8837,2.2884
6,1,sample 6 replicate 1,19,8.6,0.9,0.0647,10.4651,2.5353
6,1,sample 6 replicate 1,20,8.6,0.95,0.0522,11.0465,2.0455
6,1,sample 6 replicate 1,21,8.6,1.0,0.0835,11.6279,3.2719
6,1,sample 6 replicate 1,22,8.6,1.05,0.1252,12.2093,4.906
6,1,sample 6 replicate 1,23,8.6,1.1,0.1106,12.7907,4.3339
6,1,sample 6 replicate 1,24,8.6,1.15,0.1023,13.3721,4.0086
6,1,sample 6 replicate 1,25,8.6,1.2,0.1148,13.9535,4.4984
6,1,sample 6 replicate 1,26,8.6,1.25,0.1252,14.5349,4.906
6,1,sample 6 replicate 1,27,8.6,1.3,0.1357,15.1163,5.3174
6,1,sample 6 replicate 1,28,8.6,1.35,0.167,15.6977,6.5439
6,1,sample 6 replicate 1,29,8.6,1.4,0.1774,16.2791,6.9514
6,1,sample 6 replicate 1,30,8.6,1.45,0.1962,16.8605,7.6881
6,1,sample 6 replicate 1,31,8.6,1.5,0.215,17.4419,8.4248
6,1,sample 6 replicate 1,32,8.6,1.55,0.2191,18.0233,8.5854
6,1,sample 6 replicate 1,33,8.6,1.6,0.2337,18.6047,9.1575
6,1,sample 6 replicate 1,34,8.6,1.65,0.2212,19.186,8.6677
6,1,sample 6 replicate 1,35,8.6,1.7,0.2087,19.7674,8.1779
6,1,sample 6 replicate 1,36,8.6,1.75,0.2191,20.3488,8.5854
6,1,sample 6 replicate 1,37,8.6,1.8,0.2254,20.9302,8.8323
6,1,sample 6 replicate 1,38,8.6,1.85,0.2484,21.5116,9.7335
6,1,sample 6 replicate 1,39,8.6,1.9,0.2379,22.093,9.3221
6,1,sample 6 replicate 1,40,8.6,1.95,0.2504,22.6744,9.8119
6,1,sample 6 replicate 1,41,8.6,2.0,0.2421,23.2558,9.4867
6,1,sample 6 replicate 1,42,8.6,2.05,0.265,23.8372,10.384
6,1,sample 6 replicate 1,43,8.6,2.1,0.2588,24.4186,10.1411
6,1,sample 6 replicate 1,44,8.6,2.15,0.2734,25.0,10.7132
6,1,sample 6 replicate 1,45,8.6,2.2,0.2776,25.5814,10.8777
6,1,sample 6 replicate 1,46,8.6,2.25,0.3047,26.1628,11.9397
6,1,sample 6 replicate 1,47,8.6,2.3,0.3151,26.7442,12.3472
6,1,sample 6 replicate 1,48,8.6,2.35,0.3089,27.3256,12.1042
6,1,sample 6 replicate 1,49,8.6,2.4,0.311,27.907,12.1865
6,1,sample 6 replicate 1,50,8.6,2.45,0.336,28.4884,13.1661
6,1,sample 6 replicate 1,51,8.6,2.5,0.3381,29.0698,13.2484
6,1,sample 6 replicate 1,52,8.6,2.55,0.3527,29.6512,13.8205
6,1,sample 6 replicate 1,53,8.6,2.6,0.3631,30.2326,14.2281
6,1,sample 6 replicate 1,54,8.6,2.65,0.3256,30.814,12.7586
6,1,sample 6 replicate 1,55,8.6,2.7,0.3715,31.3953,14.5572
6,1,sample 6 replicate 1,56,8.6,2.75,0.3631,31.9767,14.2281
6,1,sample 6 replicate 1,57,8.6,2.8,0.3986,32.5581,15.6191
6,1,sample 6 replicate 1,58,8.6,2.85,0.4111,33.1395,16.1089
6,1,sample 6 replicate 1,59,8.6,2.9,0.4195,33.7209,16.4381
6,1,sample 6 replicate 1,60,8.6,2.95,0.4278,34.3023,16.7633
6,1,sample 6 replicate 1,61,8.6,3.0,0.4258,34.8837,16.685
6,1,sample 6 replicate 1,62,8.6,3.05,0.4404,35.4651,17.2571
6,1,sample 6 replicate 1,63,8.6,3.1,0.4487,36.0465,17.5823
6,1,sample 6 replicate 1,64,8.6,3.15,0.4591,36.6279,17.9898
6,1,sample 6 replicate 1,65,8.6,3.2,0.4779,37.2093,18.7265
6,1,sample 6 replicate 1,66,8.6,3.25,0.4842,37.7907,18.9734
6,1,sample 6 replicate 1,67,8.6,3.3,0.5092,38.3721,19.953
6,1,sample 6 replicate 1,68,8.6,3.35,0.5113,38.9535,20.0353
6,1,sample 6 replicate 1,69,8.6,3.4,0.5447,39.5349,21.344
6,1,sample 6 replicate 1,70,8.6,3.45,0.5572,40.1163,21.8339
6,1,sample 6 replicate 1,71,8.6,3.5,0.5614,40.6977,21.9984
6,1,sample 6 replicate 1,72,8.6,3.55,0.5551,41.2791,21.7516
6,1,sample 6 replicate 1,73,8.6,3.6,0.5572,41.8605,21.8339
6,1,sample 6 replicate 1,74,8.6,3.65,0.5656,42.4419,22.163
6,1,sample 6 replicate 1,75,8.6,3.7,0.5635,43.0233,22.0807
6,1,sample 6 replicate 1,76,8.6,3.75,0.5551,43.6047,21.7516
6,1,sample 6 replicate 1,77,8.6,3.8,0.5635,44.186,22.0807
6,1,sample 6 replicate 1,78,8.6,3.85,0.5593,44.7674,21.9161
6,1,sample 6 replicate 1,79,8.6,3.9,0.5656,45.3488,22.163
6,1,sample 6 replicate 1,80,8.6,3.95,0.5614,45.9302,21.9984
6,1,sample 6 replicate 1,81,8.6,4.0,0.5677,46.5116,22.2453
6,1,sample 6 replicate 1,82,8.6,4.05,0.5739,47.093,22.4882
6,1,sample 6 replicate 1,83,8.6,4.1,0.5698,47.6744,22.3276
6,1,sample 6 replicate 1,84,8.6,4.15,0.5718,48.2558,22.406
6,1,sample 6 replicate 1,85,8.6,4.2,0.5823,48.8372,22.8174
6,1,sample 6 replicate 1,86,8.6,4.25,0.5969,49.4186,23.3895
6,1,sample 6 replicate 1,87,8.6,4.3,0.6052,50.0,23.7147
6,1,sample 6 replicate 1,88,8.6,4.35,0.6031,50.5814,23.6324
6,1,sample 6 replicate 1,89,8.6,4.4,0.6094,51.1628,23.8793
6,1,sample 6 replicate 1,90,8.6,4.45,0.6178,51.7442,24.2085
6,1,sample 6 replicate 1,91,8.6,4.5,0.6198,52.3256,24.2868
6,1,sample 6 replicate 1,92,8.6,4.55,0.6198,52.907,24.2868
6,1,sample 6 replicate 1,93,8.6,4.6,0.6198,53.4884,24.2868
6,1,sample 6 replicate 1,94,8.6,4.65,0.6136,54.0698,24.0439
6,1,sample 6 replicate 1,95,8.6,4.7,0.6073,54.6512,23.797
6,1,sample 6 replicate 1,96,8.6,4.75,0.5948,55.2326,23.3072
6,1,sample 6 replicate 1,97,8.6,4.8,0.5781,55.814,22.6528
6,1,sample 6 replicate 1,98,8.6,4.85,0.5864,56.3953,22.9781
6,1,sample 6 replicate 1,99,8.6,4.9,0.5844,56.9767,22.8997
6,1,sample 6 replicate 1,100,8.6,4.95,0.5927,57.5581,23.2249
6,1,sample 6 replicate 1,101,8.6,5.0,0.5948,58.1395,23.3072
6,1,sample 6 replicate 1,102,8.6,5.05,0.5948,58.7209,23.3072
6,1,sample 6 replicate 1,103,8.6,5.1,0.5906,59.3023,23.1426
6,1,sample 6 replicate 1,104,8.6,5.15,0.5844,59.8837,22.8997
6,1,sample 6 replicate 1,105,8.6,5.2,0.5844,60.4651,22.8997
6,1,sample 6 replicate 1,106,8.6,5.25,0.5718,61.0465,22.406
6,1,sample 6 replicate 1,107,8.6,5.3,0.5823,61.6279,22.8174
6,1,sample 6 replicate 1,108,8.6,5.35,0.5844,62.2093,22.8997
6,1,sample 6 replicate 1,109,8.6,5.4,0.599,62.7907,23.4718
6,1,sample 6 replicate 1,110,8.6,5.45,0.6031,63.3721,23.6324
6,1,sample 6 replicate 1,111,8.6,5.5,0.6011,63.9535,23.5541
6,1,sample 6 replicate 1,112,8.6,5.55,0.6073,64.5349,23.797
6,1,sample 6 replicate 1,113,8.6,5.6,0.6219,65.1163,24.3691
6,1,sample 6 replicate 1,114,8.6,5.65,0.6303,65.6977,24.6983
6,1,sample 6 replicate 1,115,8.6,5.7,0.6303,66.2791,24.6983
6,1,sample 6 replicate 1,116,8.6,5.75,0.6303,66.8605,24.6983
6,1,sample 6 replicate 1,117,8.6,5.8,0.6365,67.4419,24.9412
6,1,sample 6 replicate 1,118,8.6,5.85,0.6365,68.0233,24.9412
6,1,sample 6 replicate 1,119,8.6,5.9,0.6324,68.6047,24.7806
6,1,sample 6 replicate 1,120,8.6,5.95,0.6449,69.186,25.2704
6,1,sample 6 replicate 1,121,8.6,6.0,0.647,69.7674,25.3527
6,1,sample 6 replicate 1,122,8.6,6.05,0.6574,70.3488,25.7602
6,1,sample 6 replicate 1,123,8.6,6.1,0.6511,70.9302,25.5133
6,1,sample 6 replicate 1,124,8.6,6.15,0.6637,71.5116,26.0071
6,1,sample 6 replicate 1,125,8.6,6.2,0.672,72.093,26.3323
6,1,sample 6 replicate 1,126,8.6,6.25,0.6762,72.6744,26.4969
6,1,sample 6 replicate 1,127,8.6,6.3,0.6887,73.2558,26.9867
6,1,sample 6 replicate 1,128,8.6,6.35,0.6971,73.8372,27.3158
6,1,sample 6 replicate 1,129,8.6,6.4,0.7117,74.4186,27.8879
6,1,sample 6 replicate 1,130,8.6,6.45,0.72,75.0,28.2132
6,1,sample 6 replicate 1,131,8.6,6.5,0.7305,75.5814,28.6246
6,1,sample 6 replicate 1,132,8.6,6.55,0.7367,76.1628,28.8676
6,1,sample 6 replicate 1,133,8.6,6.6,0.743,76.7442,29.1144
6,1,sample 6 replicate 1,134,8.6,6.65,0.7492,77.3256,29.3574
6,1,sample 6 replicate 1,135,8.6,6.7,0.7597,77.907,29.7688
6,1,sample 6 replicate 1,136,8.6,6.75,0.7638,78.4884,29.9295
6,1,sample 6 replicate 1,137,8.6,6.8,0.7764,79.0698,30.4232
6,1,sample 6 replicate 1,138,8.6,6.85,0.791,79.6512,30.9953
6,1,sample 6 replicate 1,139,8.6,6.9,0.8035,80.2326,31.4851
6,1,sample 6 replicate 1,140,8.6,6.95,0.8139,80.814,31.8926
6,1,sample 6 replicate 1,141,8.6,7.0,0.8327,81.3953,32.6293
6,1,sample 6 replicate 1,142,8.6,7.05,0.8411,81.9767,32.9585
6,1,sample 6 replicate 1,143,8.6,7.1,0.7513,82.5581,29.4397
6,1,sample 6 replicate 1,144,8.6,7.15,0.7659,83.1395,30.0118
6,1,sample 6 replicate 1,145,8.6,7.2,0.8139,83.7209,31.8926
6,1,sample 6 replicate 1,146,8.6,7.25,0.8515,84.3023,33.366
6,1,sample 6 replicate 1,147,8.6,7.3,0.8432,84.8837,33.0408
6,1,sample 6 replicate 1,148,8.6,7.35,0.7805,85.4651,30.5839
6,1,sample 6 replicate 1,149,8.6,7.4,0.7054,86.0465,27.6411
6,1,sample 6 replicate 1,150,8.6,7.45,0.6971,86.6279,27.3158
6,1,sample 6 replicate 1,151,8.6,7.5,0.7117,87.2093,27.8879
6,1,sample 6 replicate 1,152,8.6,7.55,0.7075,87.7907,27.7234
6,1,sample 6 replicate 1,153,8.6,7.6,0.7263,88.3721,28.46
6,1,sample 6 replicate 1,154,8.6,7.65,0.7451,88.9535,29.1967
6,1,sample 6 replicate 1,155,8.6,7.7,0.7576,89.5349,29.6865
6,1,sample 6 replicate 1,156,8.6,7.75,0.7722,90.1163,30.2586
6,1,sample 6 replicate 1,157,8.6,7.8,0.7659,90.6977,30.0118
6,1,sample 6 replicate 1,158,8.6,7.85,0.7805,91.2791,30.5839
6,1,sample 6 replicate 1,159,8.6,7.9,0.8139,91.8605,31.8926
6,1,sample 6 replicate 1,160,8.6,7.95,0.8306,92.4419,32.547
6,1,sample 6 replicate 1,161,8.6,8.0,0.8411,93.0233,32.9585
6,1,sample 6 replicate 1,162,8.6,8.05,0.8557,93.6047,33.5306
6,1,sample 6 replicate 1,163,8.6,8.1,0.8745,94.186,34.2672
6,1,sample 6 replicate 1,164,8.6,8.15,0.8912,94.7674,34.9216
6,1,sample 6 replicate 1,165,8.6,8.2,0.9287,95.3488,36.3911
6,1,sample 6 replicate 1,166,8.6,8.25,0.9684,95.9302,37.9467
6,1,sample 6 replicate 1,167,8.6,8.3,1.0101,96.5116,39.5807
6,1,sample 6 replicate 1,168,8.6,8.35,1.0602,97.093,41.5439
6,1,sample 6 replicate 1,169,8.6,8.4,1.1374,97.6744,44.569
6,1,sample 6 replicate 1,170,8.6,8.45,1.2251,98.2558,48.0055
6,1,sample 6 replicate 1,171,8.6,8.5,1.2835,98.8372,50.2939
6,1,sample 6 replicate 1,172,8.6,8.55,1.5235,99.4186,59.6983
6,1,sample 6 replicate 1,173,8.6,8.6,2.0578,100.0,80.6348
6,1,sample 6 replicate 1,174,8.6,8.65,2.8383,100.5814,111.2187
6,1,sample 6 replicate 1,175,8.6,8.7,3.9173,101.1628,153.4992
6,1,sample 6 replicate 1,176,8.6,8.75,5.0401,101.7442,197.4961
6,1,sample 6 replicate 1,177,8.6,8.8,6.2485,102.3256,244.8472
6,1,sample 6 replicate 1,178,8.6,8.85,7.4193,102.907,290.7249
6,1,sample 6 replicate 1,179,8.6,8.9,8.6653,103.4884,339.5494
4,2,sample 4 replicate 2,1,7.1,0.0,-0.0459,0.0,-1.7986
4,2,sample 4 replicate 2,2,7.1,0.05,0.0355,0.7042,1.3911
4,2,sample 4 replicate 2,3,7.1,0.1,0.0209,1.4085,0.819
4,2,sample 4 replicate 2,4,7.1,0.15,0.0584,2.1127,2.2884
4,2,sample 4 replicate 2,5,7.1,0.2,0.048,2.8169,1.8809
4,2,sample 4 replicate 2,6,7.1,0.25,0.0543,3.5211,2.1277
4,2,sample 4 replicate 2,7,7.1,0.3,0.0689,4.2254,2.6998
4,2,sample 4 replicate 2,8,7.1,0.35,0.071,4.9296,2.7821
4,2,sample 4 replicate 2,9,7.1,0.4,0.0647,5.6338,2.5353
4,2,sample 4 replicate 2,10,7.1,0.45,0.0689,6.338,2.6998
4,2,sample 4 replicate 2,11,7.1,0.5,0.0584,7.0423,2.2884
4,2,sample 4 replicate 2,12,7.1,0.55,0.0877,7.7465,3.4365
4,2,sample 4 replicate 2,13,7.1,0.6,0.0835,8.4507,3.2719
4,2,sample 4 replicate 2,14,7.1,0.65,0.0981,9.1549,3.844
4,2,sample 4 replicate 2,15,7.1,0.7,0.0877,9.8592,3.4365
4,2,sample 4 replicate 2,16,7.1,0.75,0.1148,10.5634,4.4984
4,2,sample 4 replicate 2,17,7.1,0.8,0.1064,11.2676,4.1693
4,2,sample 4 replicate 2,18,7.1,0.85,0.0939,11.9718,3.6795
4,2,sample 4 replicate 2,19,7.1,0.9,0.0814,12.6761,3.1897
4,2,sample 4 replicate 2,20,7.1,0.95,0.1127,13.3803,4.4161
4,2,sample 4 replicate 2,21,7.1,1.0,0.0835,14.0845,3.2719
4,2,sample 4 replicate 2,22,7.1,1.05,0.1169,14.7887,4.5807
4,2,sample 4 replicate 2,23,7.1,1.1,0.1023,15.493,4.0086
4,2,sample 4 replicate 2,24,7.1,1.15,0.1231,16.1972,4.8237
4,2,sample 4 replicate 2,25,7.1,1.2,0.1315,16.9014,5.1528
4,2,sample 4 replicate 2,26,7.1,1.25,0.1043,17.6056,4.087
4,2,sample 4 replicate 2,27,7.1,1.3,0.1419,18.3099,5.5603
4,2,sample 4 replicate 2,28,7.1,1.35,0.167,19.0141,6.5439
4,2,sample 4 replicate 2,29,7.1,1.4,0.1586,19.7183,6.2147
4,2,sample 4 replicate 2,30,7.1,1.45,0.1628,20.4225,6.3793
4,2,sample 4 replicate 2,31,7.1,1.5,0.1544,21.1268,6.0502
4,2,sample 4 replicate 2,32,7.1,1.55,0.1774,21.831,6.9514
4,2,sample 4 replicate 2,33,7.1,1.6,0.167,22.5352,6.5439
4,2,sample 4 replicate 2,34,7.1,1.65,0.1607,23.2394,6.297
4,2,sample 4 replicate 2,35,7.1,1.7,0.1649,23.9437,6.4616
4,2,sample 4 replicate 2,36,7.1,1.75,0.2066,24.6479,8.0956
4,2,sample 4 replicate 2,37,7.1,1.8,0.1774,25.3521,6.9514
4,2,sample 4 replicate 2,38,7.1,1.85,0.1774,26.0563,6.9514
4,2,sample 4 replicate 2,39,7.1,1.9,0.1816,26.7606,7.116
4,2,sample 4 replicate 2,40,7.1,1.95,0.1941,27.4648,7.6058
4,2,sample 4 replicate 2,41,7.1,2.0,0.2003,28.169,7.8487
4,2,sample 4 replicate 2,42,7.1,2.05,0.2129,28.8732,8.3425
4,2,sample 4 replicate 2,43,7.1,2.1,0.1899,29.5775,7.4412
4,2,sample 4 replicate 2,44,7.1,2.15,0.2212,30.2817,8.6677
4,2,sample 4 replicate 2,45,7.1,2.2,0.1878,30.9859,7.3589
4,2,sample 4 replicate 2,46,7.1,2.25,0.192,31.6901,7.5235
4,2,sample 4 replicate 2,47,7.1,2.3,0.1774,32.3944,6.9514
4,2,sample 4 replicate 2,48,7.1,2.35,0.1941,33.0986,7.6058
4,2,sample 4 replicate 2,49,7.1,2.4,0.2024,33.8028,7.931
4,2,sample 4 replicate 2,50,7.1,2.45,0.2045,34.507,8.0133
4,2,sample 4 replicate 2,51,7.1,2.5,0.2129,35.2113,8.3425
4,2,sample 4 replicate 2,52,7.1,2.55,0.2442,35.9155,9.569
4,2,sample 4 replicate 2,53,7.1,2.6,0.2233,36.6197,8.75
4,2,sample 4 replicate 2,54,7.1,2.65,0.2671,37.3239,10.4663
4,2,sample 4 replicate 2,55,7.1,2.7,0.2964,38.0282,11.6144
4,2,sample 4 replicate 2,56,7.1,2.75,0.3005,38.7324,11.7751
4,2,sample 4 replicate 2,57,7.1,2.8,0.3151,39.4366,12.3472
4,2,sample 4 replicate 2,58,7.1,2.85,0.3214,40.1408,12.594
4,2,sample 4 replicate 2,59,7.1,2.9,0.3047,40.8451,11.9397
4,2,sample 4 replicate 2,60,7.1,2.95,0.3485,41.5493,13.656
4,2,sample 4 replicate 2,61,7.1,3.0,0.3444,42.2535,13.4953
4,2,sample 4 replicate 2,62,7.1,3.05,0.3819,42.9577,14.9647
4,2,sample 4 replicate 2,63,7.1,3.1,0.4028,43.662,15.7837
4,2,sample 4 replicate 2,64,7.1,3.15,0.4383,44.3662,17.1748
4,2,sample 4 replicate 2,65,7.1,3.2,0.4717,45.0704,18.4835
4,2,sample 4 replicate 2,66,7.1,3.25,0.4696,45.7746,18.4013
4,2,sample 4 replicate 2,67,7.1,3.3,0.5468,46.4789,21.4263
4,2,sample 4 replicate 2,68,7.1,3.35,0.5844,47.1831,22.8997
4,2,sample 4 replicate 2,69,7.1,3.4,0.6052,47.8873,23.7147
4,2,sample 4 replicate 2,70,7.1,3.45,0.6282,48.5915,24.616
4,2,sample 4 replicate 2,71,7.1,3.5,0.6574,49.2958,25.7602
4,2,sample 4 replicate 2,72,7.1,3.55,0.6741,50.0,26.4146
4,2,sample 4 replicate 2,73,7.1,3.6,0.7075,50.7042,27.7234
4,2,sample 4 replicate 2,74,7.1,3.65,0.7305,51.4085,28.6246
4,2,sample 4 replicate 2,75,7.1,3.7,0.7618,52.1127,29.8511
4,2,sample 4 replicate 2,76,7.1,3.75,0.7993,52.8169,31.3205
4,2,sample 4 replicate 2,77,7.1,3.8,0.8348,53.5211,32.7116
4,2,sample 4 replicate 2,78,7.1,3.85,0.8682,54.2254,34.0204
4,2,sample 4 replicate 2,79,7.1,3.9,0.9099,54.9296,35.6544
4,2,sample 4 replicate 2,80,7.1,3.95,0.9287,55.6338,36.3911
4,2,sample 4 replicate 2,81,7.1,4.0,0.9412,56.338,36.8809
4,2,sample 4 replicate 2,82,7.1,4.05,0.9642,57.0423,37.7821
4,2,sample 4 replicate 2,83,7.1,4.1,0.9934,57.7465,38.9263
4,2,sample 4 replicate 2,84,7.1,4.15,1.0331,58.4507,40.482
4,2,sample 4 replicate 2,85,7.1,4.2,1.0602,59.1549,41.5439
4,2,sample 4 replicate 2,86,7.1,4.25,1.0978,59.8592,43.0172
4,2,sample 4 replicate 2,87,7.1,4.3,1.1207,60.5634,43.9146
4,2,sample 4 replicate 2,88,7.1,4.35,1.1437,61.2676,44.8158
4,2,sample 4 replicate 2,89,7.1,4.4,1.1541,61.9718,45.2234
4,2,sample 4 replicate 2,90,7.1,4.45,1.1374,62.6761,44.569
4,2,sample 4 replicate 2,91,7.1,4.5,1.0957,63.3803,42.935
4,2,sample 4 replicate 2,92,7.1,4.55,1.0581,64.0845,41.4616
4,2,sample 4 replicate 2,93,7.1,4.6,1.031,64.7887,40.3997
4,2,sample 4 replicate 2,94,7.1,4.65,1.0122,65.493,39.663
4,2,sample 4 replicate 2,95,7.1,4.7,1.0185,66.1972,39.9099
4,2,sample 4 replicate 2,96,7.1,4.75,1.0059,66.9014,39.4161
4,2,sample 4 replicate 2,97,7.1,4.8,1.0039,67.6056,39.3378
4,2,sample 4 replicate 2,98,7.1,4.85,1.0164,68.3099,39.8276
4,2,sample 4 replicate 2,99,7.1,4.9,1.0331,69.0141,40.482
4,2,sample 4 replicate 2,100,7.1,4.95,1.0247,69.7183,40.1528
4,2,sample 4 replicate 2,101,7.1,5.0,1.0226,70.4225,40.0705
4,2,sample 4 replicate 2,102,7.1,5.05,0.9642,71.1268,37.7821
4,2,sample 4 replicate 2,103,7.1,5.1,0.9955,71.831,39.0086
4,2,sample 4 replicate 2,104,7.1,5.15,1.0018,72.5352,39.2555
4,2,sample 4 replicate 2,105,7.1,5.2,1.0352,73.2394,40.5643
4,2,sample 4 replicate 2,106,7.1,5.25,1.0519,73.9437,41.2187
4,2,sample 4 replicate 2,107,7.1,5.3,1.0811,74.6479,42.3629
4,2,sample 4 replicate 2,108,7.1,5.35,1.1186,75.3521,43.8323
4,2,sample 4 replicate 2,109,7.1,5.4,1.1207,76.0563,43.9146
4,2,sample 4 replicate 2,110,7.1,5.45,1.1479,76.7606,44.9804
4,2,sample 4 replicate 2,111,7.1,5.5,1.1792,77.4648,46.2069
4,2,sample 4 replicate 2,112,7.1,5.55,1.1979,78.169,46.9397
4,2,sample 4 replicate 2,113,7.1,5.6,1.2251,78.8732,48.0055
4,2,sample 4 replicate 2,114,7.1,5.65,1.2439,79.5775,48.7422
4,2,sample 4 replicate 2,115,7.1,5.7,1.2793,80.2817,50.1293
4,2,sample 4 replicate 2,116,7.1,5.75,1.2981,80.9859,50.866
4,2,sample 4 replicate 2,117,7.1,5.8,1.2564,81.6901,49.232
4,2,sample 4 replicate 2,118,7.1,5.85,1.1207,82.3944,43.9146
4,2,sample 4 replicate 2,119,7.1,5.9,1.0519,83.0986,41.2187
4,2,sample 4 replicate 2,120,7.1,5.95,1.0039,83.8028,39.3378
4,2,sample 4 replicate 2,121,7.1,6.0,0.9517,84.507,37.2923
4,2,sample 4 replicate 2,122,7.1,6.05,0.8953,85.2113,35.0823
4,2,sample 4 replicate 2,123,7.1,6.1,0.9037,85.9155,35.4114
4,2,sample 4 replicate 2,124,7.1,6.15,0.9037,86.6197,35.4114
4,2,sample 4 replicate 2,125,7.1,6.2,0.9183,87.3239,35.9835
4,2,sample 4 replicate 2,126,7.1,6.25,0.9266,88.0282,36.3088
4,2,sample 4 replicate 2,127,7.1,6.3,0.9496,88.7324,37.21
4,2,sample 4 replicate 2,128,7.1,6.35,0.9746,89.4366,38.1897
4,2,sample 4 replicate 2,129,7.1,6.4,1.0101,90.1408,39.5807
4,2,sample 4 replicate 2,130,7.1,6.45,1.0414,90.8451,40.8072
4,2,sample 4 replicate 2,131,7.1,6.5,1.0602,91.5493,41.5439
4,2,sample 4 replicate 2,132,7.1,6.55,1.079,92.2535,42.2806
4,2,sample 4 replicate 2,133,7.1,6.6,1.0748,92.9577,42.116
4,2,sample 4 replicate 2,134,7.1,6.65,1.1019,93.662,43.1779
4,2,sample 4 replicate 2,135,7.1,6.7,1.1499,94.3662,45.0588
4,2,sample 4 replicate 2,136,7.1,6.75,1.2126,95.0704,47.5157
4,2,sample 4 replicate 2,137,7.1,6.8,1.3065,95.7746,51.1951
4,2,sample 4 replicate 2,138,7.1,6.85,1.4046,96.4789,55.0392
4,2,sample 4 replicate 2,139,7.1,6.9,1.5632,97.1831,61.2539
4,2,sample 4 replicate 2,140,7.1,6.95,1.7823,97.8873,69.8393
4,2,sample 4 replicate 2,141,7.1,7.0,2.0578,98.5915,80.6348
4,2,sample 4 replicate 2,142,7.1,7.05,2.4919,99.2958,97.645
4,2,sample 4 replicate 2,143,7.1,7.1,3.0387,100.0,119.0713
4,2,sample 4 replicate 2,144,7.1,7.15,3.7274,100.7042,146.058
4,2,sample 4 replicate 2,145,7.1,7.2,4.4996,101.4085,176.3166
4,2,sample 4 replicate 2,146,7.1,7.25,5.397,102.1127,211.4812
4,2,sample 4 replicate 2,147,7.1,7.3,6.38,102.8169,250.0
4,2,sample 4 replicate 2,148,7.1,7.35,7.4047,103.5211,290.1528
4,2,sample 4 replicate 2,149,7.1,7.4,8.5296,104.2254,334.232
5,2,sample 5 replicate 2,1,7.299999999999999,0.0,-0.0271,0.0,-1.0619
5,2,sample 5 replicate 2,2,7.299999999999999,0.05,0.0501,0.6849,1.9632
5,2,sample 5 replicate 2,3,7.299999999999999,0.1,0.0292,1.3699,1.1442
5,2,sample 5 replicate 2,4,7.299999999999999,0.15,0.0334,2.0548,1.3088
5,2,sample 5 replicate 2,5,7.299999999999999,0.2,0.025,2.7397,0.9796
5,2,sample 5 replicate 2,6,7.299999999999999,0.25,0.023,3.4247,0.9013
5,2,sample 5 replicate 2,7,7.299999999999999,0.3,0.0209,4.1096,0.819
5,2,sample 5 replicate 2,8,7.299999999999999,0.35,0.0376,4.7945,1.4734
5,2,sample 5 replicate 2,9,7.299999999999999,0.4,0.0376,5.4795,1.4734
5,2,sample 5 replicate 2,10,7.299999999999999,0.45,0.0522,6.1644,2.0455
5,2,sample 5 replicate 2,11,7.299999999999999,0.5,0.0501,6.8493,1.9632
5,2,sample 5 replicate 2,12,7.299999999999999,0.55,0.0668,7.5342,2.6176
5,2,sample 5 replicate 2,13,7.299999999999999,0.6,0.048,8.2192,1.8809
5,2,sample 5 replicate 2,14,7.299999999999999,0.65,0.071,8.9041,2.7821
5,2,sample 5 replicate 2,15,7.299999999999999,0.7,0.0647,9.589,2.5353
5,2,sample 5 replicate 2,16,7.299999999999999,0.75,0.0793,10.274,3.1074
5,2,sample 5 replicate 2,17,7.299999999999999,0.8,0.0856,10.9589,3.3542
5,2,sample 5 replicate 2,18,7.299999999999999,0.85,0.096,11.6438,3.7618
5,2,sample 5 replicate 2,19,7.299999999999999,0.9,0.0793,12.3288,3.1074
5,2,sample 5 replicate 2,20,7.299999999999999,0.95,0.0939,13.0137,3.6795
5,2,sample 5 replicate 2,21,7.299999999999999,1.0,0.1252,13.6986,4.906
5,2,sample 5 replicate 2,22,7.299999999999999,1.05,0.1377,14.3836,5.3958
5,2,sample 5 replicate 2,23,7.299999999999999,1.1,0.1398,15.0685,5.4781
5,2,sample 5 replicate 2,24,7.299999999999999,1.15,0.1294,15.7534,5.0705
5,2,sample 5 replicate 2,25,7.299999999999999,1.2,0.121,16.4384,4.7414
5,2,sample 5 replicate 2,26,7.299999999999999,1.25,0.1336,17.1233,5.2351
5,2,sample 5 replicate 2,27,7.299999999999999,1.3,0.1085,17.8082,4.2516
5,2,sample 5 replicate 2,28,7.299999999999999,1.35,0.1398,18.4932,5.4781
5,2,sample 5 replicate 2,29,7.299999999999999,1.4,0.1482,19.1781,5.8072
5,2,sample 5 replicate 2,30,7.299999999999999,1.45,0.1774,19.863,6.9514
5,2,sample 5 replicate 2,31,7.299999999999999,1.5,0.1962,20.5479,7.6881
5,2,sample 5 replicate 2,32,7.299999999999999,1.55,0.192,21.2329,7.5235
5,2,sample 5 replicate 2,33,7.299999999999999,1.6,0.2233,21.9178,8.75
5,2,sample 5 replicate 2,34,7.299999999999999,1.65,0.2254,22.6027,8.8323
5,2,sample 5 replicate 2,35,7.299999999999999,1.7,0.2358,23.2877,9.2398
5,2,sample 5 replicate 2,36,7.299999999999999,1.75,0.24,23.9726,9.4044
5,2,sample 5 replicate 2,37,7.299999999999999,1.8,0.263,24.6575,10.3056
5,2,sample 5 replicate 2,38,7.299999999999999,1.85,0.2838,25.3425,11.1207
5,2,sample 5 replicate 2,39,7.299999999999999,1.9,0.2922,26.0274,11.4498
5,2,sample 5 replicate 2,40,7.299999999999999,1.95,0.2964,26.7123,11.6144
5,2,sample 5 replicate 2,41,7.299999999999999,2.0,0.313,27.3973,12.2649
5,2,sample 5 replicate 2,42,7.299999999999999,2.05,0.336,28.0822,13.1661
5,2,sample 5 replicate 2,43,7.299999999999999,2.1,0.3444,28.7671,13.4953
5,2,sample 5 replicate 2,44,7.299999999999999,2.15,0.3673,29.4521,14.3926
5,2,sample 5 replicate 2,45,7.299999999999999,2.2,0.3944,30.137,15.4545
5,2,sample 5 replicate 2,46,7.299999999999999,2.25,0.409,30.8219,16.0266
5,2,sample 5 replicate 2,47,7.299999999999999,2.3,0.4258,31.5068,16.685
5,2,sample 5 replicate 2,48,7.299999999999999,2.35,0.4341,32.1918,17.0102
5,2,sample 5 replicate 2,49,7.299999999999999,2.4,0.4424,32.8767,17.3354
5,2,sample 5 replicate 2,50,7.299999999999999,2.45,0.4529,33.5616,17.7469
5,2,sample 5 replicate 2,51,7.299999999999999,2.5,0.4654,34.2466,18.2367
5,2,sample 5 replicate 2,52,7.299999999999999,2.55,0.4842,34.9315,18.9734
5,2,sample 5 replicate 2,53,7.299999999999999,2.6,0.5134,35.6164,20.1176
5,2,sample 5 replicate 2,54,7.299999999999999,2.65,0.528,36.3014,20.6897
5,2,sample 5 replicate 2,55,7.299999999999999,2.7,0.5531,36.9863,21.6732
5,2,sample 5 replicate 2,56,7.299999999999999,2.75,0.5718,37.6712,22.406
5,2,sample 5 replicate 2,57,7.299999999999999,2.8,0.5885,38.3562,23.0603
5,2,sample 5 replicate 2,58,7.299999999999999,2.85,0.6031,39.0411,23.6324
5,2,sample 5 replicate 2,59,7.299999999999999,2.9,0.6136,39.726,24.0439
5,2,sample 5 replicate 2,60,7.299999999999999,2.95,0.6282,40.411,24.616
5,2,sample 5 replicate 2,61,7.299999999999999,3.0,0.6449,41.0959,25.2704
5,2,sample 5 replicate 2,62,7.299999999999999,3.05,0.6574,41.7808,25.7602
5,2,sample 5 replicate 2,63,7.299999999999999,3.1,0.6741,42.4658,26.4146
5,2,sample 5 replicate 2,64,7.299999999999999,3.15,0.6887,43.1507,26.9867
5,2,sample 5 replicate 2,65,7.299999999999999,3.2,0.6992,43.8356,27.3981
5,2,sample 5 replicate 2,66,7.299999999999999,3.25,0.7138,44.5205,27.9702
5,2,sample 5 replicate 2,67,7.299999999999999,3.3,0.7305,45.2055,28.6246
5,2,sample 5 replicate 2,68,7.299999999999999,3.35,0.7242,45.8904,28.3777
5,2,sample 5 replicate 2,69,7.299999999999999,3.4,0.7305,46.5753,28.6246
5,2,sample 5 replicate 2,70,7.299999999999999,3.45,0.7388,47.2603,28.9498
5,2,sample 5 replicate 2,71,7.299999999999999,3.5,0.7513,47.9452,29.4397
5,2,sample 5 replicate 2,72,7.299999999999999,3.55,0.7618,48.6301,29.8511
5,2,sample 5 replicate 2,73,7.299999999999999,3.6,0.7659,49.3151,30.0118
5,2,sample 5 replicate 2,74,7.299999999999999,3.65,0.7722,50.0,30.2586
5,2,sample 5 replicate 2,75,7.299999999999999,3.7,0.7805,50.6849,30.5839
5,2,sample 5 replicate 2,76,7.299999999999999,3.75,0.7847,51.3699,30.7484
5,2,sample 5 replicate 2,77,7.299999999999999,3.8,0.7931,52.0548,31.0776
5,2,sample 5 replicate 2,78,7.299999999999999,3.85,0.8056,52.7397,31.5674
5,2,sample 5 replicate 2,79,7.299999999999999,3.9,0.816,53.4247,31.9749
5,2,sample 5 replicate 2,80,7.299999999999999,3.95,0.8265,54.1096,32.3864
5,2,sample 5 replicate 2,81,7.299999999999999,4.0,0.8432,54.7945,33.0408
5,2,sample 5 replicate 2,82,7.299999999999999,4.05,0.8536,55.4795,33.4483
5,2,sample 5 replicate 2,83,7.299999999999999,4.1,0.864,56.1644,33.8558
5,2,sample 5 replicate 2,84,7.299999999999999,4.15,0.8765,56.8493,34.3456
5,2,sample 5 replicate 2,85,7.299999999999999,4.2,0.9183,57.5342,35.9835
5,2,sample 5 replicate 2,86,7.299999999999999,4.25,0.9705,58.2192,38.029
5,2,sample 5 replicate 2,87,7.299999999999999,4.3,1.0393,58.9041,40.7249
5,2,sample 5 replicate 2,88,7.299999999999999,4.35,1.0999,59.589,43.0995
5,2,sample 5 replicate 2,89,7.299999999999999,4.4,1.1666,60.274,45.7132
5,2,sample 5 replicate 2,90,7.299999999999999,4.45,0.9579,60.9589,37.5353
5,2,sample 5 replicate 2,91,7.299999999999999,4.5,0.9141,61.6438,35.819
5,2,sample 5 replicate 2,92,7.299999999999999,4.55,0.9225,62.3288,36.1481
5,2,sample 5 replicate 2,93,7.299999999999999,4.6,0.9371,63.0137,36.7202
5,2,sample 5 replicate 2,94,7.299999999999999,4.65,0.9475,63.6986,37.1277
5,2,sample 5 replicate 2,95,7.299999999999999,4.7,0.9579,64.3836,37.5353
5,2,sample 5 replicate 2,96,7.299999999999999,4.75,0.96,65.0685,37.6176
5,2,sample 5 replicate 2,97,7.299999999999999,4.8,0.96,65.7534,37.6176
5,2,sample 5 replicate 2,98,7.299999999999999,4.85,0.9788,66.4384,38.3542
5,2,sample 5 replicate 2,99,7.299999999999999,4.9,0.9809,67.1233,38.4365
5,2,sample 5 replicate 2,100,7.299999999999999,4.95,0.9955,67.8082,39.0086
5,2,sample 5 replicate 2,101,7.299999999999999,5.0,1.0143,68.4932,39.7453
5,2,sample 5 replicate 2,102,7.299999999999999,5.05,1.0352,69.1781,40.5643
5,2,sample 5 replicate 2,103,7.299999999999999,5.1,1.0414,69.863,40.8072
5,2,sample 5 replicate 2,104,7.299999999999999,5.15,1.0644,70.5479,41.7085
5,2,sample 5 replicate 2,105,7.299999999999999,5.2,1.0811,71.2329,42.3629
5,2,sample 5 replicate 2,106,7.299999999999999,5.25,1.0999,71.9178,43.0995
5,2,sample 5 replicate 2,107,7.299999999999999,5.3,1.1103,72.6027,43.5071
5,2,sample 5 replicate 2,108,7.299999999999999,5.35,1.1416,73.2877,44.7335
5,2,sample 5 replicate 2,109,7.299999999999999,5.4,1.1583,73.9726,45.3879
5,2,sample 5 replicate 2,110,7.299999999999999,5.45,1.1875,74.6575,46.5321
5,2,sample 5 replicate 2,111,7.299999999999999,5.5,1.1061,75.3425,43.3425
5,2,sample 5 replicate 2,112,7.299999999999999,5.55,1.104,76.0274,43.2602
5,2,sample 5 replicate 2,113,7.299999999999999,5.6,1.1312,76.7123,44.326
5,2,sample 5 replicate 2,114,7.299999999999999,5.65,1.1541,77.3973,45.2234
5,2,sample 5 replicate 2,115,7.299999999999999,5.7,1.1896,78.0822,46.6144
5,2,sample 5 replicate 2,116,7.299999999999999,5.75,1.2251,78.7671,48.0055
5,2,sample 5 replicate 2,117,7.299999999999999,5.8,1.2731,79.4521,49.8864
5,2,sample 5 replicate 2,118,7.299999999999999,5.85,1.3148,80.137,51.5204
5,2,sample 5 replicate 2,119,7.299999999999999,5.9,1.367,80.8219,53.5658
5,2,sample 5 replicate 2,120,7.299999999999999,5.95,1.3837,81.5068,54.2202
5,2,sample 5 replicate 2,121,7.299999999999999,6.0,1.4609,82.1918,57.2453
5,2,sample 5 replicate 2,122,7.299999999999999,6.05,1.5131,82.8767,59.2908
5,2,sample 5 replicate 2,123,7.299999999999999,6.1,1.582,83.5616,61.9906
5,2,sample 5 replicate 2,124,7.299999999999999,6.15,1.6467,84.2466,64.5259
5,2,sample 5 replicate 2,125,7.299999999999999,6.2,1.7385,84.9315,68.123
5,2,sample 5 replicate 2,126,7.299999999999999,6.25,1.8178,85.6164,71.2304
5,2,sample 5 replicate 2,127,7.299999999999999,6.3,1.9138,86.3014,74.9922
5,2,sample 5 replicate 2,128,7.299999999999999,6.35,1.8512,86.9863,72.5392
5,2,sample 5 replicate 2,129,7.299999999999999,6.4,1.6696,87.6712,65.4232
5,2,sample 5 replicate 2,130,7.299999999999999,6.45,1.559,88.3562,61.0893
5,2,sample 5 replicate 2,131,7.299999999999999,6.5,1.4275,89.0411,55.9365
5,2,sample 5 replicate 2,132,7.299999999999999,6.55,1.2292,89.726,48.1661
5,2,sample 5 replicate 2,133,7.299999999999999,6.6,1.1875,90.411,46.5321
5,2,sample 5 replicate 2,134,7.299999999999999,6.65,1.1729,91.0959,45.96
5,2,sample 5 replicate 2,135,7.299999999999999,6.7,1.1729,91.7808,45.96
5,2,sample 5 replicate 2,136,7.299999999999999,6.75,1.1792,92.4658,46.2069
5,2,sample 5 replicate 2,137,7.299999999999999,6.8,1.2042,93.1507,47.1865
5,2,sample 5 replicate 2,138,7.299999999999999,6.85,1.2439,93.8356,48.7422
5,2,sample 5 replicate 2,139,7.299999999999999,6.9,1.2856,94.5205,50.3762
5,2,sample 5 replicate 2,140,7.299999999999999,6.95,1.3586,95.2055,53.2367
5,2,sample 5 replicate 2,141,7.299999999999999,7.0,1.4693,95.8904,57.5745
5,2,sample 5 replicate 2,142,7.299999999999999,7.05,1.5945,96.5753,62.4804
5,2,sample 5 replicate 2,143,7.299999999999999,7.1,1.7489,97.2603,68.5306
5,2,sample 5 replicate 2,144,7.299999999999999,7.15,1.918,97.9452,75.1567
5,2,sample 5 replicate 2,145,7.299999999999999,7.2,2.135,98.6301,83.6599
5,2,sample 5 replicate 2,146,7.299999999999999,7.25,2.4126,99.3151,94.5376
5,2,sample 5 replicate 2,147,7.299999999999999,7.3,2.7402,100.0,107.3746
5,2,sample 5 replicate 2,148,7.299999999999999,7.35,3.2015,100.6849,125.4506
5,2,sample 5 replicate 2,149,7.299999999999999,7.4,3.8213,101.3699,149.7375
5,2,sample 5 replicate 2,150,7.299999999999999,7.45,4.5205,102.0548,177.1356
5,2,sample 5 replicate 2,151,7.299999999999999,7.5,5.4033,102.7397,211.7281
5,2,sample 5 replicate 2,152,7.299999999999999,7.55,6.2652,103.4247,245.5016
5,2,sample 5 replicate 2,153,7.299999999999999,7.6,7.2899,104.1096,285.6544
5,2,sample 5 replicate 2,154,7.299999999999999,7.65,8.3188,104.7945,325.9718
6,2,sample 6 replicate 2,1,7.1,0.0,-0.0501,0.0,-1.9632
6,2,sample 6 replicate 2,2,7.1,0.05,0.0543,0.7042,2.1277
6,2,sample 6 replicate 2,3,7.1,0.1,0.048,1.4085,1.8809
6,2,sample 6 replicate 2,4,7.1,0.15,0.0647,2.1127,2.5353
6,2,sample 6 replicate 2,5,7.1,0.2,0.0417,2.8169,1.634
6,2,sample 6 replicate 2,6,7.1,0.25,0.0626,3.5211,2.453
6,2,sample 6 replicate 2,7,7.1,0.3,0.0605,4.2254,2.3707
6,2,sample 6 replicate 2,8,7.1,0.35,0.073,4.9296,2.8605
6,2,sample 6 replicate 2,9,7.1,0.4,0.0751,5.6338,2.9428
6,2,sample 6 replicate 2,10,7.1,0.45,0.0751,6.338,2.9428
6,2,sample 6 replicate 2,11,7.1,0.5,0.0689,7.0423,2.6998
6,2,sample 6 replicate 2,12,7.1,0.55,0.0981,7.7465,3.844
6,2,sample 6 replicate 2,13,7.1,0.6,0.0877,8.4507,3.4365
6,2,sample 6 replicate 2,14,7.1,0.65,0.1252,9.1549,4.906
6,2,sample 6 replicate 2,15,7.1,0.7,0.1482,9.8592,5.8072
6,2,sample 6 replicate 2,16,7.1,0.75,0.1586,10.5634,6.2147
6,2,sample 6 replicate 2,17,7.1,0.8,0.169,11.2676,6.6223
6,2,sample 6 replicate 2,18,7.1,0.85,0.1711,11.9718,6.7045
6,2,sample 6 replicate 2,19,7.1,0.9,0.1878,12.6761,7.3589
6,2,sample 6 replicate 2,20,7.1,0.95,0.2087,13.3803,8.1779
6,2,sample 6 replicate 2,21,7.1,1.0,0.2212,14.0845,8.6677
6,2,sample 6 replicate 2,22,7.1,1.05,0.2504,14.7887,9.8119
6,2,sample 6 replicate 2,23,7.1,1.1,0.2859,15.493,11.203
6,2,sample 6 replicate 2,24,7.1,1.15,0.311,16.1972,12.1865
6,2,sample 6 replicate 2,25,7.1,1.2,0.3339,16.9014,13.0839
6,2,sample 6 replicate 2,26,7.1,1.25,0.3485,17.6056,13.656
6,2,sample 6 replicate 2,27,7.1,1.3,0.3652,18.3099,14.3103
6,2,sample 6 replicate 2,28,7.1,1.35,0.3903,19.0141,15.2939
6,2,sample 6 replicate 2,29,7.1,1.4,0.3965,19.7183,15.5368
6,2,sample 6 replicate 2,30,7.1,1.45,0.407,20.4225,15.9483
6,2,sample 6 replicate 2,31,7.1,1.5,0.4258,21.1268,16.685
6,2,sample 6 replicate 2,32,7.1,1.55,0.432,21.831,16.9279
6,2,sample 6 replicate 2,33,7.1,1.6,0.4404,22.5352,17.2571
6,2,sample 6 replicate 2,34,7.1,1.65,0.4445,23.2394,17.4177
6,2,sample 6 replicate 2,35,7.1,1.7,0.4571,23.9437,17.9114
6,2,sample 6 replicate 2,36,7.1,1.75,0.4737,24.6479,18.5619
6,2,sample 6 replicate 2,37,7.1,1.8,0.4884,25.3521,19.1379
6,2,sample 6 replicate 2,38,7.1,1.85,0.5051,26.0563,19.7923
6,2,sample 6 replicate 2,39,7.1,1.9,0.5489,26.7606,21.5086
6,2,sample 6 replicate 2,40,7.1,1.95,0.5677,27.4648,22.2453
6,2,sample 6 replicate 2,41,7.1,2.0,0.5885,28.169,23.0603
6,2,sample 6 replicate 2,42,7.1,2.05,0.6115,28.8732,23.9616
6,2,sample 6 replicate 2,43,7.1,2.1,0.6407,29.5775,25.1058
6,2,sample 6 replicate 2,44,7.1,2.15,0.6699,30.2817,26.25
6,2,sample 6 replicate 2,45,7.1,2.2,0.695,30.9859,27.2335
6,2,sample 6 replicate 2,46,7.1,2.25,0.7284,31.6901,28.5423
6,2,sample 6 replicate 2,47,7.1,2.3,0.7597,32.3944,29.7688
6,2,sample 6 replicate 2,48,7.1,2.35,0.8014,33.0986,31.4028
6,2,sample 6 replicate 2,49,7.1,2.4,0.839,33.8028,32.8762
6,2,sample 6 replicate 2,50,7.1,2.45,0.8682,34.507,34.0204
6,2,sample 6 replicate 2,51,7.1,2.5,0.8932,35.2113,35.0
6,2,sample 6 replicate 2,52,7.1,2.55,0.9412,35.9155,36.8809
6,2,sample 6 replicate 2,53,7.1,2.6,0.9705,36.6197,38.029
6,2,sample 6 replicate 2,54,7.1,2.65,0.9976,37.3239,39.0909
6,2,sample 6 replicate 2,55,7.1,2.7,1.0435,38.0282,40.8895
6,2,sample 6 replicate 2,56,7.1,2.75,1.0769,38.7324,42.1983
6,2,sample 6 replicate 2,57,7.1,2.8,1.1061,39.4366,43.3425
6,2,sample 6 replicate 2,58,7.1,2.85,1.1019,40.1408,43.1779
6,2,sample 6 replicate 2,59,7.1,2.9,1.0059,40.8451,39.4161
6,2,sample 6 replicate 2,60,7.1,2.95,0.9204,41.5493,36.0658
6,2,sample 6 replicate 2,61,7.1,3.0,0.864,42.2535,33.8558
6,2,sample 6 replicate 2,62,7.1,3.05,0.8494,42.9577,33.2837
6,2,sample 6 replicate 2,63,7.1,3.1,0.8348,43.662,32.7116
6,2,sample 6 replicate 2,64,7.1,3.15,0.8244,44.3662,32.3041
6,2,sample 6 replicate 2,65,7.1,3.2,0.8265,45.0704,32.3864
6,2,sample 6 replicate 2,66,7.1,3.25,0.8265,45.7746,32.3864
6,2,sample 6 replicate 2,67,7.1,3.3,0.8327,46.4789,32.6293
6,2,sample 6 replicate 2,68,7.1,3.35,0.839,47.1831,32.8762
6,2,sample 6 replicate 2,69,7.1,3.4,0.8515,47.8873,33.366
6,2,sample 6 replicate 2,70,7.1,3.45,0.8682,48.5915,34.0204
6,2,sample 6 replicate 2,71,7.1,3.5,0.8786,49.2958,34.4279
6,2,sample 6 replicate 2,72,7.1,3.55,0.887,50.0,34.7571
6,2,sample 6 replicate 2,73,7.1,3.6,0.8932,50.7042,35.0
6,2,sample 6 replicate 2,74,7.1,3.65,0.8953,51.4085,35.0823
6,2,sample 6 replicate 2,75,7.1,3.7,0.9058,52.1127,35.4937
6,2,sample 6 replicate 2,76,7.1,3.75,0.9266,52.8169,36.3088
6,2,sample 6 replicate 2,77,7.1,3.8,0.9392,53.5211,36.8025
6,2,sample 6 replicate 2,78,7.1,3.85,0.9371,54.2254,36.7202
6,2,sample 6 replicate 2,79,7.1,3.9,0.9392,54.9296,36.8025
6,2,sample 6 replicate 2,80,7.1,3.95,0.9621,55.6338,37.6998
6,2,sample 6 replicate 2,81,7.1,4.0,0.9767,56.338,38.2719
6,2,sample 6 replicate 2,82,7.1,4.05,0.9851,57.0423,38.6011
6,2,sample 6 replicate 2,83,7.1,4.1,1.008,57.7465,39.4984
6,2,sample 6 replicate 2,84,7.1,4.15,1.0247,58.4507,40.1528
6,2,sample 6 replicate 2,85,7.1,4.2,1.0331,59.1549,40.482
6,2,sample 6 replicate 2,86,7.1,4.25,1.0644,59.8592,41.7085
6,2,sample 6 replicate 2,87,7.1,4.3,1.0852,60.5634,42.5235
6,2,sample 6 replicate 2,88,7.1,4.35,1.1061,61.2676,43.3425
6,2,sample 6 replicate 2,89,7.1,4.4,1.1228,61.9718,43.9969
6,2,sample 6 replicate 2,90,7.1,4.45,1.1374,62.6761,44.569
6,2,sample 6 replicate 2,91,7.1,4.5,1.1562,63.3803,45.3056
6,2,sample 6 replicate 2,92,7.1,4.55,1.1833,64.0845,46.3676
6,2,sample 6 replicate 2,93,7.1,4.6,1.1771,64.7887,46.1246
6,2,sample 6 replicate 2,94,7.1,4.65,1.1917,65.493,46.6967
6,2,sample 6 replicate 2,95,7.1,4.7,1.2105,66.1972,47.4334
6,2,sample 6 replicate 2,96,7.1,4.75,1.2251,66.9014,48.0055
6,2,sample 6 replicate 2,97,7.1,4.8,1.2397,67.6056,48.5776
6,2,sample 6 replicate 2,98,7.1,4.85,1.2564,68.3099,49.232
6,2,sample 6 replicate 2,99,7.1,4.9,1.2835,69.0141,50.2939
6,2,sample 6 replicate 2,100,7.1,4.95,1.3023,69.7183,51.0306
6,2,sample 6 replicate 2,101,7.1,5.0,1.3169,70.4225,51.6027
6,2,sample 6 replicate 2,102,7.1,5.05,1.3524,71.1268,52.9937
6,2,sample 6 replicate 2,103,7.1,5.1,1.367,71.831,53.5658
6,2,sample 6 replicate 2,104,7.1,5.15,1.39,72.5352,54.4671
6,2,sample 6 replicate 2,105,7.1,5.2,1.415,73.2394,55.4467
6,2,sample 6 replicate 2,106,7.1,5.25,1.438,73.9437,56.348
6,2,sample 6 replicate 2,107,7.1,5.3,1.2773,74.6479,50.0509
6,2,sample 6 replicate 2,108,7.1,5.35,1.3586,75.3521,53.2367
6,2,sample 6 replicate 2,109,7.1,5.4,1.4317,76.0563,56.1011
6,2,sample 6 replicate 2,110,7.1,5.45,1.4213,76.7606,55.6936
6,2,sample 6 replicate 2,111,7.1,5.5,1.5047,77.4648,58.9616
6,2,sample 6 replicate 2,112,7.1,5.55,1.5319,78.169,60.0274
6,2,sample 6 replicate 2,113,7.1,5.6,1.5882,78.8732,62.2335
6,2,sample 6 replicate 2,114,7.1,5.65,1.6341,79.5775,64.0321
6,2,sample 6 replicate 2,115,7.1,5.7,1.703,80.2817,66.732
6,2,sample 6 replicate 2,116,7.1,5.75,1.776,80.9859,69.5925
6,2,sample 6 replicate 2,117,7.1,5.8,1.8449,81.6901,72.2923
6,2,sample 6 replicate 2,118,7.1,5.85,1.9388,82.3944,75.9718
6,2,sample 6 replicate 2,119,7.1,5.9,2.0286,83.0986,79.4906
6,2,sample 6 replicate 2,120,7.1,5.95,2.135,83.8028,83.6599
6,2,sample 6 replicate 2,121,7.1,6.0,2.2373,84.507,87.6685
6,2,sample 6 replicate 2,122,7.1,6.05,2.3604,85.2113,92.4922
6,2,sample 6 replicate 2,123,7.1,6.1,2.5086,85.9155,98.2994
6,2,sample 6 replicate 2,124,7.1,6.15,2.6568,86.6197,104.1066
6,2,sample 6 replicate 2,125,7.1,6.2,2.7862,87.3239,109.1771
6,2,sample 6 replicate 2,126,7.1,6.25,2.615,88.0282,102.4687
6,2,sample 6 replicate 2,127,7.1,6.3,2.2143,88.7324,86.7672
6,2,sample 6 replicate 2,128,7.1,6.35,1.7093,89.4366,66.9788
6,2,sample 6 replicate 2,129,7.1,6.4,1.5715,90.1408,61.5792
6,2,sample 6 replicate 2,130,7.1,6.45,1.5173,90.8451,59.4553
6,2,sample 6 replicate 2,131,7.1,6.5,1.511,91.5493,59.2085
6,2,sample 6 replicate 2,132,7.1,6.55,1.5381,92.2535,60.2704
6,2,sample 6 replicate 2,133,7.1,6.6,1.5611,92.9577,61.1716
6,2,sample 6 replicate 2,134,7.1,6.65,1.5861,93.662,62.1513
6,2,sample 6 replicate 2,135,7.1,6.7,1.6926,94.3662,66.3245
6,2,sample 6 replicate 2,136,7.1,6.75,1.8491,95.0704,72.4569
6,2,sample 6 replicate 2,137,7.1,6.8,2.0453,95.7746,80.145
6,2,sample 6 replicate 2,138,7.1,6.85,2.2728,96.4789,89.0596
6,2,sample 6 replicate 2,139,7.1,6.9,2.542,97.1831,99.6082
6,2,sample 6 replicate 2,140,7.1,6.95,2.8738,97.8873,112.6097
6,2,sample 6 replicate 2,141,7.1,7.0,3.3017,98.5915,129.377
6,2,sample 6 replicate 2,142,7.1,7.05,3.8798,99.2958,152.0298
6,2,sample 6 replicate 2,143,7.1,7.1,4.5351,100.0,177.7077
6,2,sample 6 replicate 2,144,7.1,7.15,5.3511,100.7042,209.6826
6,2,sample 6 replicate 2,145,7.1,7.2,6.2089,101.4085,243.2955
6,2,sample 6 replicate 2,146,7.1,7.25,7.0959,102.1127,278.0525
6,2,sample 6 replicate 2,147,7.1,7.3,8.0747,102.8169,316.4067
4,3,sample 4 replicate 3,1,5.300000000000001,0.0,0.0,0.0,0.0
4,3,sample 4 replicate 3,2,5.300000000000001,0.05,0.023,0.9434,0.9013
4,3,sample 4 replicate 3,3,5.300000000000001,0.1,0.048,1.8868,1.8809
4,3,sample 4 replicate 3,4,5.300000000000001,0.15,0.0689,2.8302,2.6998
4,3,sample 4 replicate 3,5,5.300000000000001,0.2,0.0918,3.7736,3.5972
4,3,sample 4 replicate 3,6,5.300000000000001,0.25,0.1085,4.717,4.2516
4,3,sample 4 replicate 3,7,5.300000000000001,0.3,0.121,5.6604,4.7414
4,3,sample 4 replicate 3,8,5.300000000000001,0.35,0.1377,6.6038,5.3958
4,3,sample 4 replicate 3,9,5.300000000000001,0.4,0.1586,7.5472,6.2147
4,3,sample 4 replicate 3,10,5.300000000000001,0.45,0.1753,8.4906,6.8691
4,3,sample 4 replicate 3,11,5.300000000000001,0.5,0.1878,9.434,7.3589
4,3,sample 4 replicate 3,12,5.300000000000001,0.55,0.2066,10.3774,8.0956
4,3,sample 4 replicate 3,13,5.300000000000001,0.6,0.2254,11.3208,8.8323
4,3,sample 4 replicate 3,14,5.300000000000001,0.65,0.2504,12.2642,9.8119
4,3,sample 4 replicate 3,15,5.300000000000001,0.7,0.2776,13.2075,10.8777
4,3,sample 4 replicate 3,16,5.300000000000001,0.75,0.2964,14.1509,11.6144
4,3,sample 4 replicate 3,17,5.300000000000001,0.8,0.3047,15.0943,11.9397
4,3,sample 4 replicate 3,18,5.300000000000001,0.85,0.3235,16.0377,12.6763
4,3,sample 4 replicate 3,19,5.300000000000001,0.9,0.3464,16.9811,13.5737
4,3,sample 4 replicate 3,20,5.300000000000001,0.95,0.3652,17.9245,14.3103
4,3,sample 4 replicate 3,21,5.300000000000001,1.0,0.3903,18.8679,15.2939
4,3,sample 4 replicate 3,22,5.300000000000001,1.05,0.4216,19.8113,16.5204
4,3,sample 4 replicate 3,23,5.300000000000001,1.1,0.4466,20.7547,17.5
4,3,sample 4 replicate 3,24,5.300000000000001,1.15,0.4737,21.6981,18.5619
4,3,sample 4 replicate 3,25,5.300000000000001,1.2,0.5176,22.6415,20.2821
4,3,sample 4 replicate 3,26,5.300000000000001,1.25,0.5447,23.5849,21.344
4,3,sample 4 replicate 3,27,5.300000000000001,1.3,0.5718,24.5283,22.406
4,3,sample 4 replicate 3,28,5.300000000000001,1.35,0.5927,25.4717,23.2249
4,3,sample 4 replicate 3,29,5.300000000000001,1.4,0.6115,26.4151,23.9616
4,3,sample 4 replicate 3,30,5.300000000000001,1.45,0.6428,27.3585,25.1881
4,3,sample 4 replicate 3,31,5.300000000000001,1.5,0.672,28.3019,26.3323
4,3,sample 4 replicate 3,32,5.300000000000001,1.55,0.6971,29.2453,27.3158
4,3,sample 4 replicate 3,33,5.300000000000001,1.6,0.7284,30.1887,28.5423
4,3,sample 4 replicate 3,34,5.300000000000001,1.65,0.7597,31.1321,29.7688
4,3,sample 4 replicate 3,35,5.300000000000001,1.7,0.7826,32.0755,30.6661
4,3,sample 4 replicate 3,36,5.300000000000001,1.75,0.8098,33.0189,31.732
4,3,sample 4 replicate 3,37,5.300000000000001,1.8,0.8348,33.9623,32.7116
4,3,sample 4 replicate 3,38,5.300000000000001,1.85,0.8619,34.9057,33.7735
4,3,sample 4 replicate 3,39,5.300000000000001,1.9,0.8912,35.8491,34.9216
4,3,sample 4 replicate 3,40,5.300000000000001,1.95,0.9266,36.7925,36.3088
4,3,sample 4 replicate 3,41,5.300000000000001,2.0,0.9496,37.7358,37.21
4,3,sample 4 replicate 3,42,5.300000000000001,2.05,0.9872,38.6792,38.6834
4,3,sample 4 replicate 3,43,5.300000000000001,2.1,1.0101,39.6226,39.5807
4,3,sample 4 replicate 3,44,5.300000000000001,2.15,1.0519,40.566,41.2187
4,3,sample 4 replicate 3,45,5.300000000000001,2.2,1.079,41.5094,42.2806
4,3,sample 4 replicate 3,46,5.300000000000001,2.25,1.1207,42.4528,43.9146
4,3,sample 4 replicate 3,47,5.300000000000001,2.3,1.1479,43.3962,44.9804
4,3,sample 4 replicate 3,48,5.300000000000001,2.35,1.1792,44.3396,46.2069
4,3,sample 4 replicate 3,49,5.300000000000001,2.4,1.2021,45.283,47.1042
4,3,sample 4 replicate 3,50,5.300000000000001,2.45,1.2397,46.2264,48.5776
4,3,sample 4 replicate 3,51,5.300000000000001,2.5,1.2606,47.1698,49.3966
4,3,sample 4 replicate 3,52,5.300000000000001,2.55,1.2919,48.1132,50.623
4,3,sample 4 replicate 3,53,5.300000000000001,2.6,1.3106,49.0566,51.3558
4,3,sample 4 replicate 3,54,5.300000000000001,2.65,1.344,50.0,52.6646
4,3,sample 4 replicate 3,55,5.300000000000001,2.7,1.3753,50.9434,53.8911
4,3,sample 4 replicate 3,56,5.300000000000001,2.75,1.4025,51.8868,54.9569
4,3,sample 4 replicate 3,57,5.300000000000001,2.8,1.4192,52.8302,55.6113
4,3,sample 4 replicate 3,58,5.300000000000001,2.85,1.463,53.7736,57.3276
4,3,sample 4 replicate 3,59,5.300000000000001,2.9,1.4755,54.717,57.8174
4,3,sample 4 replicate 3,60,5.300000000000001,2.95,1.5047,55.6604,58.9616
4,3,sample 4 replicate 3,61,5.300000000000001,3.0,1.5277,56.6038,59.8629
4,3,sample 4 replicate 3,62,5.300000000000001,3.05,1.5548,57.5472,60.9248
4,3,sample 4 replicate 3,63,5.300000000000001,3.1,1.5736,58.4906,61.6614
4,3,sample 4 replicate 3,64,5.300000000000001,3.15,1.5966,59.434,62.5627
4,3,sample 4 replicate 3,65,5.300000000000001,3.2,1.6195,60.3774,63.46
4,3,sample 4 replicate 3,66,5.300000000000001,3.25,1.6425,61.3208,64.3613
4,3,sample 4 replicate 3,67,5.300000000000001,3.3,1.6759,62.2642,65.6701
4,3,sample 4 replicate 3,68,5.300000000000001,3.35,1.7072,63.2075,66.8966
4,3,sample 4 replicate 3,69,5.300000000000001,3.4,1.7447,64.1509,68.366
4,3,sample 4 replicate 3,70,5.300000000000001,3.45,1.7698,65.0943,69.3495
4,3,sample 4 replicate 3,71,5.300000000000001,3.5,1.822,66.0377,71.395
4,3,sample 4 replicate 3,72,5.300000000000001,3.55,1.8512,66.9811,72.5392
4,3,sample 4 replicate 3,73,5.300000000000001,3.6,1.9075,67.9245,74.7453
4,3,sample 4 replicate 3,74,5.300000000000001,3.65,1.966,68.8679,77.0376
4,3,sample 4 replicate 3,75,5.300000000000001,3.7,1.87,69.8113,73.2759
4,3,sample 4 replicate 3,76,5.300000000000001,3.75,1.9806,70.7547,77.6097
4,3,sample 4 replicate 3,77,5.300000000000001,3.8,2.0766,71.6981,81.3715
4,3,sample 4 replicate 3,78,5.300000000000001,3.85,2.158,72.6415,84.5611
4,3,sample 4 replicate 3,79,5.300000000000001,3.9,2.2248,73.5849,87.1787
4,3,sample 4 replicate 3,80,5.300000000000001,3.95,2.2999,74.5283,90.1215
4,3,sample 4 replicate 3,81,5.300000000000001,4.0,2.3917,75.4717,93.7187
4,3,sample 4 replicate 3,82,5.300000000000001,4.05,2.4815,76.4151,97.2375
4,3,sample 4 replicate 3,83,5.300000000000001,4.1,2.567,77.3585,100.5878
4,3,sample 4 replicate 3,84,5.300000000000001,4.15,2.6797,78.3019,105.0039
4,3,sample 4 replicate 3,85,5.300000000000001,4.2,2.8321,79.2453,110.9757
4,3,sample 4 replicate 3,86,5.300000000000001,4.25,2.974,80.1887,116.5361
4,3,sample 4 replicate 3,87,5.300000000000001,4.3,2.855,81.1321,111.873
4,3,sample 4 replicate 3,88,5.300000000000001,4.35,3.0783,82.0755,120.623
4,3,sample 4 replicate 3,89,5.300000000000001,4.4,3.3789,83.0189,132.402
4,3,sample 4 replicate 3,90,5.300000000000001,4.45,3.6878,83.9623,144.5063
4,3,sample 4 replicate 3,91,5.300000000000001,4.5,3.9591,84.9057,155.1371
4,3,sample 4 replicate 3,92,5.300000000000001,4.55,4.2387,85.8491,166.0933
4,3,sample 4 replicate 3,93,5.300000000000001,4.6,4.5685,86.7925,179.0165
4,3,sample 4 replicate 3,94,5.300000000000001,4.65,4.9024,87.7358,192.1003
4,3,sample 4 replicate 3,95,5.300000000000001,4.7,5.2739,88.6792,206.6575
4,3,sample 4 replicate 3,96,5.300000000000001,4.75,5.6099,89.6226,219.8237
4,3,sample 4 replicate 3,97,5.300000000000001,4.8,6.0356,90.566,236.5047
4,3,sample 4 replicate 3,98,5.300000000000001,4.85,6.4844,91.5094,254.0909
4,3,sample 4 replicate 3,99,5.300000000000001,4.9,6.883,92.4528,269.71
4,3,sample 4 replicate 3,100,5.300000000000001,4.95,7.3839,93.3962,289.3378
4,3,sample 4 replicate 3,101,5.300000000000001,5.0,7.9223,94.3396,310.435
4,3,sample 4 replicate 3,102,5.300000000000001,5.05,8.419,95.283,329.8981
5,3,sample 5 replicate 3,1,5.949999999999999,0.0,-0.0188,0.0,-0.7367
5,3,sample 5 replicate 3,2,5.949999999999999,0.05,-0.0021,0.8403,-0.0823
5,3,sample 5 replicate 3,3,5.949999999999999,0.1,0.023,1.6807,0.9013
5,3,sample 5 replicate 3,4,5.949999999999999,0.15,0.0605,2.521,2.3707
5,3,sample 5 replicate 3,5,5.949999999999999,0.2,0.1085,3.3613,4.2516
5,3,sample 5 replicate 3,6,5.949999999999999,0.25,0.1586,4.2017,6.2147
5,3,sample 5 replicate 3,7,5.949999999999999,0.3,0.1983,5.042,7.7704
5,3,sample 5 replicate 3,8,5.949999999999999,0.35,0.2463,5.8824,9.6513
5,3,sample 5 replicate 3,9,5.949999999999999,0.4,0.2838,6.7227,11.1207
5,3,sample 5 replicate 3,10,5.949999999999999,0.45,0.3256,7.563,12.7586
5,3,sample 5 replicate 3,11,5.949999999999999,0.5,0.3611,8.4034,14.1497
5,3,sample 5 replicate 3,12,5.949999999999999,0.55,0.4174,9.2437,16.3558
5,3,sample 5 replicate 3,13,5.949999999999999,0.6,0.4508,10.084,17.6646
5,3,sample 5 replicate 3,14,5.949999999999999,0.65,0.5092,10.9244,19.953
5,3,sample 5 replicate 3,15,5.949999999999999,0.7,0.5698,11.7647,22.3276
5,3,sample 5 replicate 3,16,5.949999999999999,0.75,0.6198,12.605,24.2868
5,3,sample 5 replicate 3,17,5.949999999999999,0.8,0.6699,13.4454,26.25
5,3,sample 5 replicate 3,18,5.949999999999999,0.85,0.7096,14.2857,27.8056
5,3,sample 5 replicate 3,19,5.949999999999999,0.9,0.7534,15.1261,29.5219
5,3,sample 5 replicate 3,20,5.949999999999999,0.95,0.8098,15.9664,31.732
5,3,sample 5 replicate 3,21,5.949999999999999,1.0,0.8682,16.8067,34.0204
5,3,sample 5 replicate 3,22,5.949999999999999,1.05,0.9287,17.6471,36.3911
5,3,sample 5 replicate 3,23,5.949999999999999,1.1,0.9767,18.4874,38.2719
5,3,sample 5 replicate 3,24,5.949999999999999,1.15,1.0226,19.3277,40.0705
5,3,sample 5 replicate 3,25,5.949999999999999,1.2,1.0686,20.1681,41.873
5,3,sample 5 replicate 3,26,5.949999999999999,1.25,1.0957,21.0084,42.935
5,3,sample 5 replicate 3,27,5.949999999999999,1.3,1.1708,21.8487,45.8777
5,3,sample 5 replicate 3,28,5.949999999999999,1.35,1.2626,22.6891,49.4749
5,3,sample 5 replicate 3,29,5.949999999999999,1.4,1.3503,23.5294,52.9114
5,3,sample 5 replicate 3,30,5.949999999999999,1.45,1.4588,24.3697,57.163
5,3,sample 5 replicate 3,31,5.949999999999999,1.5,1.5569,25.2101,61.0071
5,3,sample 5 replicate 3,32,5.949999999999999,1.55,1.6383,26.0504,64.1967
5,3,sample 5 replicate 3,33,5.949999999999999,1.6,1.7239,26.8908,67.5509
5,3,sample 5 replicate 3,34,5.949999999999999,1.65,1.7927,27.7311,70.2469
5,3,sample 5 replicate 3,35,5.949999999999999,1.7,1.87,28.5714,73.2759
5,3,sample 5 replicate 3,36,5.949999999999999,1.75,1.9201,29.4118,75.239
5,3,sample 5 replicate 3,37,5.949999999999999,1.8,1.9555,30.2521,76.6262
5,3,sample 5 replicate 3,38,5.949999999999999,1.85,1.9493,31.0924,76.3832
5,3,sample 5 replicate 3,39,5.949999999999999,1.9,1.9618,31.9328,76.873
5,3,sample 5 replicate 3,40,5.949999999999999,1.95,1.9701,32.7731,77.1983
5,3,sample 5 replicate 3,41,5.949999999999999,2.0,1.9597,33.6134,76.7908
5,3,sample 5 replicate 3,42,5.949999999999999,2.05,1.9305,34.4538,75.6466
5,3,sample 5 replicate 3,43,5.949999999999999,2.1,1.9159,35.2941,75.0745
5,3,sample 5 replicate 3,44,5.949999999999999,2.15,1.7886,36.1345,70.0862
5,3,sample 5 replicate 3,45,5.949999999999999,2.2,1.7573,36.9748,68.8597
5,3,sample 5 replicate 3,46,5.949999999999999,2.25,1.7134,37.8151,67.1395
5,3,sample 5 replicate 3,47,5.949999999999999,2.3,1.6884,38.6555,66.1599
5,3,sample 5 replicate 3,48,5.949999999999999,2.35,1.6717,39.4958,65.5055
5,3,sample 5 replicate 3,49,5.949999999999999,2.4,1.6592,40.3361,65.0157
5,3,sample 5 replicate 3,50,5.949999999999999,2.45,1.6529,41.1765,64.7688
5,3,sample 5 replicate 3,51,5.949999999999999,2.5,1.6613,42.0168,65.098
5,3,sample 5 replicate 3,52,5.949999999999999,2.55,1.6738,42.8571,65.5878
5,3,sample 5 replicate 3,53,5.949999999999999,2.6,1.6947,43.6975,66.4067
5,3,sample 5 replicate 3,54,5.949999999999999,2.65,1.7155,44.5378,67.2218
5,3,sample 5 replicate 3,55,5.949999999999999,2.7,1.7301,45.3782,67.7939
5,3,sample 5 replicate 3,56,5.949999999999999,2.75,1.7489,46.2185,68.5306
5,3,sample 5 replicate 3,57,5.949999999999999,2.8,1.7656,47.0588,69.185
5,3,sample 5 replicate 3,58,5.949999999999999,2.85,1.7886,47.8992,70.0862
5,3,sample 5 replicate 3,59,5.949999999999999,2.9,1.8157,48.7395,71.1481
5,3,sample 5 replicate 3,60,5.949999999999999,2.95,1.822,49.5798,71.395
5,3,sample 5 replicate 3,61,5.949999999999999,3.0,1.8387,50.4202,72.0494
5,3,sample 5 replicate 3,62,5.949999999999999,3.05,1.87,51.2605,73.2759
5,3,sample 5 replicate 3,63,5.949999999999999,3.1,1.8908,52.1008,74.0909
5,3,sample 5 replicate 3,64,5.949999999999999,3.15,1.9221,52.9412,75.3174
5,3,sample 5 replicate 3,65,5.949999999999999,3.2,1.9493,53.7815,76.3832
5,3,sample 5 replicate 3,66,5.949999999999999,3.25,1.9722,54.6218,77.2806
5,3,sample 5 replicate 3,67,5.949999999999999,3.3,2.0035,55.4622,78.5071
5,3,sample 5 replicate 3,68,5.949999999999999,3.35,2.0244,56.3025,79.326
5,3,sample 5 replicate 3,69,5.949999999999999,3.4,2.0578,57.1429,80.6348
5,3,sample 5 replicate 3,70,5.949999999999999,3.45,2.0954,57.9832,82.1082
5,3,sample 5 replicate 3,71,5.949999999999999,3.5,2.1204,58.8235,83.0878
5,3,sample 5 replicate 3,72,5.949999999999999,3.55,2.1559,59.6639,84.4788
5,3,sample 5 replicate 3,73,5.949999999999999,3.6,2.1788,60.5042,85.3762
5,3,sample 5 replicate 3,74,5.949999999999999,3.65,2.2081,61.3445,86.5243
5,3,sample 5 replicate 3,75,5.949999999999999,3.7,2.2373,62.1849,87.6685
5,3,sample 5 replicate 3,76,5.949999999999999,3.75,2.2748,63.0252,89.1379
5,3,sample 5 replicate 3,77,5.949999999999999,3.8,2.327,63.8655,91.1834
5,3,sample 5 replicate 3,78,5.949999999999999,3.85,2.3688,64.7059,92.8213
5,3,sample 5 replicate 3,79,5.949999999999999,3.9,2.4147,65.5462,94.6199
5,3,sample 5 replicate 3,80,5.949999999999999,3.95,2.4648,66.3866,96.5831
5,3,sample 5 replicate 3,81,5.949999999999999,4.0,2.5128,67.2269,98.4639
5,3,sample 5 replicate 3,82,5.949999999999999,4.05,2.5649,68.0672,100.5055
5,3,sample 5 replicate 3,83,5.949999999999999,4.1,2.6275,68.9076,102.9585
5,3,sample 5 replicate 3,84,5.949999999999999,4.15,2.4481,69.7479,95.9287
5,3,sample 5 replicate 3,85,5.949999999999999,4.2,2.4564,70.5882,96.2539
5,3,sample 5 replicate 3,86,5.949999999999999,4.25,2.5044,71.4286,98.1348
5,3,sample 5 replicate 3,87,5.949999999999999,4.3,2.5754,72.2689,100.9169
5,3,sample 5 replicate 3,88,5.949999999999999,4.35,2.6651,73.1092,104.4318
5,3,sample 5 replicate 3,89,5.949999999999999,4.4,2.7611,73.9496,108.1936
5,3,sample 5 replicate 3,90,5.949999999999999,4.45,2.8655,74.7899,112.2845
5,3,sample 5 replicate 3,91,5.949999999999999,4.5,2.9782,75.6303,116.7006
5,3,sample 5 replicate 3,92,5.949999999999999,4.55,3.095,76.4706,121.2774
5,3,sample 5 replicate 3,93,5.949999999999999,4.6,3.2432,77.3109,127.0846
5,3,sample 5 replicate 3,94,5.949999999999999,4.65,3.3935,78.1513,132.9741
5,3,sample 5 replicate 3,95,5.949999999999999,4.7,3.5396,78.9916,138.6991
5,3,sample 5 replicate 3,96,5.949999999999999,4.75,3.7086,79.8319,145.3213
5,3,sample 5 replicate 3,97,5.949999999999999,4.8,3.9111,80.6723,153.2563
5,3,sample 5 replicate 3,98,5.949999999999999,4.85,4.0885,81.5126,160.2077
5,3,sample 5 replicate 3,99,5.949999999999999,4.9,4.2805,82.3529,167.7312
5,3,sample 5 replicate 3,100,5.949999999999999,4.95,4.4829,83.1933,175.6622
5,3,sample 5 replicate 3,101,5.949999999999999,5.0,4.7918,84.0336,187.7665
5,3,sample 5 replicate 3,102,5.949999999999999,5.05,5.084,84.8739,199.2163
5,3,sample 5 replicate 3,103,5.949999999999999,5.1,5.3761,85.7143,210.6622
5,3,sample 5 replicate 3,104,5.949999999999999,5.15,5.6955,86.5546,223.1779
5,3,sample 5 replicate 3,105,5.949999999999999,5.2,6.044,87.395,236.8339
5,3,sample 5 replicate 3,106,5.949999999999999,5.25,6.3654,88.2353,249.4279
5,3,sample 5 replicate 3,107,5.949999999999999,5.3,6.7536,89.0756,264.6395
5,3,sample 5 replicate 3,108,5.949999999999999,5.35,7.1418,89.916,279.8511
5,3,sample 5 replicate 3,109,5.949999999999999,5.4,7.5133,90.7563,294.4083
5,3,sample 5 replicate 3,110,5.949999999999999,5.45,5.5368,91.5966,216.9592
5,3,sample 5 replicate 3,111,5.949999999999999,5.5,4.2095,92.437,164.9491
5,3,sample 5 replicate 3,112,5.949999999999999,5.55,3.6794,93.2773,144.1771
5,3,sample 5 replicate 3,113,5.949999999999999,5.6,3.3747,94.1176,132.2375
5,3,sample 5 replicate 3,114,5.949999999999999,5.65,3.3288,94.958,130.4389
5,3,sample 5 replicate 3,115,5.949999999999999,5.7,3.5458,95.7983,138.942
5,3,sample 5 replicate 3,116,5.949999999999999,5.75,3.8255,96.6387,149.902
5,3,sample 5 replicate 3,117,5.949999999999999,5.8,4.1782,97.479,163.7226
5,3,sample 5 replicate 3,118,5.949999999999999,5.85,4.5789,98.3193,179.424
5,3,sample 5 replicate 3,119,5.949999999999999,5.9,5.0777,99.1597,198.9694
5,3,sample 5 replicate 3,120,5.949999999999999,5.95,5.6975,100.0,223.2563
5,3,sample 5 replicate 3,121,5.949999999999999,6.0,6.3654,100.8403,249.4279
5,3,sample 5 replicate 3,122,5.949999999999999,6.05,7.0771,101.6807,277.3158
5,3,sample 5 replicate 3,123,5.949999999999999,6.1,7.9202,102.521,310.3527
5,3,sample 5 replicate 3,124,5.949999999999999,6.15,8.7613,103.3613,343.3111
6,3,sample 6 replicate 3,1,7.0,0.0,0.0042,0.0,0.1646
6,3,sample 6 replicate 3,2,7.0,0.05,0.0292,0.7143,1.1442
6,3,sample 6 replicate 3,3,7.0,0.1,0.0564,1.4286,2.21
6,3,sample 6 replicate 3,4,7.0,0.15,0.0772,2.1429,3.0251
6,3,sample 6 replicate 3,5,7.0,0.2,0.1002,2.8571,3.9263
6,3,sample 6 replicate 3,6,7.0,0.25,0.121,3.5714,4.7414
6,3,sample 6 replicate 3,7,7.0,0.3,0.1315,4.2857,5.1528
6,3,sample 6 replicate 3,8,7.0,0.35,0.1357,5.0,5.3174
6,3,sample 6 replicate 3,9,7.0,0.4,0.1544,5.7143,6.0502
6,3,sample 6 replicate 3,10,7.0,0.45,0.1628,6.4286,6.3793
6,3,sample 6 replicate 3,11,7.0,0.5,0.1732,7.1429,6.7868
6,3,sample 6 replicate 3,12,7.0,0.55,0.1857,7.8571,7.2766
6,3,sample 6 replicate 3,13,7.0,0.6,0.1962,8.5714,7.6881
6,3,sample 6 replicate 3,14,7.0,0.65,0.2003,9.2857,7.8487
6,3,sample 6 replicate 3,15,7.0,0.7,0.215,10.0,8.4248
6,3,sample 6 replicate 3,16,7.0,0.75,0.2191,10.7143,8.5854
6,3,sample 6 replicate 3,17,7.0,0.8,0.2421,11.4286,9.4867
6,3,sample 6 replicate 3,18,7.0,0.85,0.2484,12.1429,9.7335
6,3,sample 6 replicate 3,19,7.0,0.9,0.2671,12.8571,10.4663
6,3,sample 6 replicate 3,20,7.0,0.95,0.2609,13.5714,10.2234
6,3,sample 6 replicate 3,21,7.0,1.0,0.2838,14.2857,11.1207
6,3,sample 6 replicate 3,22,7.0,1.05,0.2984,15.0,11.6928
6,3,sample 6 replicate 3,23,7.0,1.1,0.311,15.7143,12.1865
6,3,sample 6 replicate 3,24,7.0,1.15,0.3297,16.4286,12.9193
6,3,sample 6 replicate 3,25,7.0,1.2,0.3444,17.1429,13.4953
6,3,sample 6 replicate 3,26,7.0,1.25,0.3527,17.8571,13.8205
6,3,sample 6 replicate 3,27,7.0,1.3,0.3694,18.5714,14.4749
6,3,sample 6 replicate 3,28,7.0,1.35,0.3819,19.2857,14.9647
6,3,sample 6 replicate 3,29,7.0,1.4,0.3986,20.0,15.6191
6,3,sample 6 replicate 3,30,7.0,1.45,0.4216,20.7143,16.5204
6,3,sample 6 replicate 3,31,7.0,1.5,0.432,21.4286,16.9279
6,3,sample 6 replicate 3,32,7.0,1.55,0.4612,22.1429,18.0721
6,3,sample 6 replicate 3,33,7.0,1.6,0.4946,22.8571,19.3809
6,3,sample 6 replicate 3,34,7.0,1.65,0.5447,23.5714,21.344
6,3,sample 6 replicate 3,35,7.0,1.7,0.5802,24.2857,22.7351
6,3,sample 6 replicate 3,36,7.0,1.75,0.6178,25.0,24.2085
6,3,sample 6 replicate 3,37,7.0,1.8,0.6637,25.7143,26.0071
6,3,sample 6 replicate 3,38,7.0,1.85,0.7054,26.4286,27.6411
6,3,sample 6 replicate 3,39,7.0,1.9,0.7471,27.1429,29.2751
6,3,sample 6 replicate 3,40,7.0,1.95,0.791,27.8571,30.9953
6,3,sample 6 replicate 3,41,7.0,2.0,0.8369,28.5714,32.7939
6,3,sample 6 replicate 3,42,7.0,2.05,0.8828,29.2857,34.5925
6,3,sample 6 replicate 3,43,7.0,2.1,0.9371,30.0,36.7202
6,3,sample 6 replicate 3,44,7.0,2.15,0.9809,30.7143,38.4365
6,3,sample 6 replicate 3,45,7.0,2.2,1.0205,31.4286,39.9882
6,3,sample 6 replicate 3,46,7.0,2.25,1.0894,32.1429,42.6881
6,3,sample 6 replicate 3,47,7.0,2.3,1.1395,32.8571,44.6513
6,3,sample 6 replicate 3,48,7.0,2.35,1.2,33.5714,47.0219
6,3,sample 6 replicate 3,49,7.0,2.4,1.2355,34.2857,48.413
6,3,sample 6 replicate 3,50,7.0,2.45,1.2668,35.0,49.6395
6,3,sample 6 replicate 3,51,7.0,2.5,1.2919,35.7143,50.623
6,3,sample 6 replicate 3,52,7.0,2.55,1.3106,36.4286,51.3558
6,3,sample 6 replicate 3,53,7.0,2.6,1.3086,37.1429,51.2774
6,3,sample 6 replicate 3,54,7.0,2.65,1.3232,37.8571,51.8495
6,3,sample 6 replicate 3,55,7.0,2.7,1.3232,38.5714,51.8495
6,3,sample 6 replicate 3,56,7.0,2.75,1.3399,39.2857,52.5039
6,3,sample 6 replicate 3,57,7.0,2.8,1.3607,40.0,53.319
6,3,sample 6 replicate 3,58,7.0,2.85,1.3753,40.7143,53.8911
6,3,sample 6 replicate 3,59,7.0,2.9,1.4004,41.4286,54.8746
6,3,sample 6 replicate 3,60,7.0,2.95,1.4066,42.1429,55.1176
6,3,sample 6 replicate 3,61,7.0,3.0,1.4317,42.8571,56.1011
6,3,sample 6 replicate 3,62,7.0,3.05,1.4547,43.5714,57.0024
6,3,sample 6 replicate 3,63,7.0,3.1,1.4713,44.2857,57.6528
6,3,sample 6 replicate 3,64,7.0,3.15,1.5006,45.0,58.8009
6,3,sample 6 replicate 3,65,7.0,3.2,1.536,45.7143,60.1881
6,3,sample 6 replicate 3,66,7.0,3.25,1.559,46.4286,61.0893
6,3,sample 6 replicate 3,67,7.0,3.3,1.6007,47.1429,62.7234
6,3,sample 6 replicate 3,68,7.0,3.35,1.6258,47.8571,63.7069
6,3,sample 6 replicate 3,69,7.0,3.4,1.6675,48.5714,65.3409
6,3,sample 6 replicate 3,70,7.0,3.45,1.6988,49.2857,66.5674
6,3,sample 6 replicate 3,71,7.0,3.5,1.726,50.0,67.6332
6,3,sample 6 replicate 3,72,7.0,3.55,1.7531,50.7143,68.6951
6,3,sample 6 replicate 3,73,7.0,3.6,1.7844,51.4286,69.9216
6,3,sample 6 replicate 3,74,7.0,3.65,1.8115,52.1429,70.9835
6,3,sample 6 replicate 3,75,7.0,3.7,1.8261,52.8571,71.5556
6,3,sample 6 replicate 3,76,7.0,3.75,1.8533,53.5714,72.6215
6,3,sample 6 replicate 3,77,7.0,3.8,1.8908,54.2857,74.0909
6,3,sample 6 replicate 3,78,7.0,3.85,1.9242,55.0,75.3997
6,3,sample 6 replicate 3,79,7.0,3.9,1.9514,55.7143,76.4655
6,3,sample 6 replicate 3,80,7.0,3.95,1.9847,56.4286,77.7704
6,3,sample 6 replicate 3,81,7.0,4.0,2.0098,57.1429,78.7539
6,3,sample 6 replicate 3,82,7.0,4.05,2.0411,57.8571,79.9804
6,3,sample 6 replicate 3,83,7.0,4.1,2.0724,58.5714,81.2069
6,3,sample 6 replicate 3,84,7.0,4.15,2.0974,59.2857,82.1865
6,3,sample 6 replicate 3,85,7.0,4.2,2.1371,60.0,83.7422
6,3,sample 6 replicate 3,86,7.0,4.25,2.1788,60.7143,85.3762
6,3,sample 6 replicate 3,87,7.0,4.3,2.1976,61.4286,86.1129
6,3,sample 6 replicate 3,88,7.0,4.35,2.2227,62.1429,87.0964
6,3,sample 6 replicate 3,89,7.0,4.4,2.254,62.8571,88.3229
6,3,sample 6 replicate 3,90,7.0,4.45,2.279,63.5714,89.3025
6,3,sample 6 replicate 3,91,7.0,4.5,2.3103,64.2857,90.529
6,3,sample 6 replicate 3,92,7.0,4.55,2.3395,65.0,91.6732
6,3,sample 6 replicate 3,93,7.0,4.6,2.3792,65.7143,93.2288
6,3,sample 6 replicate 3,94,7.0,4.65,2.423,66.4286,94.9451
6,3,sample 6 replicate 3,95,7.0,4.7,2.4543,67.1429,96.1716
6,3,sample 6 replicate 3,96,7.0,4.75,2.5023,67.8571,98.0525
6,3,sample 6 replicate 3,97,7.0,4.8,2.5462,68.5714,99.7727
6,3,sample 6 replicate 3,98,7.0,4.85,2.5775,69.2857,100.9992
6,3,sample 6 replicate 3,99,7.0,4.9,2.6255,70.0,102.8801
6,3,sample 6 replicate 3,100,7.0,4.95,2.6609,70.7143,104.2672
6,3,sample 6 replicate 3,101,7.0,5.0,2.7089,71.4286,106.1481
6,3,sample 6 replicate 3,102,7.0,5.05,2.7632,72.1429,108.2759
6,3,sample 6 replicate 3,103,7.0,5.1,2.8175,72.8571,110.4036
6,3,sample 6 replicate 3,104,7.0,5.15,2.8738,73.5714,112.6097
6,3,sample 6 replicate 3,105,7.0,5.2,2.9364,74.2857,115.0627
6,3,sample 6 replicate 3,106,7.0,5.25,3.0032,75.0,117.6803
6,3,sample 6 replicate 3,107,7.0,5.3,3.0637,75.7143,120.0509
6,3,sample 6 replicate 3,108,7.0,5.35,3.118,76.4286,122.1787
6,3,sample 6 replicate 3,109,7.0,5.4,3.2036,77.1429,125.5329
6,3,sample 6 replicate 3,110,7.0,5.45,3.285,77.8571,128.7226
6,3,sample 6 replicate 3,111,7.0,5.5,3.3705,78.5714,132.0729
6,3,sample 6 replicate 3,112,7.0,5.55,3.4561,79.2857,135.4271
6,3,sample 6 replicate 3,113,7.0,5.6,3.5563,80.0,139.3534
6,3,sample 6 replicate 3,114,7.0,5.65,3.669,80.7143,143.7696
6,3,sample 6 replicate 3,115,7.0,5.7,3.2808,81.4286,128.558
6,3,sample 6 replicate 3,116,7.0,5.75,3.4436,82.1429,134.9373
6,3,sample 6 replicate 3,117,7.0,5.8,3.7149,82.8571,145.5682
6,3,sample 6 replicate 3,118,7.0,5.85,3.9612,83.5714,155.2194
6,3,sample 6 replicate 3,119,7.0,5.9,4.03,84.2857,157.9154
6,3,sample 6 replicate 3,120,7.0,5.95,4.1782,85.0,163.7226
6,3,sample 6 replicate 3,121,7.0,6.0,4.4766,85.7143,175.4154
6,3,sample 6 replicate 3,122,7.0,6.05,4.6332,86.4286,181.5517
6,3,sample 6 replicate 3,123,7.0,6.1,4.9316,87.1429,193.2445
6,3,sample 6 replicate 3,124,7.0,6.15,5.2551,87.8571,205.9208
6,3,sample 6 replicate 3,125,7.0,6.2,5.4659,88.5714,214.181
6,3,sample 6 replicate 3,126,7.0,6.25,5.8374,89.2857,228.7382
6,3,sample 6 replicate 3,127,7.0,6.3,6.1254,90.0,240.0235
6,3,sample 6 replicate 3,128,7.0,6.35,6.5428,90.7143,256.3793
6,3,sample 6 replicate 3,129,7.0,6.4,6.8997,91.4286,270.3644
6,3,sample 6 replicate 3,130,7.0,6.45,5.5744,92.1429,218.4326
6,3,sample 6 replicate 3,131,7.0,6.5,4.5455,92.8571,178.1152
6,3,sample 6 replicate 3,132,7.0,6.55,4.0551,93.5714,158.8989
6,3,sample 6 replicate 3,133,7.0,6.6,3.6898,94.2857,144.5846
6,3,sample 6 replicate 3,134,7.0,6.65,3.5062,95.0,137.3903
6,3,sample 6 replicate 3,135,7.0,6.7,3.5438,95.7143,138.8636
6,3,sample 6 replicate 3,136,7.0,6.75,3.7211,96.4286,145.8111
6,3,sample 6 replicate 3,137,7.0,6.8,3.9445,97.1429,154.565
6,3,sample 6 replicate 3,138,7.0,6.85,4.1928,97.8571,164.2947
6,3,sample 6 replicate 3,139,7.0,6.9,4.5455,98.5714,178.1152
6,3,sample 6 replicate 3,140,7.0,6.95,4.9713,99.2857,194.8002
6,3,sample 6 replicate 3,141,7.0,7.0,5.5055,100.0,215.7328
6,3,sample 6 replicate 3,142,7.0,7.05,6.0816,100.7143,238.3072
6,3,sample 6 replicate 3,143,7.0,7.1,6.7014,101.4286,262.594
6,3,sample 6 replicate 3,144,7.0,7.15,7.3818,102.1429,289.2555
6,3,sample 6 replicate 3,145,7.0,7.2,8.1122,102.8571,317.8762
4,4,sample 4 replicate 4,1,4.800000000000001,0.0,-0.0188,0.0,-0.7367
4,4,sample 4 replicate 4,2,4.800000000000001,0.05,0.0313,1.0417,1.2265
4,4,sample 4 replicate 4,3,4.800000000000001,0.1,0.071,2.0833,2.7821
4,4,sample 4 replicate 4,4,4.800000000000001,0.15,0.1127,3.125,4.4161
4,4,sample 4 replicate 4,5,4.800000000000001,0.2,0.1503,4.1667,5.8895
4,4,sample 4 replicate 4,6,4.800000000000001,0.25,0.1795,5.2083,7.0337
4,4,sample 4 replicate 4,7,4.800000000000001,0.3,0.2066,6.25,8.0956
4,4,sample 4 replicate 4,8,4.800000000000001,0.35,0.2421,7.2917,9.4867
4,4,sample 4 replicate 4,9,4.800000000000001,0.4,0.2713,8.3333,10.6309
4,4,sample 4 replicate 4,10,4.800000000000001,0.45,0.3026,9.375,11.8574
4,4,sample 4 replicate 4,11,4.800000000000001,0.5,0.3318,10.4167,13.0016
4,4,sample 4 replicate 4,12,4.800000000000001,0.55,0.3631,11.4583,14.2281
4,4,sample 4 replicate 4,13,4.800000000000001,0.6,0.3611,12.5,14.1497
4,4,sample 4 replicate 4,14,4.800000000000001,0.65,0.3965,13.5417,15.5368
4,4,sample 4 replicate 4,15,4.800000000000001,0.7,0.4216,14.5833,16.5204
4,4,sample 4 replicate 4,16,4.800000000000001,0.75,0.4487,15.625,17.5823
4,4,sample 4 replicate 4,17,4.800000000000001,0.8,0.48,16.6667,18.8088
4,4,sample 4 replicate 4,18,4.800000000000001,0.85,0.5468,17.7083,21.4263
4,4,sample 4 replicate 4,19,4.800000000000001,0.9,0.5739,18.75,22.4882
4,4,sample 4 replicate 4,20,4.800000000000001,0.95,0.6052,19.7917,23.7147
4,4,sample 4 replicate 4,21,4.800000000000001,1.0,0.647,20.8333,25.3527
4,4,sample 4 replicate 4,22,4.800000000000001,1.05,0.7012,21.875,27.4765
4,4,sample 4 replicate 4,23,4.800000000000001,1.1,0.7576,22.9167,29.6865
4,4,sample 4 replicate 4,24,4.800000000000001,1.15,0.816,23.9583,31.9749
4,4,sample 4 replicate 4,25,4.800000000000001,1.2,0.8661,25.0,33.9381
4,4,sample 4 replicate 4,26,4.800000000000001,1.25,0.9392,26.0417,36.8025
4,4,sample 4 replicate 4,27,4.800000000000001,1.3,0.9976,27.0833,39.0909
4,4,sample 4 replicate 4,28,4.800000000000001,1.35,1.0852,28.125,42.5235
4,4,sample 4 replicate 4,29,4.800000000000001,1.4,1.1583,29.1667,45.3879
4,4,sample 4 replicate 4,30,4.800000000000001,1.45,1.2334,30.2083,48.3307
4,4,sample 4 replicate 4,31,4.800000000000001,1.5,1.319,31.25,51.685
4,4,sample 4 replicate 4,32,4.800000000000001,1.55,1.4108,32.2917,55.2821
4,4,sample 4 replicate 4,33,4.800000000000001,1.6,1.5047,33.3333,58.9616
4,4,sample 4 replicate 4,34,4.800000000000001,1.65,1.5945,34.375,62.4804
4,4,sample 4 replicate 4,35,4.800000000000001,1.7,1.6905,35.4167,66.2422
4,4,sample 4 replicate 4,36,4.800000000000001,1.75,1.774,36.4583,69.5141
4,4,sample 4 replicate 4,37,4.800000000000001,1.8,1.8637,37.5,73.029
4,4,sample 4 replicate 4,38,4.800000000000001,1.85,1.9514,38.5417,76.4655
4,4,sample 4 replicate 4,39,4.800000000000001,1.9,2.0327,39.5833,79.6513
4,4,sample 4 replicate 4,40,4.800000000000001,1.95,2.1079,40.625,82.598
4,4,sample 4 replicate 4,41,4.800000000000001,2.0,2.1601,41.6667,84.6434
4,4,sample 4 replicate 4,42,4.800000000000001,2.05,2.2352,42.7083,87.5862
4,4,sample 4 replicate 4,43,4.800000000000001,2.1,2.2915,43.75,89.7923
4,4,sample 4 replicate 4,44,4.800000000000001,2.15,2.3479,44.7917,92.0024
4,4,sample 4 replicate 4,45,4.800000000000001,2.2,2.4209,45.8333,94.8629
4,4,sample 4 replicate 4,46,4.800000000000001,2.25,2.4815,46.875,97.2375
4,4,sample 4 replicate 4,47,4.800000000000001,2.3,2.5608,47.9167,100.3448
4,4,sample 4 replicate 4,48,4.800000000000001,2.35,2.6317,48.9583,103.123
4,4,sample 4 replicate 4,49,4.800000000000001,2.4,2.6985,50.0,105.7406
4,4,sample 4 replicate 4,50,4.800000000000001,2.45,2.7882,51.0417,109.2555
4,4,sample 4 replicate 4,51,4.800000000000001,2.5,2.8529,52.0833,111.7908
4,4,sample 4 replicate 4,52,4.800000000000001,2.55,2.9072,53.125,113.9185
4,4,sample 4 replicate 4,53,4.800000000000001,2.6,2.9281,54.1667,114.7375
4,4,sample 4 replicate 4,54,4.800000000000001,2.65,2.9364,55.2083,115.0627
4,4,sample 4 replicate 4,55,4.800000000000001,2.7,2.949,56.25,115.5564
4,4,sample 4 replicate 4,56,4.800000000000001,2.75,2.949,57.2917,115.5564
4,4,sample 4 replicate 4,57,4.800000000000001,2.8,2.9573,58.3333,115.8817
4,4,sample 4 replicate 4,58,4.800000000000001,2.85,2.9844,59.375,116.9436
4,4,sample 4 replicate 4,59,4.800000000000001,2.9,3.0074,60.4167,117.8448
4,4,sample 4 replicate 4,60,4.800000000000001,2.95,3.0262,61.4583,118.5815
4,4,sample 4 replicate 4,61,4.800000000000001,3.0,3.0095,62.5,117.9271
4,4,sample 4 replicate 4,62,4.800000000000001,3.05,2.926,63.5417,114.6552
4,4,sample 4 replicate 4,63,4.800000000000001,3.1,3.0074,64.5833,117.8448
4,4,sample 4 replicate 4,64,4.800000000000001,3.15,3.0888,65.625,121.0345
4,4,sample 4 replicate 4,65,4.800000000000001,3.2,3.1743,66.6667,124.3848
4,4,sample 4 replicate 4,66,4.800000000000001,3.25,3.2724,67.7083,128.2288
4,4,sample 4 replicate 4,67,4.800000000000001,3.3,3.406,68.75,133.4639
4,4,sample 4 replicate 4,68,4.800000000000001,3.35,3.5375,69.7917,138.6168
4,4,sample 4 replicate 4,69,4.800000000000001,3.4,3.6919,70.8333,144.6669
4,4,sample 4 replicate 4,70,4.800000000000001,3.45,3.8318,71.875,150.1489
4,4,sample 4 replicate 4,71,4.800000000000001,3.5,4.0092,72.9167,157.1003
4,4,sample 4 replicate 4,72,4.800000000000001,3.55,4.1552,73.9583,162.8213
4,4,sample 4 replicate 4,73,4.800000000000001,3.6,4.2659,75.0,167.1591
4,4,sample 4 replicate 4,74,4.800000000000001,3.65,4.4266,76.0417,173.4561
4,4,sample 4 replicate 4,75,4.800000000000001,3.7,4.6311,77.0833,181.4694
4,4,sample 4 replicate 4,76,4.800000000000001,3.75,4.8544,78.125,190.2194
4,4,sample 4 replicate 4,77,4.800000000000001,3.8,5.0819,79.1667,199.134
4,4,sample 4 replicate 4,78,4.800000000000001,3.85,5.3094,80.2083,208.0486
4,4,sample 4 replicate 4,79,4.800000000000001,3.9,5.612,81.25,219.906
4,4,sample 4 replicate 4,80,4.800000000000001,3.95,5.9188,82.2917,231.9279
4,4,sample 4 replicate 4,81,4.800000000000001,4.0,6.2193,83.3333,243.703
4,4,sample 4 replicate 4,82,4.800000000000001,4.05,6.5804,84.375,257.8527
4,4,sample 4 replicate 4,83,4.800000000000001,4.1,6.9623,85.4167,272.8174
4,4,sample 4 replicate 4,84,4.800000000000001,4.15,7.3526,86.4583,288.1113
4,4,sample 4 replicate 4,85,4.800000000000001,4.2,7.7595,87.5,304.0556
4,4,sample 4 replicate 4,86,4.800000000000001,4.25,8.0997,88.5417,317.3864
5,4,sample 5 replicate 4,1,9.299999999999999,0.0,0.0125,0.0,0.4898
5,4,sample 5 replicate 4,2,9.299999999999999,0.05,0.0334,0.5376,1.3088
5,4,sample 5 replicate 4,3,9.299999999999999,0.1,0.0438,1.0753,1.7163
5,4,sample 5 replicate 4,4,9.299999999999999,0.15,0.0543,1.6129,2.1277
5,4,sample 5 replicate 4,5,9.299999999999999,0.2,0.0647,2.1505,2.5353
5,4,sample 5 replicate 4,6,9.299999999999999,0.25,0.0814,2.6882,3.1897
5,4,sample 5 replicate 4,7,9.299999999999999,0.3,0.0897,3.2258,3.5149
5,4,sample 5 replicate 4,8,9.299999999999999,0.35,0.1023,3.7634,4.0086
5,4,sample 5 replicate 4,9,9.299999999999999,0.4,0.1169,4.3011,4.5807
5,4,sample 5 replicate 4,10,9.299999999999999,0.45,0.1252,4.8387,4.906
5,4,sample 5 replicate 4,11,9.299999999999999,0.5,0.1377,5.3763,5.3958
5,4,sample 5 replicate 4,12,9.299999999999999,0.55,0.1565,5.914,6.1324
5,4,sample 5 replicate 4,13,9.299999999999999,0.6,0.1607,6.4516,6.297
5,4,sample 5 replicate 4,14,9.299999999999999,0.65,0.1732,6.9892,6.7868
5,4,sample 5 replicate 4,15,9.299999999999999,0.7,0.1837,7.5269,7.1983
5,4,sample 5 replicate 4,16,9.299999999999999,0.75,0.2003,8.0645,7.8487
5,4,sample 5 replicate 4,17,9.299999999999999,0.8,0.2233,8.6022,8.75
5,4,sample 5 replicate 4,18,9.299999999999999,0.85,0.2317,9.1398,9.0792
5,4,sample 5 replicate 4,19,9.299999999999999,0.9,0.263,9.6774,10.3056
5,4,sample 5 replicate 4,20,9.299999999999999,0.95,0.2776,10.2151,10.8777
5,4,sample 5 replicate 4,21,9.299999999999999,1.0,0.2922,10.7527,11.4498
5,4,sample 5 replicate 4,22,9.299999999999999,1.05,0.3068,11.2903,12.0219
5,4,sample 5 replicate 4,23,9.299999999999999,1.1,0.3339,11.828,13.0839
5,4,sample 5 replicate 4,24,9.299999999999999,1.15,0.3611,12.3656,14.1497
5,4,sample 5 replicate 4,25,9.299999999999999,1.2,0.3861,12.9032,15.1293
5,4,sample 5 replicate 4,26,9.299999999999999,1.25,0.4237,13.4409,16.6027
5,4,sample 5 replicate 4,27,9.299999999999999,1.3,0.4508,13.9785,17.6646
5,4,sample 5 replicate 4,28,9.299999999999999,1.35,0.5009,14.5161,19.6277
5,4,sample 5 replicate 4,29,9.299999999999999,1.4,0.5614,15.0538,21.9984
5,4,sample 5 replicate 4,30,9.299999999999999,1.45,0.6011,15.5914,23.5541
5,4,sample 5 replicate 4,31,9.299999999999999,1.5,0.6595,16.129,25.8425
5,4,sample 5 replicate 4,32,9.299999999999999,1.55,0.695,16.6667,27.2335
5,4,sample 5 replicate 4,33,9.299999999999999,1.6,0.7346,17.2043,28.7853
5,4,sample 5 replicate 4,34,9.299999999999999,1.65,0.791,17.7419,30.9953
5,4,sample 5 replicate 4,35,9.299999999999999,1.7,0.8557,18.2796,33.5306
5,4,sample 5 replicate 4,36,9.299999999999999,1.75,0.9099,18.8172,35.6544
5,4,sample 5 replicate 4,37,9.299999999999999,1.8,0.9997,19.3548,39.1732
5,4,sample 5 replicate 4,38,9.299999999999999,1.85,1.1166,19.8925,43.7539
5,4,sample 5 replicate 4,39,9.299999999999999,1.9,1.2334,20.4301,48.3307
5,4,sample 5 replicate 4,40,9.299999999999999,1.95,1.3294,20.9677,52.0925
5,4,sample 5 replicate 4,41,9.299999999999999,2.0,1.3837,21.5054,54.2202
5,4,sample 5 replicate 4,42,9.299999999999999,2.05,1.4547,22.043,57.0024
5,4,sample 5 replicate 4,43,9.299999999999999,2.1,1.5486,22.5806,60.6818
5,4,sample 5 replicate 4,44,9.299999999999999,2.15,1.4275,23.1183,55.9365
5,4,sample 5 replicate 4,45,9.299999999999999,2.2,1.4672,23.6559,57.4922
5,4,sample 5 replicate 4,46,9.299999999999999,2.25,1.5131,24.1935,59.2908
5,4,sample 5 replicate 4,47,9.299999999999999,2.3,1.5569,24.7312,61.0071
5,4,sample 5 replicate 4,48,9.299999999999999,2.35,1.5736,25.2688,61.6614
5,4,sample 5 replicate 4,49,9.299999999999999,2.4,1.7093,25.8065,66.9788
5,4,sample 5 replicate 4,50,9.299999999999999,2.45,1.8428,26.3441,72.21
5,4,sample 5 replicate 4,51,9.299999999999999,2.5,1.9472,26.8817,76.3009
5,4,sample 5 replicate 4,52,9.299999999999999,2.55,2.0244,27.4194,79.326
5,4,sample 5 replicate 4,53,9.299999999999999,2.6,2.0766,27.957,81.3715
5,4,sample 5 replicate 4,54,9.299999999999999,2.65,2.1183,28.4946,83.0055
5,4,sample 5 replicate 4,55,9.299999999999999,2.7,2.1621,29.0323,84.7218
5,4,sample 5 replicate 4,56,9.299999999999999,2.75,2.1914,29.5699,85.8699
5,4,sample 5 replicate 4,57,9.299999999999999,2.8,2.2206,30.1075,87.0141
5,4,sample 5 replicate 4,58,9.299999999999999,2.85,2.2018,30.6452,86.2774
5,4,sample 5 replicate 4,59,9.299999999999999,2.9,2.2143,31.1828,86.7672
5,4,sample 5 replicate 4,60,9.299999999999999,2.95,2.2644,31.7204,88.7304
5,4,sample 5 replicate 4,61,9.299999999999999,3.0,2.2936,32.2581,89.8746
5,4,sample 5 replicate 4,62,9.299999999999999,3.05,2.3375,32.7957,91.5948
5,4,sample 5 replicate 4,63,9.299999999999999,3.1,2.3938,33.3333,93.8009
5,4,sample 5 replicate 4,64,9.299999999999999,3.15,2.4272,33.871,95.1097
5,4,sample 5 replicate 4,65,9.299999999999999,3.2,2.4752,34.4086,96.9906
5,4,sample 5 replicate 4,66,9.299999999999999,3.25,2.5378,34.9462,99.4436
5,4,sample 5 replicate 4,67,9.299999999999999,3.3,2.5962,35.4839,101.732
5,4,sample 5 replicate 4,68,9.299999999999999,3.35,2.686,36.0215,105.2508
5,4,sample 5 replicate 4,69,9.299999999999999,3.4,2.7382,36.5591,107.2962
5,4,sample 5 replicate 4,70,9.299999999999999,3.45,2.8801,37.0968,112.8566
5,4,sample 5 replicate 4,71,9.299999999999999,3.5,3.0366,37.6344,118.989
5,4,sample 5 replicate 4,72,9.299999999999999,3.55,3.0846,38.172,120.8699
5,4,sample 5 replicate 4,73,9.299999999999999,3.6,3.1869,38.7097,124.8785
5,4,sample 5 replicate 4,74,9.299999999999999,3.65,3.1743,39.2473,124.3848
5,4,sample 5 replicate 4,75,9.299999999999999,3.7,3.2307,39.7849,126.5948
5,4,sample 5 replicate 4,76,9.299999999999999,3.75,3.31,40.3226,129.7022
5,4,sample 5 replicate 4,77,9.299999999999999,3.8,3.3956,40.8602,133.0564
5,4,sample 5 replicate 4,78,9.299999999999999,3.85,3.5646,41.3978,139.6787
5,4,sample 5 replicate 4,79,9.299999999999999,3.9,3.717,41.9355,145.6505
5,4,sample 5 replicate 4,80,9.299999999999999,3.95,3.886,42.4731,152.2727
5,4,sample 5 replicate 4,81,9.299999999999999,4.0,4.0718,43.0108,159.5533
5,4,sample 5 replicate 4,82,9.299999999999999,4.05,4.1385,43.5484,162.1669
5,4,sample 5 replicate 4,83,9.299999999999999,4.1,4.1636,44.086,163.1505
5,4,sample 5 replicate 4,84,9.299999999999999,4.15,4.2032,44.6237,164.7022
5,4,sample 5 replicate 4,85,9.299999999999999,4.2,4.318,45.1613,169.2006
5,4,sample 5 replicate 4,86,9.299999999999999,4.25,4.4558,45.6989,174.6003
5,4,sample 5 replicate 4,87,9.299999999999999,4.3,4.5142,46.2366,176.8887
5,4,sample 5 replicate 4,88,9.299999999999999,4.35,4.5852,46.7742,179.6708
5,4,sample 5 replicate 4,89,9.299999999999999,4.4,4.7772,47.3118,187.1944
5,4,sample 5 replicate 4,90,9.299999999999999,4.45,4.9045,47.8495,192.1826
5,4,sample 5 replicate 4,91,9.299999999999999,4.5,5.0088,48.3871,196.2696
5,4,sample 5 replicate 4,92,9.299999999999999,4.55,5.1487,48.9247,201.7516
5,4,sample 5 replicate 4,93,9.299999999999999,4.6,5.2989,49.4624,207.6371
5,4,sample 5 replicate 4,94,9.299999999999999,4.65,5.4367,50.0,213.0368
5,4,sample 5 replicate 4,95,9.299999999999999,4.7,5.5723,50.5376,218.3503
5,4,sample 5 replicate 4,96,9.299999999999999,4.75,5.7247,51.0753,224.3221
5,4,sample 5 replicate 4,97,9.299999999999999,4.8,5.8582,51.6129,229.5533
5,4,sample 5 replicate 4,98,9.299999999999999,4.85,6.0064,52.1505,235.3605
5,4,sample 5 replicate 4,99,9.299999999999999,4.9,6.1296,52.6882,240.1881
5,4,sample 5 replicate 4,100,9.299999999999999,4.95,6.259,53.2258,245.2586
5,4,sample 5 replicate 4,101,9.299999999999999,5.0,6.3717,53.7634,249.6748
5,4,sample 5 replicate 4,102,9.299999999999999,5.05,6.5031,54.3011,254.8237
5,4,sample 5 replicate 4,103,9.299999999999999,5.1,6.6304,54.8387,259.8119
5,4,sample 5 replicate 4,104,9.299999999999999,5.15,6.7995,55.3763,266.4381
5,4,sample 5 replicate 4,105,9.299999999999999,5.2,7.004,55.914,274.4514
5,4,sample 5 replicate 4,106,9.299999999999999,5.25,7.0854,56.4516,277.6411
5,4,sample 5 replicate 4,107,9.299999999999999,5.3,7.1793,56.9892,281.3205
5,4,sample 5 replicate 4,108,9.299999999999999,5.35,7.3046,57.5269,286.2304
5,4,sample 5 replicate 4,109,9.299999999999999,5.4,7.411,58.0645,290.3997
5,4,sample 5 replicate 4,110,9.299999999999999,5.45,7.5195,58.6022,294.6513
5,4,sample 5 replicate 4,111,9.299999999999999,5.5,7.6677,59.1398,300.4585
5,4,sample 5 replicate 4,112,9.299999999999999,5.55,7.7783,59.6774,304.7923
5,4,sample 5 replicate 4,113,9.299999999999999,5.6,7.9056,60.2151,309.7806
5,4,sample 5 replicate 4,114,9.299999999999999,5.65,8.035,60.7527,314.8511
6,4,sample 6 replicate 4,1,5.850000000000001,0.0,-0.0125,0.0,-0.4898
6,4,sample 6 replicate 4,2,5.850000000000001,0.05,0.0146,0.8547,0.5721
6,4,sample 6 replicate 4,3,5.850000000000001,0.1,0.0501,1.7094,1.9632
6,4,sample 6 replicate 4,4,5.850000000000001,0.15,0.0918,2.5641,3.5972
6,4,sample 6 replicate 4,5,5.850000000000001,0.2,0.1377,3.4188,5.3958
6,4,sample 6 replicate 4,6,5.850000000000001,0.25,0.2108,4.2735,8.2602
6,4,sample 6 replicate 4,7,5.850000000000001,0.3,0.311,5.1282,12.1865
6,4,sample 6 replicate 4,8,5.850000000000001,0.35,0.4153,5.9829,16.2735
6,4,sample 6 replicate 4,9,5.850000000000001,0.4,0.5051,6.8376,19.7923
6,4,sample 6 replicate 4,10,5.850000000000001,0.45,0.6094,7.6923,23.8793
6,4,sample 6 replicate 4,11,5.850000000000001,0.5,0.695,8.547,27.2335
6,4,sample 6 replicate 4,12,5.850000000000001,0.55,0.7868,9.4017,30.8307
6,4,sample 6 replicate 4,13,5.850000000000001,0.6,0.8661,10.2564,33.9381
6,4,sample 6 replicate 4,14,5.850000000000001,0.65,0.935,11.1111,36.6379
6,4,sample 6 replicate 4,15,5.850000000000001,0.7,0.9746,11.9658,38.1897
6,4,sample 6 replicate 4,16,5.850000000000001,0.75,0.9663,12.8205,37.8644
6,4,sample 6 replicate 4,17,5.850000000000001,0.8,1.0539,13.6752,41.297
6,4,sample 6 replicate 4,18,5.850000000000001,0.85,1.1124,14.5299,43.5893
6,4,sample 6 replicate 4,19,5.850000000000001,0.9,1.1771,15.3846,46.1246
6,4,sample 6 replicate 4,20,5.850000000000001,0.95,1.2439,16.2393,48.7422
6,4,sample 6 replicate 4,21,5.850000000000001,1.0,1.3127,17.094,51.4381
6,4,sample 6 replicate 4,22,5.850000000000001,1.05,1.3753,17.9487,53.8911
6,4,sample 6 replicate 4,23,5.850000000000001,1.1,1.4254,18.8034,55.8542
6,4,sample 6 replicate 4,24,5.850000000000001,1.15,1.4964,19.6581,58.6364
6,4,sample 6 replicate 4,25,5.850000000000001,1.2,1.5486,20.5128,60.6818
6,4,sample 6 replicate 4,26,5.850000000000001,1.25,1.6007,21.3675,62.7234
6,4,sample 6 replicate 4,27,5.850000000000001,1.3,1.6592,22.2222,65.0157
6,4,sample 6 replicate 4,28,5.850000000000001,1.35,1.7134,23.0769,67.1395
6,4,sample 6 replicate 4,29,5.850000000000001,1.4,1.7677,23.9316,69.2672
6,4,sample 6 replicate 4,30,5.850000000000001,1.45,1.8241,24.7863,71.4773
6,4,sample 6 replicate 4,31,5.850000000000001,1.5,1.8846,25.641,73.848
6,4,sample 6 replicate 4,32,5.850000000000001,1.55,1.9409,26.4957,76.0541
6,4,sample 6 replicate 4,33,5.850000000000001,1.6,2.0035,27.3504,78.5071
6,4,sample 6 replicate 4,34,5.850000000000001,1.65,2.0745,28.2051,81.2892
6,4,sample 6 replicate 4,35,5.850000000000001,1.7,2.1601,29.0598,84.6434
6,4,sample 6 replicate 4,36,5.850000000000001,1.75,2.2373,29.9145,87.6685
6,4,sample 6 replicate 4,37,5.850000000000001,1.8,2.3082,30.7692,90.4467
6,4,sample 6 replicate 4,38,5.850000000000001,1.85,2.3688,31.6239,92.8213
6,4,sample 6 replicate 4,39,5.850000000000001,1.9,2.4439,32.4786,95.7641
6,4,sample 6 replicate 4,40,5.850000000000001,1.95,2.5169,33.3333,98.6246
6,4,sample 6 replicate 4,41,5.850000000000001,2.0,2.567,34.188,100.5878
6,4,sample 6 replicate 4,42,5.850000000000001,2.05,2.6422,35.0427,103.5345
6,4,sample 6 replicate 4,43,5.850000000000001,2.1,2.6004,35.8974,101.8966
6,4,sample 6 replicate 4,44,5.850000000000001,2.15,2.6463,36.7521,103.6951
6,4,sample 6 replicate 4,45,5.850000000000001,2.2,2.7006,37.6068,105.8229
6,4,sample 6 replicate 4,46,5.850000000000001,2.25,2.7444,38.4615,107.5392
6,4,sample 6 replicate 4,47,5.850000000000001,2.3,2.8091,39.3162,110.0745
6,4,sample 6 replicate 4,48,5.850000000000001,2.35,2.8634,40.1709,112.2022
6,4,sample 6 replicate 4,49,5.850000000000001,2.4,2.9009,41.0256,113.6716
6,4,sample 6 replicate 4,50,5.850000000000001,2.45,2.9656,41.8803,116.2069
6,4,sample 6 replicate 4,51,5.850000000000001,2.5,3.0262,42.735,118.5815
6,4,sample 6 replicate 4,52,5.850000000000001,2.55,3.0763,43.5897,120.5447
6,4,sample 6 replicate 4,53,5.850000000000001,2.6,3.1013,44.4444,121.5243
6,4,sample 6 replicate 4,54,5.850000000000001,2.65,3.1451,45.2991,123.2406
6,4,sample 6 replicate 4,55,5.850000000000001,2.7,3.1869,46.1538,124.8785
6,4,sample 6 replicate 4,56,5.850000000000001,2.75,3.2307,47.0085,126.5948
6,4,sample 6 replicate 4,57,5.850000000000001,2.8,3.2662,47.8632,127.9859
6,4,sample 6 replicate 4,58,5.850000000000001,2.85,3.3225,48.7179,130.192
6,4,sample 6 replicate 4,59,5.850000000000001,2.9,3.3789,49.5726,132.402
6,4,sample 6 replicate 4,60,5.850000000000001,2.95,3.4269,50.4274,134.2829
6,4,sample 6 replicate 4,61,5.850000000000001,3.0,3.4686,51.2821,135.9169
6,4,sample 6 replicate 4,62,5.850000000000001,3.05,3.5208,52.1368,137.9624
6,4,sample 6 replicate 4,63,5.850000000000001,3.1,3.5646,52.9915,139.6787
6,4,sample 6 replicate 4,64,5.850000000000001,3.15,3.6126,53.8462,141.5596
6,4,sample 6 replicate 4,65,5.850000000000001,3.2,3.6481,54.7009,142.9506
6,4,sample 6 replicate 4,66,5.850000000000001,3.25,3.7086,55.5556,145.3213
6,4,sample 6 replicate 4,67,5.850000000000001,3.3,3.7817,56.4103,148.1857
6,4,sample 6 replicate 4,68,5.850000000000001,3.35,3.934,57.265,154.1536
6,4,sample 6 replicate 4,69,5.850000000000001,3.4,4.1678,58.1197,163.315
6,4,sample 6 replicate 4,70,5.850000000000001,3.45,4.5288,58.9744,177.4608
6,4,sample 6 replicate 4,71,5.850000000000001,3.5,4.9274,59.8291,193.0799
6,4,sample 6 replicate 4,72,5.850000000000001,3.55,5.3386,60.6838,209.1928
6,4,sample 6 replicate 4,73,5.850000000000001,3.6,5.7622,61.5385,225.7915
6,4,sample 6 replicate 4,74,5.850000000000001,3.65,6.2068,62.3932,243.2132
6,4,sample 6 replicate 4,75,5.850000000000001,3.7,6.6743,63.2479,261.5321
6,4,sample 6 replicate 4,76,5.850000000000001,3.75,7.1585,64.1026,280.5055
6,4,sample 6 replicate 4,77,5.850000000000001,3.8,7.6489,64.9573,299.7218
6,4,sample 6 replicate 4,78,5.850000000000001,3.85,8.131,65.812,318.6129
4,5,sample 4 replicate 5,1,4.650000000000002,0.0,-0.0125,0.0,-0.4898
4,5,sample 4 replicate 5,2,4.650000000000002,0.05,0.0125,1.0753,0.4898
4,5,sample 4 replicate 5,3,4.650000000000002,0.1,0.0376,2.1505,1.4734
4,5,sample 4 replicate 5,4,4.650000000000002,0.15,0.0751,3.2258,2.9428
4,5,sample 4 replicate 5,5,4.650000000000002,0.2,0.1357,4.3011,5.3174
4,5,sample 4 replicate 5,6,4.650000000000002,0.25,0.1816,5.3763,7.116
4,5,sample 4 replicate 5,7,4.650000000000002,0.3,0.2233,6.4516,8.75
4,5,sample 4 replicate 5,8,4.650000000000002,0.35,0.2797,7.5269,10.96
4,5,sample 4 replicate 5,9,4.650000000000002,0.4,0.313,8.6022,12.2649
4,5,sample 4 replicate 5,10,4.650000000000002,0.45,0.3444,9.6774,13.4953
4,5,sample 4 replicate 5,11,4.650000000000002,0.5,0.3861,10.7527,15.1293
4,5,sample 4 replicate 5,12,4.650000000000002,0.55,0.4132,11.828,16.1912
4,5,sample 4 replicate 5,13,4.650000000000002,0.6,0.4466,12.9032,17.5
4,5,sample 4 replicate 5,14,4.650000000000002,0.65,0.4737,13.9785,18.5619
4,5,sample 4 replicate 5,15,4.650000000000002,0.7,0.5113,15.0538,20.0353
4,5,sample 4 replicate 5,16,4.650000000000002,0.75,0.5322,16.129,20.8542
4,5,sample 4 replicate 5,17,4.650000000000002,0.8,0.5218,17.2043,20.4467
4,5,sample 4 replicate 5,18,4.650000000000002,0.85,0.5635,18.2796,22.0807
4,5,sample 4 replicate 5,19,4.650000000000002,0.9,0.6073,19.3548,23.797
4,5,sample 4 replicate 5,20,4.650000000000002,0.95,0.6407,20.4301,25.1058
4,5,sample 4 replicate 5,21,4.650000000000002,1.0,0.6804,21.5054,26.6614
4,5,sample 4 replicate 5,22,4.650000000000002,1.05,0.7221,22.5806,28.2955
4,5,sample 4 replicate 5,23,4.650000000000002,1.1,0.7638,23.6559,29.9295
4,5,sample 4 replicate 5,24,4.650000000000002,1.15,0.816,24.7312,31.9749
4,5,sample 4 replicate 5,25,4.650000000000002,1.2,0.8432,25.8065,33.0408
4,5,sample 4 replicate 5,26,4.650000000000002,1.25,0.8828,26.8817,34.5925
4,5,sample 4 replicate 5,27,4.650000000000002,1.3,0.9245,27.957,36.2265
4,5,sample 4 replicate 5,28,4.650000000000002,1.35,0.9684,29.0323,37.9467
4,5,sample 4 replicate 5,29,4.650000000000002,1.4,1.0185,30.1075,39.9099
4,5,sample 4 replicate 5,30,4.650000000000002,1.45,1.0811,31.1828,42.3629
4,5,sample 4 replicate 5,31,4.650000000000002,1.5,1.1395,32.2581,44.6513
4,5,sample 4 replicate 5,32,4.650000000000002,1.55,1.2084,33.3333,47.3511
4,5,sample 4 replicate 5,33,4.650000000000002,1.6,1.2773,34.4086,50.0509
4,5,sample 4 replicate 5,34,4.650000000000002,1.65,1.3566,35.4839,53.1583
4,5,sample 4 replicate 5,35,4.650000000000002,1.7,1.4359,36.5591,56.2657
4,5,sample 4 replicate 5,36,4.650000000000002,1.75,1.5193,37.6344,59.5337
4,5,sample 4 replicate 5,37,4.650000000000002,1.8,1.6007,38.7097,62.7234
4,5,sample 4 replicate 5,38,4.650000000000002,1.85,1.7093,39.7849,66.9788
4,5,sample 4 replicate 5,39,4.650000000000002,1.9,1.8032,40.8602,70.6583
4,5,sample 4 replicate 5,40,4.650000000000002,1.95,1.872,41.9355,73.3542
4,5,sample 4 replicate 5,41,4.650000000000002,2.0,1.8199,43.0108,71.3127
4,5,sample 4 replicate 5,42,4.650000000000002,2.05,1.7113,44.086,67.0572
4,5,sample 4 replicate 5,43,4.650000000000002,2.1,1.7781,45.1613,69.6748
4,5,sample 4 replicate 5,44,4.650000000000002,2.15,1.8512,46.2366,72.5392
4,5,sample 4 replicate 5,45,4.650000000000002,2.2,1.9597,47.3118,76.7908
4,5,sample 4 replicate 5,46,4.650000000000002,2.25,2.0724,48.3871,81.2069
4,5,sample 4 replicate 5,47,4.650000000000002,2.3,2.1559,49.4624,84.4788
4,5,sample 4 replicate 5,48,4.650000000000002,2.35,2.2602,50.5376,88.5658
4,5,sample 4 replicate 5,49,4.650000000000002,2.4,2.3416,51.6129,91.7555
4,5,sample 4 replicate 5,50,4.650000000000002,2.45,2.423,52.6882,94.9451
4,5,sample 4 replicate 5,51,4.650000000000002,2.5,2.4982,53.7634,97.8918
4,5,sample 4 replicate 5,52,4.650000000000002,2.55,2.5837,54.8387,101.2422
4,5,sample 4 replicate 5,53,4.650000000000002,2.6,2.686,55.914,105.2508
4,5,sample 4 replicate 5,54,4.650000000000002,2.65,2.7924,56.9892,109.4201
4,5,sample 4 replicate 5,55,4.650000000000002,2.7,2.8843,58.0645,113.0212
4,5,sample 4 replicate 5,56,4.650000000000002,2.75,2.9844,59.1398,116.9436
4,5,sample 4 replicate 5,57,4.650000000000002,2.8,3.0783,60.2151,120.623
4,5,sample 4 replicate 5,58,4.650000000000002,2.85,3.141,61.2903,123.0799
4,5,sample 4 replicate 5,59,4.650000000000002,2.9,3.1535,62.3656,123.5697
4,5,sample 4 replicate 5,60,4.650000000000002,2.95,3.0512,63.4409,119.5611
4,5,sample 4 replicate 5,61,4.650000000000002,3.0,3.0324,64.5161,118.8245
4,5,sample 4 replicate 5,62,4.650000000000002,3.05,3.0074,65.5914,117.8448
4,5,sample 4 replicate 5,63,4.650000000000002,3.1,2.9823,66.6667,116.8613
4,5,sample 4 replicate 5,64,4.650000000000002,3.15,2.9803,67.7419,116.7829
4,5,sample 4 replicate 5,65,4.650000000000002,3.2,2.9803,68.8172,116.7829
4,5,sample 4 replicate 5,66,4.650000000000002,3.25,2.9803,69.8925,116.7829
4,5,sample 4 replicate 5,67,4.650000000000002,3.3,3.0116,70.9677,118.0094
4,5,sample 4 replicate 5,68,4.650000000000002,3.35,3.0491,72.043,119.4788
4,5,sample 4 replicate 5,69,4.650000000000002,3.4,3.1347,73.1183,122.8331
4,5,sample 4 replicate 5,70,4.650000000000002,3.45,3.2182,74.1935,126.105
4,5,sample 4 replicate 5,71,4.650000000000002,3.5,3.3017,75.2688,129.377
4,5,sample 4 replicate 5,72,4.650000000000002,3.55,3.4123,76.3441,133.7108
4,5,sample 4 replicate 5,73,4.650000000000002,3.6,3.5813,77.4194,140.3331
4,5,sample 4 replicate 5,74,4.650000000000002,3.65,3.7399,78.4946,146.5478
4,5,sample 4 replicate 5,75,4.650000000000002,3.7,3.9215,79.5699,153.6638
4,5,sample 4 replicate 5,76,4.650000000000002,3.75,4.0905,80.6452,160.2861
4,5,sample 4 replicate 5,77,4.650000000000002,3.8,4.2826,81.7204,167.8135
4,5,sample 4 replicate 5,78,4.650000000000002,3.85,4.5121,82.7957,176.8064
4,5,sample 4 replicate 5,79,4.650000000000002,3.9,4.7688,83.871,186.8652
4,5,sample 4 replicate 5,80,4.650000000000002,3.95,5.0255,84.9462,196.924
4,5,sample 4 replicate 5,81,4.650000000000002,4.0,5.3678,86.0215,210.337
4,5,sample 4 replicate 5,82,4.650000000000002,4.05,5.6746,87.0968,222.3589
4,5,sample 4 replicate 5,83,4.650000000000002,4.1,6.0231,88.172,236.0149
4,5,sample 4 replicate 5,84,4.650000000000002,4.15,6.3717,89.2473,249.6748
4,5,sample 4 replicate 5,85,4.650000000000002,4.2,6.8245,90.3226,267.4177
4,5,sample 4 replicate 5,86,4.650000000000002,4.25,7.2482,91.3978,284.0204
4,5,sample 4 replicate 5,87,4.650000000000002,4.3,7.6635,92.4731,300.2939
4,5,sample 4 replicate 5,88,4.650000000000002,4.35,8.1602,93.5484,319.7571
5,5,sample 5 replicate 5,1,6.85,0.0,-0.0084,0.0,-0.3292
5,5,sample 5 replicate 5,2,6.85,0.05,0.0188,0.7299,0.7367
5,5,sample 5 replicate 5,3,6.85,0.1,0.0584,1.4599,2.2884
5,5,sample 5 replicate 5,4,6.85,0.15,0.1023,2.1898,4.0086
5,5,sample 5 replicate 5,5,6.85,0.2,0.1419,2.9197,5.5603
5,5,sample 5 replicate 5,6,6.85,0.25,0.1711,3.6496,6.7045
5,5,sample 5 replicate 5,7,6.85,0.3,0.2066,4.3796,8.0956
5,5,sample 5 replicate 5,8,6.85,0.35,0.2358,5.1095,9.2398
5,5,sample 5 replicate 5,9,6.85,0.4,0.2713,5.8394,10.6309
5,5,sample 5 replicate 5,10,6.85,0.45,0.3026,6.5693,11.8574
5,5,sample 5 replicate 5,11,6.85,0.5,0.3089,7.2993,12.1042
5,5,sample 5 replicate 5,12,6.85,0.55,0.3402,8.0292,13.3307
5,5,sample 5 replicate 5,13,6.85,0.6,0.3819,8.7591,14.9647
5,5,sample 5 replicate 5,14,6.85,0.65,0.4153,9.4891,16.2735
5,5,sample 5 replicate 5,15,6.85,0.7,0.4487,10.219,17.5823
5,5,sample 5 replicate 5,16,6.85,0.75,0.4737,10.9489,18.5619
5,5,sample 5 replicate 5,17,6.85,0.8,0.5259,11.6788,20.6074
5,5,sample 5 replicate 5,18,6.85,0.85,0.5384,12.4088,21.0972
5,5,sample 5 replicate 5,19,6.85,0.9,0.5593,13.1387,21.9161
5,5,sample 5 replicate 5,20,6.85,0.95,0.5927,13.8686,23.2249
5,5,sample 5 replicate 5,21,6.85,1.0,0.5844,14.5985,22.8997
5,5,sample 5 replicate 5,22,6.85,1.05,0.6386,15.3285,25.0235
5,5,sample 5 replicate 5,23,6.85,1.1,0.6553,16.0584,25.6779
5,5,sample 5 replicate 5,24,6.85,1.15,0.6845,16.7883,26.8221
5,5,sample 5 replicate 5,25,6.85,1.2,0.7033,17.5182,27.5588
5,5,sample 5 replicate 5,26,6.85,1.25,0.7158,18.2482,28.0486
5,5,sample 5 replicate 5,27,6.85,1.3,0.7534,18.9781,29.5219
5,5,sample 5 replicate 5,28,6.85,1.35,0.7868,19.708,30.8307
5,5,sample 5 replicate 5,29,6.85,1.4,0.8035,20.438,31.4851
5,5,sample 5 replicate 5,30,6.85,1.45,0.8348,21.1679,32.7116
5,5,sample 5 replicate 5,31,6.85,1.5,0.8619,21.8978,33.7735
5,5,sample 5 replicate 5,32,6.85,1.55,0.8932,22.6277,35.0
5,5,sample 5 replicate 5,33,6.85,1.6,0.9204,23.3577,36.0658
5,5,sample 5 replicate 5,34,6.85,1.65,0.9496,24.0876,37.21
5,5,sample 5 replicate 5,35,6.85,1.7,0.983,24.8175,38.5188
5,5,sample 5 replicate 5,36,6.85,1.75,1.0456,25.5474,40.9718
5,5,sample 5 replicate 5,37,6.85,1.8,1.0852,26.2774,42.5235
5,5,sample 5 replicate 5,38,6.85,1.85,1.1312,27.0073,44.326
5,5,sample 5 replicate 5,39,6.85,1.9,1.1792,27.7372,46.2069
5,5,sample 5 replicate 5,40,6.85,1.95,1.2272,28.4672,48.0878
5,5,sample 5 replicate 5,41,6.85,2.0,1.2814,29.1971,50.2116
5,5,sample 5 replicate 5,42,6.85,2.05,1.3336,29.927,52.2571
5,5,sample 5 replicate 5,43,6.85,2.1,1.3879,30.6569,54.3848
5,5,sample 5 replicate 5,44,6.85,2.15,1.4505,31.3869,56.8378
5,5,sample 5 replicate 5,45,6.85,2.2,1.4985,32.1168,58.7187
5,5,sample 5 replicate 5,46,6.85,2.25,1.5673,32.8467,61.4146
5,5,sample 5 replicate 5,47,6.85,2.3,1.6195,33.5766,63.46
5,5,sample 5 replicate 5,48,6.85,2.35,1.6675,34.3066,65.3409
5,5,sample 5 replicate 5,49,6.85,2.4,1.7239,35.0365,67.5509
5,5,sample 5 replicate 5,50,6.85,2.45,1.776,35.7664,69.5925
5,5,sample 5 replicate 5,51,6.85,2.5,1.8074,36.4964,70.8229
5,5,sample 5 replicate 5,52,6.85,2.55,1.8595,37.2263,72.8644
5,5,sample 5 replicate 5,53,6.85,2.6,1.895,37.9562,74.2555
5,5,sample 5 replicate 5,54,6.85,2.65,1.9701,38.6861,77.1983
5,5,sample 5 replicate 5,55,6.85,2.7,2.0223,39.4161,79.2437
5,5,sample 5 replicate 5,56,6.85,2.75,2.0808,40.146,81.5361
5,5,sample 5 replicate 5,57,6.85,2.8,2.1726,40.8759,85.1332
5,5,sample 5 replicate 5,58,6.85,2.85,2.254,41.6058,88.3229
5,5,sample 5 replicate 5,59,6.85,2.9,2.3312,42.3358,91.348
5,5,sample 5 replicate 5,60,6.85,2.95,2.4063,43.0657,94.2908
5,5,sample 5 replicate 5,61,6.85,3.0,2.4794,43.7956,97.1552
5,5,sample 5 replicate 5,62,6.85,3.05,2.5858,44.5255,101.3245
5,5,sample 5 replicate 5,63,6.85,3.1,2.6964,45.2555,105.6583
5,5,sample 5 replicate 5,64,6.85,3.15,2.7987,45.9854,109.6669
5,5,sample 5 replicate 5,65,6.85,3.2,2.8989,46.7153,113.5933
5,5,sample 5 replicate 5,66,6.85,3.25,2.999,47.4453,117.5157
5,5,sample 5 replicate 5,67,6.85,3.3,3.095,48.1752,121.2774
5,5,sample 5 replicate 5,68,6.85,3.35,3.166,48.9051,124.0596
5,5,sample 5 replicate 5,69,6.85,3.4,3.237,49.635,126.8417
5,5,sample 5 replicate 5,70,6.85,3.45,3.2996,50.365,129.2947
5,5,sample 5 replicate 5,71,6.85,3.5,3.3497,51.0949,131.2578
5,5,sample 5 replicate 5,72,6.85,3.55,3.4018,51.8248,133.2994
5,5,sample 5 replicate 5,73,6.85,3.6,3.4081,52.5547,133.5462
5,5,sample 5 replicate 5,74,6.85,3.65,3.4185,53.2847,133.9538
5,5,sample 5 replicate 5,75,6.85,3.7,3.4436,54.0146,134.9373
5,5,sample 5 replicate 5,76,6.85,3.75,3.4498,54.7445,135.1803
5,5,sample 5 replicate 5,77,6.85,3.8,3.429,55.4745,134.3652
5,5,sample 5 replicate 5,78,6.85,3.85,3.4039,56.2044,133.3817
5,5,sample 5 replicate 5,79,6.85,3.9,3.3705,56.9343,132.0729
5,5,sample 5 replicate 5,80,6.85,3.95,3.3476,57.6642,131.1755
5,5,sample 5 replicate 5,81,6.85,4.0,3.3476,58.3942,131.1755
5,5,sample 5 replicate 5,82,6.85,4.05,3.3476,59.1241,131.1755
5,5,sample 5 replicate 5,83,6.85,4.1,3.3664,59.854,131.9122
5,5,sample 5 replicate 5,84,6.85,4.15,3.3684,60.5839,131.9906
5,5,sample 5 replicate 5,85,6.85,4.2,3.3997,61.3139,133.2171
5,5,sample 5 replicate 5,86,6.85,4.25,3.4457,62.0438,135.0196
5,5,sample 5 replicate 5,87,6.85,4.3,3.525,62.7737,138.127
5,5,sample 5 replicate 5,88,6.85,4.35,3.6064,63.5036,141.3166
5,5,sample 5 replicate 5,89,6.85,4.4,3.6919,64.2336,144.6669
5,5,sample 5 replicate 5,90,6.85,4.45,3.7775,64.9635,148.0212
5,5,sample 5 replicate 5,91,6.85,4.5,3.8735,65.6934,151.7829
5,5,sample 5 replicate 5,92,6.85,4.55,3.982,66.4234,156.0345
5,5,sample 5 replicate 5,93,6.85,4.6,4.0697,67.1533,159.471
5,5,sample 5 replicate 5,94,6.85,4.65,4.1552,67.8832,162.8213
5,5,sample 5 replicate 5,95,6.85,4.7,4.2283,68.6131,165.6857
5,5,sample 5 replicate 5,96,6.85,4.75,4.3306,69.3431,169.6944
5,5,sample 5 replicate 5,97,6.85,4.8,4.4266,70.073,173.4561
5,5,sample 5 replicate 5,98,6.85,4.85,4.5163,70.8029,176.971
5,5,sample 5 replicate 5,99,6.85,4.9,4.5726,71.5328,179.1771
5,5,sample 5 replicate 5,100,6.85,4.95,4.6478,72.2628,182.1238
5,5,sample 5 replicate 5,101,6.85,5.0,4.7605,72.9927,186.54
5,5,sample 5 replicate 5,102,6.85,5.05,4.8356,73.7226,189.4828
5,5,sample 5 replicate 5,103,6.85,5.1,4.9274,74.4526,193.0799
5,5,sample 5 replicate 5,104,6.85,5.15,5.0276,75.1825,197.0063
5,5,sample 5 replicate 5,105,6.85,5.2,5.1236,75.9124,200.768
5,5,sample 5 replicate 5,106,6.85,5.25,5.1946,76.6423,203.5502
5,5,sample 5 replicate 5,107,6.85,5.3,5.324,77.3723,208.6207
5,5,sample 5 replicate 5,108,6.85,5.35,5.4221,78.1022,212.4647
5,5,sample 5 replicate 5,109,6.85,5.4,5.5222,78.8321,216.3871
5,5,sample 5 replicate 5,110,6.85,5.45,5.6433,79.562,221.1324
5,5,sample 5 replicate 5,111,6.85,5.5,5.7727,80.292,226.203
5,5,sample 5 replicate 5,112,6.85,5.55,5.9,81.0219,231.1912
5,5,sample 5 replicate 5,113,6.85,5.6,6.0315,81.7518,236.344
5,5,sample 5 replicate 5,114,6.85,5.65,6.1734,82.4818,241.9044
5,5,sample 5 replicate 5,115,6.85,5.7,6.3508,83.2117,248.8558
5,5,sample 5 replicate 5,116,6.85,5.75,6.5261,83.9416,255.7249
5,5,sample 5 replicate 5,117,6.85,5.8,6.6722,84.6715,261.4498
5,5,sample 5 replicate 5,118,6.85,5.85,6.86,85.4015,268.8088
5,5,sample 5 replicate 5,119,6.85,5.9,7.0896,86.1314,277.8056
5,5,sample 5 replicate 5,120,6.85,5.95,7.2858,86.8613,285.4937
5,5,sample 5 replicate 5,121,6.85,6.0,7.5133,87.5912,294.4083
5,5,sample 5 replicate 5,122,6.85,6.05,7.7387,88.3212,303.2406
5,5,sample 5 replicate 5,123,6.85,6.1,7.9912,89.0511,313.1348
5,5,sample 5 replicate 5,124,6.85,6.15,8.106,89.781,317.6332
6,5,sample 6 replicate 5,1,7.85,0.0,-0.0125,0.0,-0.4898
6,5,sample 6 replicate 5,2,7.85,0.05,0.0125,0.6369,0.4898
6,5,sample 6 replicate 5,3,7.85,0.1,0.0501,1.2739,1.9632
6,5,sample 6 replicate 5,4,7.85,0.15,0.0856,1.9108,3.3542
6,5,sample 6 replicate 5,5,7.85,0.2,0.121,2.5478,4.7414
6,5,sample 6 replicate 5,6,7.85,0.25,0.1482,3.1847,5.8072
6,5,sample 6 replicate 5,7,7.85,0.3,0.1711,3.8217,6.7045
6,5,sample 6 replicate 5,8,7.85,0.35,0.2045,4.4586,8.0133
6,5,sample 6 replicate 5,9,7.85,0.4,0.2379,5.0955,9.3221
6,5,sample 6 replicate 5,10,7.85,0.45,0.2609,5.7325,10.2234
6,5,sample 6 replicate 5,11,7.85,0.5,0.2901,6.3694,11.3676
6,5,sample 6 replicate 5,12,7.85,0.55,0.3172,7.0064,12.4295
6,5,sample 6 replicate 5,13,7.85,0.6,0.3297,7.6433,12.9193
6,5,sample 6 replicate 5,14,7.85,0.65,0.3569,8.2803,13.9851
6,5,sample 6 replicate 5,15,7.85,0.7,0.3777,8.9172,14.8002
6,5,sample 6 replicate 5,16,7.85,0.75,0.3757,9.5541,14.7218
6,5,sample 6 replicate 5,17,7.85,0.8,0.3944,10.1911,15.4545
6,5,sample 6 replicate 5,18,7.85,0.85,0.432,10.828,16.9279
6,5,sample 6 replicate 5,19,7.85,0.9,0.4612,11.465,18.0721
6,5,sample 6 replicate 5,20,7.85,0.95,0.4946,12.1019,19.3809
6,5,sample 6 replicate 5,21,7.85,1.0,0.5489,12.7389,21.5086
6,5,sample 6 replicate 5,22,7.85,1.05,0.5781,13.3758,22.6528
6,5,sample 6 replicate 5,23,7.85,1.1,0.6011,14.0127,23.5541
6,5,sample 6 replicate 5,24,7.85,1.15,0.6282,14.6497,24.616
6,5,sample 6 replicate 5,25,7.85,1.2,0.6491,15.2866,25.435
6,5,sample 6 replicate 5,26,7.85,1.25,0.672,15.9236,26.3323
6,5,sample 6 replicate 5,27,7.85,1.3,0.695,16.5605,27.2335
6,5,sample 6 replicate 5,28,7.85,1.35,0.7138,17.1975,27.9702
6,5,sample 6 replicate 5,29,7.85,1.4,0.7367,17.8344,28.8676
6,5,sample 6 replicate 5,30,7.85,1.45,0.7618,18.4713,29.8511
6,5,sample 6 replicate 5,31,7.85,1.5,0.7805,19.1083,30.5839
6,5,sample 6 replicate 5,32,7.85,1.55,0.8285,19.7452,32.4647
6,5,sample 6 replicate 5,33,7.85,1.6,0.8369,20.3822,32.7939
6,5,sample 6 replicate 5,34,7.85,1.65,0.8745,21.0191,34.2672
6,5,sample 6 replicate 5,35,7.85,1.7,0.8974,21.6561,35.1646
6,5,sample 6 replicate 5,36,7.85,1.75,0.9308,22.293,36.4734
6,5,sample 6 replicate 5,37,7.85,1.8,0.9663,22.9299,37.8644
6,5,sample 6 replicate 5,38,7.85,1.85,0.9934,23.5669,38.9263
6,5,sample 6 replicate 5,39,7.85,1.9,1.0289,24.2038,40.3174
6,5,sample 6 replicate 5,40,7.85,1.95,1.0852,24.8408,42.5235
6,5,sample 6 replicate 5,41,7.85,2.0,1.1186,25.4777,43.8323
6,5,sample 6 replicate 5,42,7.85,2.05,1.1625,26.1146,45.5525
6,5,sample 6 replicate 5,43,7.85,2.1,1.2,26.7516,47.0219
6,5,sample 6 replicate 5,44,7.85,2.15,1.2459,27.3885,48.8205
6,5,sample 6 replicate 5,45,7.85,2.2,1.3002,28.0255,50.9483
6,5,sample 6 replicate 5,46,7.85,2.25,1.3566,28.6624,53.1583
6,5,sample 6 replicate 5,47,7.85,2.3,1.4233,29.2994,55.7719
6,5,sample 6 replicate 5,48,7.85,2.35,1.4964,29.9363,58.6364
6,5,sample 6 replicate 5,49,7.85,2.4,1.5757,30.5732,61.7437
6,5,sample 6 replicate 5,50,7.85,2.45,1.6592,31.2102,65.0157
6,5,sample 6 replicate 5,51,7.85,2.5,1.7447,31.8471,68.366
6,5,sample 6 replicate 5,52,7.85,2.55,1.8282,32.4841,71.6379
6,5,sample 6 replicate 5,53,7.85,2.6,1.9263,33.121,75.482
6,5,sample 6 replicate 5,54,7.85,2.65,2.0202,33.758,79.1614
6,5,sample 6 replicate 5,55,7.85,2.7,2.135,34.3949,83.6599
6,5,sample 6 replicate 5,56,7.85,2.75,2.2561,35.0318,88.4052
6,5,sample 6 replicate 5,57,7.85,2.8,2.3834,35.6688,93.3934
6,5,sample 6 replicate 5,58,7.85,2.85,2.5336,36.3057,99.279
6,5,sample 6 replicate 5,59,7.85,2.9,2.6985,36.9427,105.7406
6,5,sample 6 replicate 5,60,7.85,2.95,2.855,37.5796,111.873
6,5,sample 6 replicate 5,61,7.85,3.0,3.0283,38.2166,118.6638
6,5,sample 6 replicate 5,62,7.85,3.05,3.2182,38.8535,126.105
6,5,sample 6 replicate 5,63,7.85,3.1,3.4477,39.4904,135.098
6,5,sample 6 replicate 5,64,7.85,3.15,3.694,40.1274,144.7492
6,5,sample 6 replicate 5,65,7.85,3.2,3.9027,40.7643,152.9271
6,5,sample 6 replicate 5,66,7.85,3.25,4.1281,41.4013,161.7594
6,5,sample 6 replicate 5,67,7.85,3.3,4.3326,42.0382,169.7727
6,5,sample 6 replicate 5,68,7.85,3.35,4.5246,42.6752,177.2962
6,5,sample 6 replicate 5,69,7.85,3.4,4.7208,43.3121,184.9843
6,5,sample 6 replicate 5,70,7.85,3.45,4.8273,43.949,189.1575
6,5,sample 6 replicate 5,71,7.85,3.5,4.917,44.586,192.6724
6,5,sample 6 replicate 5,72,7.85,3.55,4.9796,45.2229,195.1254
6,5,sample 6 replicate 5,73,7.85,3.6,4.988,45.8599,195.4545
6,5,sample 6 replicate 5,74,7.85,3.65,4.9754,46.4968,194.9608
6,5,sample 6 replicate 5,75,7.85,3.7,4.9379,47.1338,193.4914
6,5,sample 6 replicate 5,76,7.85,3.75,4.8982,47.7707,191.9357
6,5,sample 6 replicate 5,77,7.85,3.8,4.9212,48.4076,192.837
6,5,sample 6 replicate 5,78,7.85,3.85,4.8982,49.0446,191.9357
6,5,sample 6 replicate 5,79,7.85,3.9,4.9358,49.6815,193.4091
6,5,sample 6 replicate 5,80,7.85,3.95,4.9713,50.3185,194.8002
6,5,sample 6 replicate 5,81,7.85,4.0,5.0151,50.9554,196.5165
6,5,sample 6 replicate 5,82,7.85,4.05,5.0965,51.5924,199.7061
6,5,sample 6 replicate 5,83,7.85,4.1,5.1967,52.2293,203.6324
6,5,sample 6 replicate 5,84,7.85,4.15,5.3177,52.8662,208.3738
6,5,sample 6 replicate 5,85,7.85,4.2,5.4346,53.5032,212.9545
6,5,sample 6 replicate 5,86,7.85,4.25,5.5327,54.1401,216.7986
6,5,sample 6 replicate 5,87,7.85,4.3,5.5974,54.7771,219.3339
6,5,sample 6 replicate 5,88,7.85,4.35,5.66,55.414,221.7868
6,5,sample 6 replicate 5,89,7.85,4.4,5.7372,56.051,224.8119
6,5,sample 6 replicate 5,90,7.85,4.45,5.8875,56.6879,230.7014
6,5,sample 6 replicate 5,91,7.85,4.5,6.0336,57.3248,236.4263
6,5,sample 6 replicate 5,92,7.85,4.55,6.1755,57.9618,241.9867
6,5,sample 6 replicate 5,93,7.85,4.6,6.3028,58.5987,246.9749
6,5,sample 6 replicate 5,94,7.85,4.65,6.4071,59.2357,251.0619
6,5,sample 6 replicate 5,95,7.85,4.7,6.5303,59.8726,255.8895
6,5,sample 6 replicate 5,96,7.85,4.75,6.6388,60.5096,260.1411
6,5,sample 6 replicate 5,97,7.85,4.8,6.7139,61.1465,263.0839
6,5,sample 6 replicate 5,98,7.85,4.85,6.7786,61.7834,265.6191
6,5,sample 6 replicate 5,99,7.85,4.9,6.8371,62.4204,267.9114
6,5,sample 6 replicate 5,100,7.85,4.95,6.8851,63.0573,269.7923
6,5,sample 6 replicate 5,101,7.85,5.0,6.9331,63.6943,271.6732
6,5,sample 6 replicate 5,102,7.85,5.05,6.9518,64.3312,272.406
6,5,sample 6 replicate 5,103,7.85,5.1,6.9518,64.9682,272.406
6,5,sample 6 replicate 5,104,7.85,5.15,6.9414,65.6051,271.9984
6,5,sample 6 replicate 5,105,7.85,5.2,6.9038,66.242,270.5251
6,5,sample 6 replicate 5,106,7.85,5.25,6.8642,66.879,268.9734
6,5,sample 6 replicate 5,107,7.85,5.3,6.8809,67.5159,269.6277
6,5,sample 6 replicate 5,108,7.85,5.35,6.883,68.1529,269.71
6,5,sample 6 replicate 5,109,7.85,5.4,6.8705,68.7898,269.2202
6,5,sample 6 replicate 5,110,7.85,5.45,6.8746,69.4268,269.3809
6,5,sample 6 replicate 5,111,7.85,5.5,6.9414,70.0637,271.9984
6,5,sample 6 replicate 5,112,7.85,5.55,7.0207,70.7006,275.1058
6,5,sample 6 replicate 5,113,7.85,5.6,7.0979,71.3376,278.1309
6,5,sample 6 replicate 5,114,7.85,5.65,7.196,71.9745,281.9749
6,5,sample 6 replicate 5,115,7.85,5.7,7.3129,72.6115,286.5556
6,5,sample 6 replicate 5,116,7.85,5.75,7.4026,73.2484,290.0705
6,5,sample 6 replicate 5,117,7.85,5.8,7.5383,73.8854,295.3879
6,5,sample 6 replicate 5,118,7.85,5.85,7.6593,74.5223,300.1293
6,5,sample 6 replicate 5,119,7.85,5.9,7.8054,75.1592,305.8542
6,5,sample 6 replicate 5,120,7.85,5.95,7.9494,75.7962,311.4969
6,5,sample 6 replicate 5,121,7.85,6.0,8.1227,76.4331,318.2876
4,6,sample 4 replicate 6,1,3.650000000000002,0.0,-0.0292,0.0,-1.1442
4,6,sample 4 replicate 6,2,3.650000000000002,0.05,-0.0125,1.3699,-0.4898
4,6,sample 4 replicate 6,3,3.650000000000002,0.1,0.0292,2.7397,1.1442
4,6,sample 4 replicate 6,4,3.650000000000002,0.15,0.1398,4.1096,5.4781
4,6,sample 4 replicate 6,5,3.650000000000002,0.2,0.3297,5.4795,12.9193
4,6,sample 4 replicate 6,6,3.650000000000002,0.25,0.5864,6.8493,22.9781
4,6,sample 4 replicate 6,7,3.650000000000002,0.3,0.7889,8.2192,30.913
4,6,sample 4 replicate 6,8,3.650000000000002,0.35,0.9934,9.589,38.9263
4,6,sample 4 replicate 6,9,3.650000000000002,0.4,1.2084,10.9589,47.3511
4,6,sample 4 replicate 6,10,3.650000000000002,0.45,1.4129,12.3288,55.3644
4,6,sample 4 replicate 6,11,3.650000000000002,0.5,1.6133,13.6986,63.2171
4,6,sample 4 replicate 6,12,3.650000000000002,0.55,1.8053,15.0685,70.7406
4,6,sample 4 replicate 6,13,3.650000000000002,0.6,1.991,16.4384,78.0172
4,6,sample 4 replicate 6,14,3.650000000000002,0.65,2.1329,17.8082,83.5776
4,6,sample 4 replicate 6,15,3.650000000000002,0.7,2.1642,19.1781,84.8041
4,6,sample 4 replicate 6,16,3.650000000000002,0.75,2.183,20.5479,85.5408
4,6,sample 4 replicate 6,17,3.650000000000002,0.8,2.3479,21.9178,92.0024
4,6,sample 4 replicate 6,18,3.650000000000002,0.85,2.4919,23.2877,97.645
4,6,sample 4 replicate 6,19,3.650000000000002,0.9,2.6401,24.6575,103.4522
4,6,sample 4 replicate 6,20,3.650000000000002,0.95,2.8091,26.0274,110.0745
4,6,sample 4 replicate 6,21,3.650000000000002,1.0,2.974,27.3973,116.5361
4,6,sample 4 replicate 6,22,3.650000000000002,1.05,3.1326,28.7671,122.7508
4,6,sample 4 replicate 6,23,3.650000000000002,1.1,3.2933,30.137,129.0478
4,6,sample 4 replicate 6,24,3.650000000000002,1.15,3.4373,31.5068,134.6904
4,6,sample 4 replicate 6,25,3.650000000000002,1.2,3.6001,32.8767,141.0697
4,6,sample 4 replicate 6,26,3.650000000000002,1.25,3.7733,34.2466,147.8566
4,6,sample 4 replicate 6,27,3.650000000000002,1.3,3.9236,35.6164,153.7461
4,6,sample 4 replicate 6,28,3.650000000000002,1.35,4.0739,36.9863,159.6356
4,6,sample 4 replicate 6,29,3.650000000000002,1.4,4.2179,38.3562,165.2782
4,6,sample 4 replicate 6,30,3.650000000000002,1.45,4.366,39.726,171.0815
4,6,sample 4 replicate 6,31,3.650000000000002,1.5,4.5267,41.0959,177.3785
4,6,sample 4 replicate 6,32,3.650000000000002,1.55,4.6958,42.4658,184.0047
4,6,sample 4 replicate 6,33,3.650000000000002,1.6,4.8815,43.8356,191.2813
4,6,sample 4 replicate 6,34,3.650000000000002,1.65,5.0547,45.2055,198.0682
4,6,sample 4 replicate 6,35,3.650000000000002,1.7,5.2217,46.5753,204.6121
4,6,sample 4 replicate 6,36,3.650000000000002,1.75,5.4116,47.9452,212.0533
4,6,sample 4 replicate 6,37,3.650000000000002,1.8,5.5932,49.3151,219.1693
4,6,sample 4 replicate 6,38,3.650000000000002,1.85,5.7727,50.6849,226.203
4,6,sample 4 replicate 6,39,3.650000000000002,1.9,5.8624,52.0548,229.7179
4,6,sample 4 replicate 6,40,3.650000000000002,1.95,5.9772,53.4247,234.2163
4,6,sample 4 replicate 6,41,3.650000000000002,2.0,6.1963,54.7945,242.8017
4,6,sample 4 replicate 6,42,3.650000000000002,2.05,6.3487,56.1644,248.7735
4,6,sample 4 replicate 6,43,3.650000000000002,2.1,6.5031,57.5342,254.8237
4,6,sample 4 replicate 6,44,3.650000000000002,2.15,6.6534,58.9041,260.7132
4,6,sample 4 replicate 6,45,3.650000000000002,2.2,6.8558,60.274,268.6442
4,6,sample 4 replicate 6,46,3.650000000000002,2.25,7.0666,61.6438,276.9044
4,6,sample 4 replicate 6,47,3.650000000000002,2.3,7.2899,63.0137,285.6544
4,6,sample 4 replicate 6,48,3.650000000000002,2.35,7.5091,64.3836,294.2437
4,6,sample 4 replicate 6,49,3.650000000000002,2.4,7.7992,65.7534,305.6113
4,6,sample 4 replicate 6,50,3.650000000000002,2.45,8.0955,67.1233,317.2218
5,6,sample 5 replicate 6,1,5.649999999999999,0.0,-0.025,0.0,-0.9796
5,6,sample 5 replicate 6,2,5.649999999999999,0.05,0.0856,0.885,3.3542
5,6,sample 5 replicate 6,3,5.649999999999999,0.1,0.2504,1.7699,9.8119
5,6,sample 5 replicate 6,4,5.649999999999999,0.15,0.4153,2.6549,16.2735
5,6,sample 5 replicate 6,5,5.649999999999999,0.2,0.6345,3.5398,24.8629
5,6,sample 5 replicate 6,6,5.649999999999999,0.25,0.8223,4.4248,32.2218
5,6,sample 5 replicate 6,7,5.649999999999999,0.3,1.0018,5.3097,39.2555
5,6,sample 5 replicate 6,8,5.649999999999999,0.35,1.2042,6.1947,47.1865
5,6,sample 5 replicate 6,9,5.649999999999999,0.4,1.3941,7.0796,54.6277
5,6,sample 5 replicate 6,10,5.649999999999999,0.45,1.5861,7.9646,62.1513
5,6,sample 5 replicate 6,11,5.649999999999999,0.5,1.7677,8.8496,69.2672
5,6,sample 5 replicate 6,12,5.649999999999999,0.55,1.9409,9.7345,76.0541
5,6,sample 5 replicate 6,13,5.649999999999999,0.6,2.11,10.6195,82.6803
5,6,sample 5 replicate 6,14,5.649999999999999,0.65,2.2415,11.5044,87.8331
5,6,sample 5 replicate 6,15,5.649999999999999,0.7,2.3187,12.3894,90.8582
5,6,sample 5 replicate 6,16,5.649999999999999,0.75,2.3604,13.2743,92.4922
5,6,sample 5 replicate 6,17,5.649999999999999,0.8,2.471,14.1593,96.826
5,6,sample 5 replicate 6,18,5.649999999999999,0.85,2.5733,15.0442,100.8346
5,6,sample 5 replicate 6,19,5.649999999999999,0.9,2.6359,15.9292,103.2876
5,6,sample 5 replicate 6,20,5.649999999999999,0.95,2.7632,16.8142,108.2759
5,6,sample 5 replicate 6,21,5.649999999999999,1.0,2.9093,17.6991,114.0008
5,6,sample 5 replicate 6,22,5.649999999999999,1.05,3.0512,18.5841,119.5611
5,6,sample 5 replicate 6,23,5.649999999999999,1.1,3.189,19.469,124.9608
5,6,sample 5 replicate 6,24,5.649999999999999,1.15,3.333,20.354,130.6034
5,6,sample 5 replicate 6,25,5.649999999999999,1.2,3.4874,21.2389,136.6536
5,6,sample 5 replicate 6,26,5.649999999999999,1.25,3.6564,22.1239,143.2759
5,6,sample 5 replicate 6,27,5.649999999999999,1.3,3.7942,23.0088,148.6755
5,6,sample 5 replicate 6,28,5.649999999999999,1.35,3.9549,23.8938,154.9726
5,6,sample 5 replicate 6,29,5.649999999999999,1.4,4.1135,24.7788,161.1873
5,6,sample 5 replicate 6,30,5.649999999999999,1.45,4.2325,25.6637,165.8503
5,6,sample 5 replicate 6,31,5.649999999999999,1.5,4.3827,26.5487,171.7359
5,6,sample 5 replicate 6,32,5.649999999999999,1.55,4.5163,27.4336,176.971
5,6,sample 5 replicate 6,33,5.649999999999999,1.6,4.6853,28.3186,183.5933
5,6,sample 5 replicate 6,34,5.649999999999999,1.65,4.8669,29.2035,190.7092
5,6,sample 5 replicate 6,35,5.649999999999999,1.7,5.0005,30.0885,195.9444
5,6,sample 5 replicate 6,36,5.649999999999999,1.75,5.1445,30.9735,201.587
5,6,sample 5 replicate 6,37,5.649999999999999,1.8,5.3052,31.8584,207.884
5,6,sample 5 replicate 6,38,5.649999999999999,1.85,5.4617,32.7434,214.0165
5,6,sample 5 replicate 6,39,5.649999999999999,1.9,5.6182,33.6283,220.1489
5,6,sample 5 replicate 6,40,5.649999999999999,1.95,5.756,34.5133,225.5486
5,6,sample 5 replicate 6,41,5.649999999999999,2.0,5.9334,35.3982,232.5
5,6,sample 5 replicate 6,42,5.649999999999999,2.05,6.1045,36.2832,239.2045
5,6,sample 5 replicate 6,43,5.649999999999999,2.1,6.2882,37.1681,246.4028
5,6,sample 5 replicate 6,44,5.649999999999999,2.15,6.4781,38.0531,253.844
5,6,sample 5 replicate 6,45,5.649999999999999,2.2,6.5157,38.9381,255.3174
5,6,sample 5 replicate 6,46,5.649999999999999,2.25,6.6451,39.823,260.3879
5,6,sample 5 replicate 6,47,5.649999999999999,2.3,6.7807,40.708,265.7014
5,6,sample 5 replicate 6,48,5.649999999999999,2.35,6.956,41.5929,272.5705
5,6,sample 5 replicate 6,49,5.649999999999999,2.4,7.1689,42.4779,280.913
5,6,sample 5 replicate 6,50,5.649999999999999,2.45,7.4235,43.3628,290.8895
5,6,sample 5 replicate 6,51,5.649999999999999,2.5,7.7157,44.2478,302.3393
5,6,sample 5 replicate 6,52,5.649999999999999,2.55,8.1101,45.1327,317.7939
6,6,sample 6 replicate 6,1,6.299999999999999,0.0,-0.0355,0.0,-1.3911
6,6,sample 6 replicate 6,2,6.299999999999999,0.05,-0.025,0.7937,-0.9796
6,6,sample 6 replicate 6,3,6.299999999999999,0.1,0.0167,1.5873,0.6544
6,6,sample 6 replicate 6,4,6.299999999999999,0.15,0.0751,2.381,2.9428
6,6,sample 6 replicate 6,5,6.299999999999999,0.2,0.2421,3.1746,9.4867
6,6,sample 6 replicate 6,6,6.299999999999999,0.25,0.409,3.9683,16.0266
6,6,sample 6 replicate 6,7,6.299999999999999,0.3,0.624,4.7619,24.4514
6,6,sample 6 replicate 6,8,6.299999999999999,0.35,0.8035,5.5556,31.4851
6,6,sample 6 replicate 6,9,6.299999999999999,0.4,1.008,6.3492,39.4984
6,6,sample 6 replicate 6,10,6.299999999999999,0.45,1.2355,7.1429,48.413
6,6,sample 6 replicate 6,11,6.299999999999999,0.5,1.4359,7.9365,56.2657
6,6,sample 6 replicate 6,12,6.299999999999999,0.55,1.6153,8.7302,63.2955
6,6,sample 6 replicate 6,13,6.299999999999999,0.6,1.7927,9.5238,70.2469
6,6,sample 6 replicate 6,14,6.299999999999999,0.65,1.7844,10.3175,69.9216
6,6,sample 6 replicate 6,15,6.299999999999999,0.7,1.9514,11.1111,76.4655
6,6,sample 6 replicate 6,16,6.299999999999999,0.75,2.1183,11.9048,83.0055
6,6,sample 6 replicate 6,17,6.299999999999999,0.8,2.2707,12.6984,88.9773
6,6,sample 6 replicate 6,18,6.299999999999999,0.85,2.4105,13.4921,94.4553
6,6,sample 6 replicate 6,19,6.299999999999999,0.9,2.5482,14.2857,99.8511
6,6,sample 6 replicate 6,20,6.299999999999999,0.95,2.6818,15.0794,105.0862
6,6,sample 6 replicate 6,21,6.299999999999999,1.0,2.8467,15.873,111.5478
6,6,sample 6 replicate 6,22,6.299999999999999,1.05,3.0095,16.6667,117.9271
6,6,sample 6 replicate 6,23,6.299999999999999,1.1,3.1618,17.4603,123.895
6,6,sample 6 replicate 6,24,6.299999999999999,1.15,3.3184,18.254,130.0313
6,6,sample 6 replicate 6,25,6.299999999999999,1.2,3.5062,19.0476,137.3903
6,6,sample 6 replicate 6,26,6.299999999999999,1.25,3.6773,19.8413,144.0948
6,6,sample 6 replicate 6,27,6.299999999999999,1.3,3.8443,20.6349,150.6387
6,6,sample 6 replicate 6,28,6.299999999999999,1.35,3.9966,21.4286,156.6066
6,6,sample 6 replicate 6,29,6.299999999999999,1.4,4.1511,22.2222,162.6607
6,6,sample 6 replicate 6,30,6.299999999999999,1.45,4.2721,23.0159,167.402
6,6,sample 6 replicate 6,31,6.299999999999999,1.5,4.3973,23.8095,172.308
6,6,sample 6 replicate 6,32,6.299999999999999,1.55,4.5643,24.6032,178.8519
6,6,sample 6 replicate 6,33,6.299999999999999,1.6,4.748,25.3968,186.0502
6,6,sample 6 replicate 6,34,6.299999999999999,1.65,4.869,26.1905,190.7915
6,6,sample 6 replicate 6,35,6.299999999999999,1.7,4.9921,26.9841,195.6152
6,6,sample 6 replicate 6,36,6.299999999999999,1.75,5.1236,27.7778,200.768
6,6,sample 6 replicate 6,37,6.299999999999999,1.8,5.2635,28.5714,206.25
6,6,sample 6 replicate 6,38,6.299999999999999,1.85,5.4033,29.3651,211.7281
6,6,sample 6 replicate 6,39,6.299999999999999,1.9,5.5222,30.1587,216.3871
6,6,sample 6 replicate 6,40,6.299999999999999,1.95,5.6224,30.9524,220.3135
6,6,sample 6 replicate 6,41,6.299999999999999,2.0,5.7247,31.746,224.3221
6,6,sample 6 replicate 6,42,6.299999999999999,2.05,5.7894,32.5397,226.8574
6,6,sample 6 replicate 6,43,6.299999999999999,2.1,5.8875,33.3333,230.7014
6,6,sample 6 replicate 6,44,6.299999999999999,2.15,5.9856,34.127,234.5455
6,6,sample 6 replicate 6,45,6.299999999999999,2.2,6.14,34.9206,240.5956
6,6,sample 6 replicate 6,46,6.299999999999999,2.25,6.1859,35.7143,242.3942
6,6,sample 6 replicate 6,47,6.299999999999999,2.3,6.2715,36.5079,245.7484
6,6,sample 6 replicate 6,48,6.299999999999999,2.35,6.4113,37.3016,251.2265
6,6,sample 6 replicate 6,49,6.299999999999999,2.4,6.5344,38.0952,256.0502
6,6,sample 6 replicate 6,50,6.299999999999999,2.45,6.6722,38.8889,261.4498
6,6,sample 6 replicate 6,51,6.299999999999999,2.5,6.7911,39.6825,266.1089
6,6,sample 6 replicate 6,52,6.299999999999999,2.55,6.9122,40.4762,270.8542
6,6,sample 6 replicate 6,53,6.299999999999999,2.6,7.0541,41.2698,276.4146
6,6,sample 6 replicate 6,54,6.299999999999999,2.65,7.1939,42.0635,281.8926
6,6,sample 6 replicate 6,55,6.299999999999999,2.7,7.2795,42.8571,285.2469
6,6,sample 6 replicate 6,56,6.299999999999999,2.75,7.436,43.6508,291.3793
6,6,sample 6 replicate 6,57,6.299999999999999,2.8,7.5988,44.4444,297.7586
6,6,sample 6 replicate 6,58,6.299999999999999,2.85,7.8534,45.2381,307.7351
6,6,sample 6 replicate 6,59,6.299999999999999,2.9,8.1665,46.0317,320.0039
4,7,sample 4 replicate 7,1,3.150000000000002,0.0,-0.0417,0.0,-1.634
4,7,sample 4 replicate 7,2,3.150000000000002,0.05,-0.0271,1.5873,-1.0619
4,7,sample 4 replicate 7,3,3.150000000000002,0.1,0.0167,3.1746,0.6544
4,7,sample 4 replicate 7,4,3.150000000000002,0.15,0.1106,4.7619,4.3339
4,7,sample 4 replicate 7,5,3.150000000000002,0.2,0.265,6.3492,10.384
4,7,sample 4 replicate 7,6,3.150000000000002,0.25,0.5593,7.9365,21.9161
4,7,sample 4 replicate 7,7,3.150000000000002,0.3,0.8077,9.5238,31.6497
4,7,sample 4 replicate 7,8,3.150000000000002,0.35,1.0811,11.1111,42.3629
4,7,sample 4 replicate 7,9,3.150000000000002,0.4,1.3712,12.6984,53.7304
4,7,sample 4 replicate 7,10,3.150000000000002,0.45,1.6759,14.2857,65.6701
4,7,sample 4 replicate 7,11,3.150000000000002,0.5,1.966,15.873,77.0376
4,7,sample 4 replicate 7,12,3.150000000000002,0.55,2.2352,17.4603,87.5862
4,7,sample 4 replicate 7,13,3.150000000000002,0.6,2.4773,19.0476,97.0729
4,7,sample 4 replicate 7,14,3.150000000000002,0.65,2.6943,20.6349,105.576
4,7,sample 4 replicate 7,15,3.150000000000002,0.7,2.9323,22.2222,114.902
4,7,sample 4 replicate 7,16,3.150000000000002,0.75,3.1389,23.8095,122.9976
4,7,sample 4 replicate 7,17,3.150000000000002,0.8,3.3037,25.3968,129.4553
4,7,sample 4 replicate 7,18,3.150000000000002,0.85,3.5104,26.9841,137.5549
4,7,sample 4 replicate 7,19,3.150000000000002,0.9,3.7337,28.5714,146.3049
4,7,sample 4 replicate 7,20,3.150000000000002,0.95,3.9424,30.1587,154.4828
4,7,sample 4 replicate 7,21,3.150000000000002,1.0,4.1239,31.746,161.5948
4,7,sample 4 replicate 7,22,3.150000000000002,1.05,4.293,33.3333,168.221
4,7,sample 4 replicate 7,23,3.150000000000002,1.1,4.4599,34.9206,174.761
4,7,sample 4 replicate 7,24,3.150000000000002,1.15,4.3452,36.5079,170.2665
4,7,sample 4 replicate 7,25,3.150000000000002,1.2,4.5601,38.0952,178.6873
4,7,sample 4 replicate 7,26,3.150000000000002,1.25,4.8168,39.6825,188.7461
4,7,sample 4 replicate 7,27,3.150000000000002,1.3,5.0568,41.2698,198.1505
4,7,sample 4 replicate 7,28,3.150000000000002,1.35,5.3135,42.8571,208.2092
4,7,sample 4 replicate 7,29,3.150000000000002,1.4,5.5974,44.4444,219.3339
4,7,sample 4 replicate 7,30,3.150000000000002,1.45,5.8478,46.0317,229.1458
4,7,sample 4 replicate 7,31,3.150000000000002,1.5,6.1296,47.619,240.1881
4,7,sample 4 replicate 7,32,3.150000000000002,1.55,6.4217,49.2063,251.634
4,7,sample 4 replicate 7,33,3.150000000000002,1.6,6.6993,50.7937,262.5118
4,7,sample 4 replicate 7,34,3.150000000000002,1.65,6.9748,52.381,273.3072
4,7,sample 4 replicate 7,35,3.150000000000002,1.7,7.2712,53.9683,284.9216
4,7,sample 4 replicate 7,36,3.150000000000002,1.75,7.5633,55.5556,296.3676
4,7,sample 4 replicate 7,37,3.150000000000002,1.8,7.8576,57.1429,307.8997
4,7,sample 4 replicate 7,38,3.150000000000002,1.85,8.1373,58.7302,318.8597
5,7,sample 5 replicate 7,1,5.300000000000001,0.0,-0.0167,0.0,-0.6544
5,7,sample 5 replicate 7,2,5.300000000000001,0.05,0.0271,0.9434,1.0619
5,7,sample 5 replicate 7,3,5.300000000000001,0.1,0.0814,1.8868,3.1897
5,7,sample 5 replicate 7,4,5.300000000000001,0.15,0.1482,2.8302,5.8072
5,7,sample 5 replicate 7,5,5.300000000000001,0.2,0.2087,3.7736,8.1779
5,7,sample 5 replicate 7,6,5.300000000000001,0.25,0.2901,4.717,11.3676
5,7,sample 5 replicate 7,7,5.300000000000001,0.3,0.3944,5.6604,15.4545
5,7,sample 5 replicate 7,8,5.300000000000001,0.35,0.48,6.6038,18.8088
5,7,sample 5 replicate 7,9,5.300000000000001,0.4,0.5844,7.5472,22.8997
5,7,sample 5 replicate 7,10,5.300000000000001,0.45,0.6824,8.4906,26.7398
5,7,sample 5 replicate 7,11,5.300000000000001,0.5,0.7743,9.434,30.3409
5,7,sample 5 replicate 7,12,5.300000000000001,0.55,0.8515,10.3774,33.366
5,7,sample 5 replicate 7,13,5.300000000000001,0.6,0.9392,11.3208,36.8025
5,7,sample 5 replicate 7,14,5.300000000000001,0.65,1.0185,12.2642,39.9099
5,7,sample 5 replicate 7,15,5.300000000000001,0.7,1.1145,13.2075,43.6716
5,7,sample 5 replicate 7,16,5.300000000000001,0.75,1.1917,14.1509,46.6967
5,7,sample 5 replicate 7,17,5.300000000000001,0.8,1.2773,15.0943,50.0509
5,7,sample 5 replicate 7,18,5.300000000000001,0.85,1.3774,16.0377,53.9734
5,7,sample 5 replicate 7,19,5.300000000000001,0.9,1.4734,16.9811,57.7351
5,7,sample 5 replicate 7,20,5.300000000000001,0.95,1.5715,17.9245,61.5792
5,7,sample 5 replicate 7,21,5.300000000000001,1.0,1.6821,18.8679,65.913
5,7,sample 5 replicate 7,22,5.300000000000001,1.05,1.7844,19.8113,69.9216
5,7,sample 5 replicate 7,23,5.300000000000001,1.1,1.9075,20.7547,74.7453
5,7,sample 5 replicate 7,24,5.300000000000001,1.15,2.0202,21.6981,79.1614
5,7,sample 5 replicate 7,25,5.300000000000001,1.2,2.1559,22.6415,84.4788
5,7,sample 5 replicate 7,26,5.300000000000001,1.25,2.2915,23.5849,89.7923
5,7,sample 5 replicate 7,27,5.300000000000001,1.3,2.4376,24.5283,95.5172
5,7,sample 5 replicate 7,28,5.300000000000001,1.35,2.615,25.4717,102.4687
5,7,sample 5 replicate 7,29,5.300000000000001,1.4,2.8154,26.4151,110.3213
5,7,sample 5 replicate 7,30,5.300000000000001,1.45,3.0178,27.3585,118.2524
5,7,sample 5 replicate 7,31,5.300000000000001,1.5,3.2662,28.3019,127.9859
5,7,sample 5 replicate 7,32,5.300000000000001,1.55,3.5438,29.2453,138.8636
5,7,sample 5 replicate 7,33,5.300000000000001,1.6,3.8485,30.1887,150.8033
5,7,sample 5 replicate 7,34,5.300000000000001,1.65,4.1323,31.1321,161.924
5,7,sample 5 replicate 7,35,5.300000000000001,1.7,4.3619,32.0755,170.9208
5,7,sample 5 replicate 7,36,5.300000000000001,1.75,4.6457,33.0189,182.0415
5,7,sample 5 replicate 7,37,5.300000000000001,1.8,4.9734,33.9623,194.8824
5,7,sample 5 replicate 7,38,5.300000000000001,1.85,5.3052,34.9057,207.884
5,7,sample 5 replicate 7,39,5.300000000000001,1.9,5.6349,35.8491,220.8033
5,7,sample 5 replicate 7,40,5.300000000000001,1.95,5.9626,36.7925,233.6442
5,7,sample 5 replicate 7,41,5.300000000000001,2.0,6.3132,37.7358,247.3824
5,7,sample 5 replicate 7,42,5.300000000000001,2.05,6.6597,38.6792,260.96
5,7,sample 5 replicate 7,43,5.300000000000001,2.1,6.9832,39.6226,273.6364
5,7,sample 5 replicate 7,44,5.300000000000001,2.15,7.2837,40.566,285.4114
5,7,sample 5 replicate 7,45,5.300000000000001,2.2,7.5717,41.5094,296.6967
5,7,sample 5 replicate 7,46,5.300000000000001,2.25,7.8054,42.4528,305.8542
5,7,sample 5 replicate 7,47,5.300000000000001,2.3,8.0287,43.3962,314.6042
6,7,sample 6 replicate 7,1,6.65,0.0,-0.0313,0.0,-1.2265
6,7,sample 6 replicate 7,2,6.65,0.05,-0.0084,0.7519,-0.3292
6,7,sample 6 replicate 7,3,6.65,0.1,0.0188,1.5038,0.7367
6,7,sample 6 replicate 7,4,6.65,0.15,0.048,2.2556,1.8809
6,7,sample 6 replicate 7,5,6.65,0.2,0.096,3.0075,3.7618
6,7,sample 6 replicate 7,6,6.65,0.25,0.1461,3.7594,5.7249
6,7,sample 6 replicate 7,7,6.65,0.3,0.2108,4.5113,8.2602
6,7,sample 6 replicate 7,8,6.65,0.35,0.3089,5.2632,12.1042
6,7,sample 6 replicate 7,9,6.65,0.4,0.3903,6.015,15.2939
6,7,sample 6 replicate 7,10,6.65,0.45,0.4404,6.7669,17.2571
6,7,sample 6 replicate 7,11,6.65,0.5,0.5364,7.5188,21.0188
6,7,sample 6 replicate 7,12,6.65,0.55,0.5885,8.2707,23.0603
6,7,sample 6 replicate 7,13,6.65,0.6,0.6532,9.0226,25.5956
6,7,sample 6 replicate 7,14,6.65,0.65,0.7075,9.7744,27.7234
6,7,sample 6 replicate 7,15,6.65,0.7,0.7555,10.5263,29.6042
6,7,sample 6 replicate 7,16,6.65,0.75,0.791,11.2782,30.9953
6,7,sample 6 replicate 7,17,6.65,0.8,0.8348,12.0301,32.7116
6,7,sample 6 replicate 7,18,6.65,0.85,0.8682,12.782,34.0204
6,7,sample 6 replicate 7,19,6.65,0.9,0.912,13.5338,35.7367
6,7,sample 6 replicate 7,20,6.65,0.95,0.9204,14.2857,36.0658
6,7,sample 6 replicate 7,21,6.65,1.0,0.9705,15.0376,38.029
6,7,sample 6 replicate 7,22,6.65,1.05,1.0122,15.7895,39.663
6,7,sample 6 replicate 7,23,6.65,1.1,1.0644,16.5414,41.7085
6,7,sample 6 replicate 7,24,6.65,1.15,1.104,17.2932,43.2602
6,7,sample 6 replicate 7,25,6.65,1.2,1.152,18.0451,45.1411
6,7,sample 6 replicate 7,26,6.65,1.25,1.1917,18.797,46.6967
6,7,sample 6 replicate 7,27,6.65,1.3,1.2292,19.5489,48.1661
6,7,sample 6 replicate 7,28,6.65,1.35,1.2731,20.3008,49.8864
6,7,sample 6 replicate 7,29,6.65,1.4,1.3169,21.0526,51.6027
6,7,sample 6 replicate 7,30,6.65,1.45,1.3712,21.8045,53.7304
6,7,sample 6 replicate 7,31,6.65,1.5,1.415,22.5564,55.4467
6,7,sample 6 replicate 7,32,6.65,1.55,1.4547,23.3083,57.0024
6,7,sample 6 replicate 7,33,6.65,1.6,1.5131,24.0602,59.2908
6,7,sample 6 replicate 7,34,6.65,1.65,1.5778,24.812,61.826
6,7,sample 6 replicate 7,35,6.65,1.7,1.6362,25.5639,64.1144
6,7,sample 6 replicate 7,36,6.65,1.75,1.7072,26.3158,66.8966
6,7,sample 6 replicate 7,37,6.65,1.8,1.7719,27.0677,69.4318
6,7,sample 6 replicate 7,38,6.65,1.85,1.8407,27.8195,72.1277
6,7,sample 6 replicate 7,39,6.65,1.9,1.9075,28.5714,74.7453
6,7,sample 6 replicate 7,40,6.65,1.95,1.9827,29.3233,77.692
6,7,sample 6 replicate 7,41,6.65,2.0,2.062,30.0752,80.7994
6,7,sample 6 replicate 7,42,6.65,2.05,2.1329,30.8271,83.5776
6,7,sample 6 replicate 7,43,6.65,2.1,2.2164,31.5789,86.8495
6,7,sample 6 replicate 7,44,6.65,2.15,2.2936,32.3308,89.8746
6,7,sample 6 replicate 7,45,6.65,2.2,2.2707,33.0827,88.9773
6,7,sample 6 replicate 7,46,6.65,2.25,2.3959,33.8346,93.8832
6,7,sample 6 replicate 7,47,6.65,2.3,2.4982,34.5865,97.8918
6,7,sample 6 replicate 7,48,6.65,2.35,2.6088,35.3383,102.2257
6,7,sample 6 replicate 7,49,6.65,2.4,2.7131,36.0902,106.3127
6,7,sample 6 replicate 7,50,6.65,2.45,2.8091,36.8421,110.0745
6,7,sample 6 replicate 7,51,6.65,2.5,2.9218,37.594,114.4906
6,7,sample 6 replicate 7,52,6.65,2.55,3.0366,38.3459,118.989
6,7,sample 6 replicate 7,53,6.65,2.6,3.1785,39.0977,124.5494
6,7,sample 6 replicate 7,54,6.65,2.65,3.3142,39.8496,129.8668
6,7,sample 6 replicate 7,55,6.65,2.7,3.4415,40.6015,134.855
6,7,sample 6 replicate 7,56,6.65,2.75,3.6064,41.3534,141.3166
6,7,sample 6 replicate 7,57,6.65,2.8,3.765,42.1053,147.5313
6,7,sample 6 replicate 7,58,6.65,2.85,3.9319,42.8571,154.0713
6,7,sample 6 replicate 7,59,6.65,2.9,4.1093,43.609,161.0227
6,7,sample 6 replicate 7,60,6.65,2.95,4.2617,44.3609,166.9945
6,7,sample 6 replicate 7,61,6.65,3.0,4.485,45.1128,175.7445
6,7,sample 6 replicate 7,62,6.65,3.05,4.7313,45.8647,185.3958
6,7,sample 6 replicate 7,63,6.65,3.1,4.9337,46.6165,193.3268
6,7,sample 6 replicate 7,64,6.65,3.15,5.1549,47.3684,201.9945
6,7,sample 6 replicate 7,65,6.65,3.2,5.3887,48.1203,211.156
6,7,sample 6 replicate 7,66,6.65,3.25,5.612,48.8722,219.906
6,7,sample 6 replicate 7,67,6.65,3.3,5.8102,49.6241,227.6724
6,7,sample 6 replicate 7,68,6.65,3.35,5.9897,50.3759,234.7061
6,7,sample 6 replicate 7,69,6.65,3.4,6.1567,51.1278,241.25
6,7,sample 6 replicate 7,70,6.65,3.45,6.3779,51.8797,249.9177
6,7,sample 6 replicate 7,71,6.65,3.5,6.5762,52.6316,257.6881
6,7,sample 6 replicate 7,72,6.65,3.55,6.7849,53.3835,265.866
6,7,sample 6 replicate 7,73,6.65,3.6,6.9936,54.1353,274.0439
6,7,sample 6 replicate 7,74,6.65,3.65,7.2085,54.8872,282.4647
6,7,sample 6 replicate 7,75,6.65,3.7,7.3964,55.6391,289.8276
6,7,sample 6 replicate 7,76,6.65,3.75,7.6009,56.391,297.8409
6,7,sample 6 replicate 7,77,6.65,3.8,7.7971,57.1429,305.529
6,7,sample 6 replicate 7,78,6.65,3.85,7.8159,57.8947,306.2657
6,7,sample 6 replicate 7,79,6.65,3.9,8.1081,58.6466,317.7155
4,8,sample 4 replicate 8,1,6.65,0.0,-0.0355,0.0,-1.3911
4,8,sample 4 replicate 8,2,6.65,0.05,-0.0209,0.7519,-0.819
4,8,sample 4 replicate 8,3,6.65,0.1,0.0209,1.5038,0.819
4,8,sample 4 replicate 8,4,6.65,0.15,0.0918,2.2556,3.5972
4,8,sample 4 replicate 8,5,6.65,0.2,0.1732,3.0075,6.7868
4,8,sample 4 replicate 8,6,6.65,0.25,0.2609,3.7594,10.2234
4,8,sample 4 replicate 8,7,6.65,0.3,0.3339,4.5113,13.0839
4,8,sample 4 replicate 8,8,6.65,0.35,0.4278,5.2632,16.7633
4,8,sample 4 replicate 8,9,6.65,0.4,0.5698,6.015,22.3276
4,8,sample 4 replicate 8,10,6.65,0.45,0.6971,6.7669,27.3158
4,8,sample 4 replicate 8,11,6.65,0.5,0.8202,7.5188,32.1395
4,8,sample 4 replicate 8,12,6.65,0.55,0.9058,8.2707,35.4937
4,8,sample 4 replicate 8,13,6.65,0.6,0.9976,9.0226,39.0909
4,8,sample 4 replicate 8,14,6.65,0.65,1.1228,9.7744,43.9969
4,8,sample 4 replicate 8,15,6.65,0.7,1.223,10.5263,47.9232
4,8,sample 4 replicate 8,16,6.65,0.75,1.3399,11.2782,52.5039
4,8,sample 4 replicate 8,17,6.65,0.8,1.438,12.0301,56.348
4,8,sample 4 replicate 8,18,6.65,0.85,1.5444,12.782,60.5172
4,8,sample 4 replicate 8,19,6.65,0.9,1.6237,13.5338,63.6246
4,8,sample 4 replicate 8,20,6.65,0.95,1.7072,14.2857,66.8966
4,8,sample 4 replicate 8,21,6.65,1.0,1.7969,15.0376,70.4114
4,8,sample 4 replicate 8,22,6.65,1.05,1.8887,15.7895,74.0086
4,8,sample 4 replicate 8,23,6.65,1.1,1.9743,16.5414,77.3629
4,8,sample 4 replicate 8,24,6.65,1.15,2.0599,17.2932,80.7171
4,8,sample 4 replicate 8,25,6.65,1.2,2.1517,18.0451,84.3143
4,8,sample 4 replicate 8,26,6.65,1.25,2.231,18.797,87.4216
4,8,sample 4 replicate 8,27,6.65,1.3,2.3061,19.5489,90.3644
4,8,sample 4 replicate 8,28,6.65,1.35,2.3813,20.3008,93.3111
4,8,sample 4 replicate 8,29,6.65,1.4,2.4606,21.0526,96.4185
4,8,sample 4 replicate 8,30,6.65,1.45,2.5441,21.8045,99.6904
4,8,sample 4 replicate 8,31,6.65,1.5,2.6213,22.5564,102.7155
4,8,sample 4 replicate 8,32,6.65,1.55,2.6902,23.3083,105.4154
4,8,sample 4 replicate 8,33,6.65,1.6,2.7841,24.0602,109.0948
4,8,sample 4 replicate 8,34,6.65,1.65,2.8676,24.812,112.3668
4,8,sample 4 replicate 8,35,6.65,1.7,2.9615,25.5639,116.0462
4,8,sample 4 replicate 8,36,6.65,1.75,3.0575,26.3158,119.808
4,8,sample 4 replicate 8,37,6.65,1.8,3.1577,27.0677,123.7343
4,8,sample 4 replicate 8,38,6.65,1.85,3.2766,27.8195,128.3934
4,8,sample 4 replicate 8,39,6.65,1.9,3.3935,28.5714,132.9741
4,8,sample 4 replicate 8,40,6.65,1.95,3.5271,29.3233,138.2092
4,8,sample 4 replicate 8,41,6.65,2.0,3.6627,30.0752,143.5227
4,8,sample 4 replicate 8,42,6.65,2.05,3.8025,30.8271,149.0008
4,8,sample 4 replicate 8,43,6.65,2.1,3.9424,31.5789,154.4828
4,8,sample 4 replicate 8,44,6.65,2.15,4.0864,32.3308,160.1254
4,8,sample 4 replicate 8,45,6.65,2.2,4.2116,33.0827,165.0313
4,8,sample 4 replicate 8,46,6.65,2.25,4.3619,33.8346,170.9208
4,8,sample 4 replicate 8,47,6.65,2.3,4.5121,34.5865,176.8064
4,8,sample 4 replicate 8,48,6.65,2.35,4.7187,35.3383,184.902
4,8,sample 4 replicate 8,49,6.65,2.4,4.8961,36.0902,191.8534
4,8,sample 4 replicate 8,50,6.65,2.45,5.0756,36.8421,198.8871
4,8,sample 4 replicate 8,51,6.65,2.5,5.2864,37.594,207.1473
4,8,sample 4 replicate 8,52,6.65,2.55,5.4868,38.3459,215.0
4,8,sample 4 replicate 8,53,6.65,2.6,5.7205,39.0977,224.1575
4,8,sample 4 replicate 8,54,6.65,2.65,5.9522,39.8496,233.2367
4,8,sample 4 replicate 8,55,6.65,2.7,6.1901,40.6015,242.5588
4,8,sample 4 replicate 8,56,6.65,2.75,6.4677,41.3534,253.4365
4,8,sample 4 replicate 8,57,6.65,2.8,6.7452,42.1053,264.3103
4,8,sample 4 replicate 8,58,6.65,2.85,7.0437,42.8571,276.0071
4,8,sample 4 replicate 8,59,6.65,2.9,7.3672,43.609,288.6834
4,8,sample 4 replicate 8,60,6.65,2.95,7.6802,44.3609,300.9483
4,8,sample 4 replicate 8,61,6.65,3.0,8.0183,45.1128,314.1967
5,8,sample 5 replicate 8,1,8.0,0.0,-0.0313,0.0,-1.2265
5,8,sample 5 replicate 8,2,8.0,0.05,-0.0209,0.625,-0.819
5,8,sample 5 replicate 8,3,8.0,0.1,0.0146,1.25,0.5721
5,8,sample 5 replicate 8,4,8.0,0.15,0.071,1.875,2.7821
5,8,sample 5 replicate 8,5,8.0,0.2,0.1503,2.5,5.8895
5,8,sample 5 replicate 8,6,8.0,0.25,0.2191,3.125,8.5854
5,8,sample 5 replicate 8,7,8.0,0.3,0.2358,3.75,9.2398
5,8,sample 5 replicate 8,8,8.0,0.35,0.2108,4.375,8.2602
5,8,sample 5 replicate 8,9,8.0,0.4,0.2003,5.0,7.8487
5,8,sample 5 replicate 8,10,8.0,0.45,0.2066,5.625,8.0956
5,8,sample 5 replicate 8,11,8.0,0.5,0.2003,6.25,7.8487
5,8,sample 5 replicate 8,12,8.0,0.55,0.1962,6.875,7.6881
5,8,sample 5 replicate 8,13,8.0,0.6,0.1941,7.5,7.6058
5,8,sample 5 replicate 8,14,8.0,0.65,0.192,8.125,7.5235
5,8,sample 5 replicate 8,15,8.0,0.7,0.1857,8.75,7.2766
5,8,sample 5 replicate 8,16,8.0,0.75,0.1857,9.375,7.2766
5,8,sample 5 replicate 8,17,8.0,0.8,0.2212,10.0,8.6677
5,8,sample 5 replicate 8,18,8.0,0.85,0.2922,10.625,11.4498
5,8,sample 5 replicate 8,19,8.0,0.9,0.3611,11.25,14.1497
5,8,sample 5 replicate 8,20,8.0,0.95,0.4508,11.875,17.6646
5,8,sample 5 replicate 8,21,8.0,1.0,0.5656,12.5,22.163
5,8,sample 5 replicate 8,22,8.0,1.05,0.6532,13.125,25.5956
5,8,sample 5 replicate 8,23,8.0,1.1,0.7325,13.75,28.703
5,8,sample 5 replicate 8,24,8.0,1.15,0.8181,14.375,32.0572
5,8,sample 5 replicate 8,25,8.0,1.2,0.9079,15.0,35.576
5,8,sample 5 replicate 8,26,8.0,1.25,0.9976,15.625,39.0909
5,8,sample 5 replicate 8,27,8.0,1.3,1.0978,16.25,43.0172
5,8,sample 5 replicate 8,28,8.0,1.35,1.1771,16.875,46.1246
5,8,sample 5 replicate 8,29,8.0,1.4,1.2939,17.5,50.7014
5,8,sample 5 replicate 8,30,8.0,1.45,1.3503,18.125,52.9114
5,8,sample 5 replicate 8,31,8.0,1.5,1.4588,18.75,57.163
5,8,sample 5 replicate 8,32,8.0,1.55,1.5715,19.375,61.5792
5,8,sample 5 replicate 8,33,8.0,1.6,1.6821,20.0,65.913
5,8,sample 5 replicate 8,34,8.0,1.65,1.7948,20.625,70.3292
5,8,sample 5 replicate 8,35,8.0,1.7,1.8846,21.25,73.848
5,8,sample 5 replicate 8,36,8.0,1.75,1.9868,21.875,77.8527
5,8,sample 5 replicate 8,37,8.0,1.8,2.0808,22.5,81.5361
5,8,sample 5 replicate 8,38,8.0,1.85,2.183,23.125,85.5408
5,8,sample 5 replicate 8,39,8.0,1.9,2.2686,23.75,88.895
5,8,sample 5 replicate 8,40,8.0,1.95,2.3375,24.375,91.5948
5,8,sample 5 replicate 8,41,8.0,2.0,2.4209,25.0,94.8629
5,8,sample 5 replicate 8,42,8.0,2.05,2.4919,25.625,97.645
5,8,sample 5 replicate 8,43,8.0,2.1,2.5587,26.25,100.2625
5,8,sample 5 replicate 8,44,8.0,2.15,2.6359,26.875,103.2876
5,8,sample 5 replicate 8,45,8.0,2.2,2.7069,27.5,106.0697
5,8,sample 5 replicate 8,46,8.0,2.25,2.7841,28.125,109.0948
5,8,sample 5 replicate 8,47,8.0,2.3,2.8676,28.75,112.3668
5,8,sample 5 replicate 8,48,8.0,2.35,2.9385,29.375,115.145
5,8,sample 5 replicate 8,49,8.0,2.4,3.0178,30.0,118.2524
5,8,sample 5 replicate 8,50,8.0,2.45,3.1076,30.625,121.7712
5,8,sample 5 replicate 8,51,8.0,2.5,3.1869,31.25,124.8785
5,8,sample 5 replicate 8,52,8.0,2.55,3.2787,31.875,128.4757
5,8,sample 5 replicate 8,53,8.0,2.6,3.3684,32.5,131.9906
5,8,sample 5 replicate 8,54,8.0,2.65,3.4603,33.125,135.5917
5,8,sample 5 replicate 8,55,8.0,2.7,3.5646,33.75,139.6787
5,8,sample 5 replicate 8,56,8.0,2.75,3.6669,34.375,143.6873
5,8,sample 5 replicate 8,57,8.0,2.8,3.7879,35.0,148.4287
5,8,sample 5 replicate 8,58,8.0,2.85,3.8965,35.625,152.6842
5,8,sample 5 replicate 8,59,8.0,2.9,4.0029,36.25,156.8534
5,8,sample 5 replicate 8,60,8.0,2.95,4.1219,36.875,161.5165
5,8,sample 5 replicate 8,61,8.0,3.0,4.2262,37.5,165.6034
5,8,sample 5 replicate 8,62,8.0,3.05,4.3535,38.125,170.5917
5,8,sample 5 replicate 8,63,8.0,3.1,4.4954,38.75,176.152
5,8,sample 5 replicate 8,64,8.0,3.15,4.6373,39.375,181.7124
5,8,sample 5 replicate 8,65,8.0,3.2,4.8335,40.0,189.4005
5,8,sample 5 replicate 8,66,8.0,3.25,5.013,40.625,196.4342
5,8,sample 5 replicate 8,67,8.0,3.3,5.1779,41.25,202.8958
5,8,sample 5 replicate 8,68,8.0,3.35,5.3845,41.875,210.9914
5,8,sample 5 replicate 8,69,8.0,3.4,5.5974,42.5,219.3339
5,8,sample 5 replicate 8,70,8.0,3.45,5.8019,43.125,227.3472
5,8,sample 5 replicate 8,71,8.0,3.5,6.0503,43.75,237.0807
5,8,sample 5 replicate 8,72,8.0,3.55,6.2903,44.375,246.4851
5,8,sample 5 replicate 8,73,8.0,3.6,6.5574,45.0,256.9514
5,8,sample 5 replicate 8,74,8.0,3.65,6.8433,45.625,268.1544
5,8,sample 5 replicate 8,75,8.0,3.7,7.1042,46.25,278.3777
5,8,sample 5 replicate 8,76,8.0,3.75,7.4193,46.875,290.7249
5,8,sample 5 replicate 8,77,8.0,3.8,7.7387,47.5,303.2406
5,8,sample 5 replicate 8,78,8.0,3.85,8.1143,48.125,317.9585
6,8,sample 6 replicate 8,1,8.450000000000001,0.0,-0.0271,0.0,-1.0619
6,8,sample 6 replicate 8,2,8.450000000000001,0.05,-0.0209,0.5917,-0.819
6,8,sample 6 replicate 8,3,8.450000000000001,0.1,0.0063,1.1834,0.2469
6,8,sample 6 replicate 8,4,8.450000000000001,0.15,0.0522,1.7751,2.0455
6,8,sample 6 replicate 8,5,8.450000000000001,0.2,0.119,2.3669,4.663
6,8,sample 6 replicate 8,6,8.450000000000001,0.25,0.1837,2.9586,7.1983
6,8,sample 6 replicate 8,7,8.450000000000001,0.3,0.265,3.5503,10.384
6,8,sample 6 replicate 8,8,8.450000000000001,0.35,0.3444,4.142,13.4953
6,8,sample 6 replicate 8,9,8.450000000000001,0.4,0.4195,4.7337,16.4381
6,8,sample 6 replicate 8,10,8.450000000000001,0.45,0.5343,5.3254,20.9365
6,8,sample 6 replicate 8,11,8.450000000000001,0.5,0.6303,5.9172,24.6983
6,8,sample 6 replicate 8,12,8.450000000000001,0.55,0.7117,6.5089,27.8879
6,8,sample 6 replicate 8,13,8.450000000000001,0.6,0.7972,7.1006,31.2382
6,8,sample 6 replicate 8,14,8.450000000000001,0.65,0.8765,7.6923,34.3456
6,8,sample 6 replicate 8,15,8.450000000000001,0.7,0.9558,8.284,37.453
6,8,sample 6 replicate 8,16,8.450000000000001,0.75,1.0247,8.8757,40.1528
6,8,sample 6 replicate 8,17,8.450000000000001,0.8,1.1124,9.4675,43.5893
6,8,sample 6 replicate 8,18,8.450000000000001,0.85,1.1979,10.0592,46.9397
6,8,sample 6 replicate 8,19,8.450000000000001,0.9,1.2898,10.6509,50.5408
6,8,sample 6 replicate 8,20,8.450000000000001,0.95,1.3733,11.2426,53.8127
6,8,sample 6 replicate 8,21,8.450000000000001,1.0,1.4442,11.8343,56.5909
6,8,sample 6 replicate 8,22,8.450000000000001,1.05,1.5256,12.426,59.7806
6,8,sample 6 replicate 8,23,8.450000000000001,1.1,1.5966,13.0178,62.5627
6,8,sample 6 replicate 8,24,8.450000000000001,1.15,1.6613,13.6095,65.098
6,8,sample 6 replicate 8,25,8.450000000000001,1.2,1.7239,14.2012,67.5509
6,8,sample 6 replicate 8,26,8.450000000000001,1.25,1.7907,14.7929,70.1685
6,8,sample 6 replicate 8,27,8.450000000000001,1.3,1.847,15.3846,72.3746
6,8,sample 6 replicate 8,28,8.450000000000001,1.35,1.9034,15.9763,74.5846
6,8,sample 6 replicate 8,29,8.450000000000001,1.4,1.9576,16.568,76.7085
6,8,sample 6 replicate 8,30,8.450000000000001,1.45,2.014,17.1598,78.9185
6,8,sample 6 replicate 8,31,8.450000000000001,1.5,2.0808,17.7515,81.5361
6,8,sample 6 replicate 8,32,8.450000000000001,1.55,2.135,18.3432,83.6599
6,8,sample 6 replicate 8,33,8.450000000000001,1.6,2.1893,18.9349,85.7876
6,8,sample 6 replicate 8,34,8.450000000000001,1.65,2.2561,19.5266,88.4052
6,8,sample 6 replicate 8,35,8.450000000000001,1.7,2.3145,20.1183,90.6936
6,8,sample 6 replicate 8,36,8.450000000000001,1.75,2.5002,20.7101,97.9702
6,8,sample 6 replicate 8,37,8.450000000000001,1.8,2.6797,21.3018,105.0039
6,8,sample 6 replicate 8,38,8.450000000000001,1.85,2.6296,21.8935,103.0408
6,8,sample 6 replicate 8,39,8.450000000000001,1.9,2.6255,22.4852,102.8801
6,8,sample 6 replicate 8,40,8.450000000000001,1.95,2.6776,23.0769,104.9216
6,8,sample 6 replicate 8,41,8.450000000000001,2.0,2.7966,23.6686,109.5846
6,8,sample 6 replicate 8,42,8.450000000000001,2.05,2.7569,24.2604,108.029
6,8,sample 6 replicate 8,43,8.450000000000001,2.1,2.9343,24.8521,114.9804
6,8,sample 6 replicate 8,44,8.450000000000001,2.15,3.0533,25.4438,119.6434
6,8,sample 6 replicate 8,45,8.450000000000001,2.2,3.0032,26.0355,117.6803
6,8,sample 6 replicate 8,46,8.450000000000001,2.25,3.0679,26.6272,120.2155
6,8,sample 6 replicate 8,47,8.450000000000001,2.3,3.3058,27.2189,129.5376
6,8,sample 6 replicate 8,48,8.450000000000001,2.35,3.2683,27.8107,128.0682
6,8,sample 6 replicate 8,49,8.450000000000001,2.4,3.2495,28.4024,127.3315
6,8,sample 6 replicate 8,50,8.450000000000001,2.45,3.3037,28.9941,129.4553
6,8,sample 6 replicate 8,51,8.450000000000001,2.5,3.5124,29.5858,137.6332
6,8,sample 6 replicate 8,52,8.450000000000001,2.55,3.5166,30.1775,137.7978
6,8,sample 6 replicate 8,53,8.450000000000001,2.6,3.621,30.7692,141.8887
6,8,sample 6 replicate 8,54,8.450000000000001,2.65,3.8693,31.3609,151.6183
6,8,sample 6 replicate 8,55,8.450000000000001,2.7,3.9298,31.9527,153.989
6,8,sample 6 replicate 8,56,8.450000000000001,2.75,3.957,32.5444,155.0549
6,8,sample 6 replicate 8,57,8.450000000000001,2.8,4.1281,33.1361,161.7594
6,8,sample 6 replicate 8,58,8.450000000000001,2.85,4.3577,33.7278,170.7563
6,8,sample 6 replicate 8,59,8.450000000000001,2.9,4.4182,34.3195,173.127
6,8,sample 6 replicate 8,60,8.450000000000001,2.95,4.5079,34.9112,176.6418
6,8,sample 6 replicate 8,61,8.450000000000001,3.0,4.8085,35.503,188.4208
6,8,sample 6 replicate 8,62,8.450000000000001,3.05,5.0464,36.0947,197.7429
6,8,sample 6 replicate 8,63,8.450000000000001,3.1,5.1236,36.6864,200.768
6,8,sample 6 replicate 8,64,8.450000000000001,3.15,5.3365,37.2781,209.1105
6,8,sample 6 replicate 8,65,8.450000000000001,3.2,5.5535,37.8698,217.6136
6,8,sample 6 replicate 8,66,8.450000000000001,3.25,5.8332,38.4615,228.5737
6,8,sample 6 replicate 8,67,8.450000000000001,3.3,6.0523,39.0533,237.1591
6,8,sample 6 replicate 8,68,8.450000000000001,3.35,6.3195,39.645,247.6293
6,8,sample 6 replicate 8,69,8.450000000000001,3.4,6.6513,40.2367,260.6309
6,8,sample 6 replicate 8,70,8.450000000000001,3.45,7.0437,40.8284,276.0071
6,8,sample 6 replicate 8,71,8.450000000000001,3.5,7.4444,41.4201,291.7085
6,8,sample 6 replicate 8,72,8.450000000000001,3.55,7.8534,42.0118,307.7351
6,8,sample 6 replicate 8,73,8.450000000000001,3.6,8.3335,42.6036,326.5478
