sample,replicate,sample_label,point_index,height,distance_mm,force_N,strain_percent,stress_mPa
1,1,sample 1 replicate 1,1,12.299999999999999,0.0,-0.0146,0.0,-0.5721
1,1,sample 1 replicate 1,2,12.299999999999999,0.05,0.025,0.4065,0.9796
1,1,sample 1 replicate 1,3,12.299999999999999,0.1,0.2421,0.813,9.4867
1,1,sample 1 replicate 1,4,12.299999999999999,0.15,0.4884,1.2195,19.1379
1,1,sample 1 replicate 1,5,12.299999999999999,0.2,0.7722,1.626,30.2586
1,1,sample 1 replicate 1,6,12.299999999999999,0.25,0.2838,2.0325,11.1207
1,1,sample 1 replicate 1,7,12.299999999999999,0.3,0.1294,2.439,5.0705
1,1,sample 1 replicate 1,8,12.299999999999999,0.35,0.1273,2.8455,4.9882
1,1,sample 1 replicate 1,9,12.299999999999999,0.4,0.0668,3.252,2.6176
1,1,sample 1 replicate 1,10,12.299999999999999,0.45,0.1524,3.6585,5.9718
1,1,sample 1 replicate 1,11,12.299999999999999,0.5,0.2337,4.065,9.1575
1,1,sample 1 replicate 1,12,12.299999999999999,0.55,0.2588,4.4715,10.1411
1,1,sample 1 replicate 1,13,12.299999999999999,0.6,0.3005,4.878,11.7751
1,1,sample 1 replicate 1,14,12.299999999999999,0.65,0.3298,5.2846,12.9232
1,1,sample 1 replicate 1,15,12.299999999999999,0.7,0.3235,5.6911,12.6763
1,1,sample 1 replicate 1,16,12.299999999999999,0.75,0.3277,6.0976,12.8409
1,1,sample 1 replicate 1,17,12.299999999999999,0.8,0.3298,6.5041,12.9232
1,1,sample 1 replicate 1,18,12.299999999999999,0.85,0.3444,6.9106,13.4953
1,1,sample 1 replicate 1,19,12.299999999999999,0.9,0.3444,7.3171,13.4953
1,1,sample 1 replicate 1,20,12.299999999999999,0.95,0.3506,7.7236,13.7382
1,1,sample 1 replicate 1,21,12.299999999999999,1.0,0.3506,8.1301,13.7382
1,1,sample 1 replicate 1,22,12.299999999999999,1.05,0.3569,8.5366,13.9851
1,1,sample 1 replicate 1,23,12.299999999999999,1.1,0.3569,8.9431,13.9851
1,1,sample 1 replicate 1,24,12.299999999999999,1.15,0.359,9.3496,14.0674
1,1,sample 1 replicate 1,25,12.299999999999999,1.2,0.359,9.7561,14.0674
1,1,sample 1 replicate 1,26,12.299999999999999,1.25,0.3673,10.1626,14.3926
1,1,sample 1 replicate 1,27,12.299999999999999,1.3,0.3694,10.5691,14.4749
1,1,sample 1 replicate 1,28,12.299999999999999,1.35,0.3757,10.9756,14.7218
1,1,sample 1 replicate 1,29,12.299999999999999,1.4,0.3736,11.3821,14.6395
1,1,sample 1 replicate 1,30,12.299999999999999,1.45,0.3924,11.7886,15.3762
1,1,sample 1 replicate 1,31,12.299999999999999,1.5,0.384,12.1951,15.047
1,1,sample 1 replicate 1,32,12.299999999999999,1.55,0.3861,12.6016,15.1293
1,1,sample 1 replicate 1,33,12.299999999999999,1.6,0.4007,13.0081,15.7014
1,1,sample 1 replicate 1,34,12.299999999999999,1.65,0.3986,13.4146,15.6191
1,1,sample 1 replicate 1,35,12.299999999999999,1.7,0.3944,13.8211,15.4545
1,1,sample 1 replicate 1,36,12.299999999999999,1.75,0.3903,14.2276,15.2939
1,1,sample 1 replicate 1,37,12.299999999999999,1.8,0.3965,14.6341,15.5368
1,1,sample 1 replicate 1,38,12.299999999999999,1.85,0.4049,15.0407,15.866
1,1,sample 1 replicate 1,39,12.299999999999999,1.9,0.3965,15.4472,15.5368
1,1,sample 1 replicate 1,40,12.299999999999999,1.95,0.4111,15.8537,16.1089
1,1,sample 1 replicate 1,41,12.299999999999999,2.0,0.4028,16.2602,15.7837
1,1,sample 1 replicate 1,42,12.299999999999999,2.05,0.4132,16.6667,16.1912
1,1,sample 1 replicate 1,43,12.299999999999999,2.1,0.4216,17.0732,16.5204
1,1,sample 1 replicate 1,44,12.299999999999999,2.15,0.407,17.4797,15.9483
1,1,sample 1 replicate 1,45,12.299999999999999,2.2,0.3924,17.8862,15.3762
1,1,sample 1 replicate 1,46,12.299999999999999,2.25,0.4007,18.2927,15.7014
1,1,sample 1 replicate 1,47,12.299999999999999,2.3,0.3882,18.6992,15.2116
1,1,sample 1 replicate 1,48,12.299999999999999,2.35,0.4111,19.1057,16.1089
1,1,sample 1 replicate 1,49,12.299999999999999,2.4,0.384,19.5122,15.047
1,1,sample 1 replicate 1,50,12.299999999999999,2.45,0.4153,19.9187,16.2735
1,1,sample 1 replicate 1,51,12.299999999999999,2.5,0.3924,20.3252,15.3762
1,1,sample 1 replicate 1,52,12.299999999999999,2.55,0.3819,20.7317,14.9647
1,1,sample 1 replicate 1,53,12.299999999999999,2.6,0.3965,21.1382,15.5368
1,1,sample 1 replicate 1,54,12.299999999999999,2.65,0.407,21.5447,15.9483
1,1,sample 1 replicate 1,55,12.299999999999999,2.7,0.3903,21.9512,15.2939
1,1,sample 1 replicate 1,56,12.299999999999999,2.75,0.3944,22.3577,15.4545
1,1,sample 1 replicate 1,57,12.299999999999999,2.8,0.384,22.7642,15.047
1,1,sample 1 replicate 1,58,12.299999999999999,2.85,0.3986,23.1707,15.6191
1,1,sample 1 replicate 1,59,12.299999999999999,2.9,0.3882,23.5772,15.2116
1,1,sample 1 replicate 1,60,12.299999999999999,2.95,0.3903,23.9837,15.2939
1,1,sample 1 replicate 1,61,12.299999999999999,3.0,0.3861,24.3902,15.1293
1,1,sample 1 replicate 1,62,12.299999999999999,3.05,0.3965,24.7967,15.5368
1,1,sample 1 replicate 1,63,12.299999999999999,3.1,0.4028,25.2033,15.7837
1,1,sample 1 replicate 1,64,12.299999999999999,3.15,0.3986,25.6098,15.6191
1,1,sample 1 replicate 1,65,12.299999999999999,3.2,0.4049,26.0163,15.866
1,1,sample 1 replicate 1,66,12.299999999999999,3.25,0.407,26.4228,15.9483
1,1,sample 1 replicate 1,67,12.299999999999999,3.3,0.3944,26.8293,15.4545
1,1,sample 1 replicate 1,68,12.299999999999999,3.35,0.4049,27.2358,15.866
1,1,sample 1 replicate 1,69,12.299999999999999,3.4,0.4007,27.6423,15.7014
1,1,sample 1 replicate 1,70,12.299999999999999,3.45,0.4216,28.0488,16.5204
1,1,sample 1 replicate 1,71,12.299999999999999,3.5,0.4195,28.4553,16.4381
1,1,sample 1 replicate 1,72,12.299999999999999,3.55,0.4174,28.8618,16.3558
1,1,sample 1 replicate 1,73,12.299999999999999,3.6,0.4216,29.2683,16.5204
1,1,sample 1 replicate 1,74,12.299999999999999,3.65,0.4132,29.6748,16.1912
1,1,sample 1 replicate 1,75,12.299999999999999,3.7,0.4341,30.0813,17.0102
1,1,sample 1 replicate 1,76,12.299999999999999,3.75,0.4153,30.4878,16.2735
1,1,sample 1 replicate 1,77,12.299999999999999,3.8,0.4007,30.8943,15.7014
1,1,sample 1 replicate 1,78,12.299999999999999,3.85,0.4299,31.3008,16.8456
1,1,sample 1 replicate 1,79,12.299999999999999,3.9,0.4174,31.7073,16.3558
1,1,sample 1 replicate 1,80,12.299999999999999,3.95,0.4425,32.1138,17.3393
1,1,sample 1 replicate 1,81,12.299999999999999,4.0,0.4404,32.5203,17.2571
1,1,sample 1 replicate 1,82,12.299999999999999,4.05,0.4612,32.9268,18.0721
1,1,sample 1 replicate 1,83,12.299999999999999,4.1,0.4696,33.3333,18.4013
1,1,sample 1 replicate 1,84,12.299999999999999,4.15,0.4612,33.7398,18.0721
1,1,sample 1 replicate 1,85,12.299999999999999,4.2,0.4738,34.1463,18.5658
1,1,sample 1 replicate 1,86,12.299999999999999,4.25,0.4821,34.5528,18.8911
1,1,sample 1 replicate 1,87,12.299999999999999,4.3,0.4863,34.9593,19.0556
1,1,sample 1 replicate 1,88,12.299999999999999,4.35,0.4884,35.3659,19.1379
1,1,sample 1 replicate 1,89,12.299999999999999,4.4,0.4884,35.7724,19.1379
1,1,sample 1 replicate 1,90,12.299999999999999,4.45,0.4925,36.1789,19.2986
1,1,sample 1 replicate 1,91,12.299999999999999,4.5,0.4967,36.5854,19.4632
1,1,sample 1 replicate 1,92,12.299999999999999,4.55,0.4967,36.9919,19.4632
1,1,sample 1 replicate 1,93,12.299999999999999,4.6,0.5051,37.3984,19.7923
1,1,sample 1 replicate 1,94,12.299999999999999,4.65,0.5071,37.8049,19.8707
1,1,sample 1 replicate 1,95,12.299999999999999,4.7,0.5113,38.2114,20.0353
1,1,sample 1 replicate 1,96,12.299999999999999,4.75,0.5113,38.6179,20.0353
1,1,sample 1 replicate 1,97,12.299999999999999,4.8,0.5113,39.0244,20.0353
1,1,sample 1 replicate 1,98,12.299999999999999,4.85,0.5176,39.4309,20.2821
1,1,sample 1 replicate 1,99,12.299999999999999,4.9,0.5176,39.8374,20.2821
1,1,sample 1 replicate 1,100,12.299999999999999,4.95,0.5197,40.2439,20.3644
1,1,sample 1 replicate 1,101,12.299999999999999,5.0,0.5218,40.6504,20.4467
1,1,sample 1 replicate 1,102,12.299999999999999,5.05,0.5322,41.0569,20.8542
1,1,sample 1 replicate 1,103,12.299999999999999,5.1,0.5364,41.4634,21.0188
1,1,sample 1 replicate 1,104,12.299999999999999,5.15,0.528,41.8699,20.6897
1,1,sample 1 replicate 1,105,12.299999999999999,5.2,0.5531,42.2764,21.6732
1,1,sample 1 replicate 1,106,12.299999999999999,5.25,0.5677,42.6829,22.2453
1,1,sample 1 replicate 1,107,12.299999999999999,5.3,0.5635,43.0894,22.0807
1,1,sample 1 replicate 1,108,12.299999999999999,5.35,0.551,43.4959,21.5909
1,1,sample 1 replicate 1,109,12.299999999999999,5.4,0.551,43.9024,21.5909
1,1,sample 1 replicate 1,110,12.299999999999999,5.45,0.5823,44.3089,22.8174
1,1,sample 1 replicate 1,111,12.299999999999999,5.5,0.5572,44.7154,21.8339
1,1,sample 1 replicate 1,112,12.299999999999999,5.55,0.5614,45.122,21.9984
1,1,sample 1 replicate 1,113,12.299999999999999,5.6,0.5781,45.5285,22.6528
1,1,sample 1 replicate 1,114,12.299999999999999,5.65,0.5865,45.935,22.982
1,1,sample 1 replicate 1,115,12.299999999999999,5.7,0.5969,46.3415,23.3895
1,1,sample 1 replicate 1,116,12.299999999999999,5.75,0.5802,46.748,22.7351
1,1,sample 1 replicate 1,117,12.299999999999999,5.8,0.5593,47.1545,21.9161
1,1,sample 1 replicate 1,118,12.299999999999999,5.85,0.6011,47.561,23.5541
1,1,sample 1 replicate 1,119,12.299999999999999,5.9,0.5218,47.9675,20.4467
1,1,sample 1 replicate 1,120,12.299999999999999,5.95,0.5718,48.374,22.406
1,1,sample 1 replicate 1,121,12.299999999999999,6.0,0.5614,48.7805,21.9984
1,1,sample 1 replicate 1,122,12.299999999999999,6.05,0.576,49.187,22.5705
1,1,sample 1 replicate 1,123,12.299999999999999,6.1,0.5885,49.5935,23.0603
1,1,sample 1 replicate 1,124,12.299999999999999,6.15,0.5426,50.0,21.2618
1,1,sample 1 replicate 1,125,12.299999999999999,6.2,0.5635,50.4065,22.0807
1,1,sample 1 replicate 1,126,12.299999999999999,6.25,0.6115,50.813,23.9616
1,1,sample 1 replicate 1,127,12.299999999999999,6.3,0.5468,51.2195,21.4263
1,1,sample 1 replicate 1,128,12.299999999999999,6.35,0.6052,51.626,23.7147
1,1,sample 1 replicate 1,129,12.299999999999999,6.4,0.5364,52.0325,21.0188
1,1,sample 1 replicate 1,130,12.299999999999999,6.45,0.6094,52.439,23.8793
1,1,sample 1 replicate 1,131,12.299999999999999,6.5,0.6073,52.8455,23.797
1,1,sample 1 replicate 1,132,12.299999999999999,6.55,0.576,53.252,22.5705
1,1,sample 1 replicate 1,133,12.299999999999999,6.6,0.6073,53.6585,23.797
1,1,sample 1 replicate 1,134,12.299999999999999,6.65,0.6219,54.065,24.3691
1,1,sample 1 replicate 1,135,12.299999999999999,6.7,0.6011,54.4715,23.5541
1,1,sample 1 replicate 1,136,12.299999999999999,6.75,0.6011,54.878,23.5541
1,1,sample 1 replicate 1,137,12.299999999999999,6.8,0.5698,55.2846,22.3276
1,1,sample 1 replicate 1,138,12.299999999999999,6.85,0.599,55.6911,23.4718
1,1,sample 1 replicate 1,139,12.299999999999999,6.9,0.5343,56.0976,20.9365
1,1,sample 1 replicate 1,140,12.299999999999999,6.95,0.5155,56.5041,20.1998
1,1,sample 1 replicate 1,141,12.299999999999999,7.0,0.5489,56.9106,21.5086
1,1,sample 1 replicate 1,142,12.299999999999999,7.05,0.6094,57.3171,23.8793
1,1,sample 1 replicate 1,143,12.299999999999999,7.1,0.5885,57.7236,23.0603
1,1,sample 1 replicate 1,144,12.299999999999999,7.15,0.5865,58.1301,22.982
1,1,sample 1 replicate 1,145,12.299999999999999,7.2,0.6031,58.5366,23.6324
1,1,sample 1 replicate 1,146,12.299999999999999,7.25,0.6115,58.9431,23.9616
1,1,sample 1 replicate 1,147,12.299999999999999,7.3,0.6115,59.3496,23.9616
1,1,sample 1 replicate 1,148,12.299999999999999,7.35,0.6157,59.7561,24.1262
1,1,sample 1 replicate 1,149,12.299999999999999,7.4,0.5927,60.1626,23.2249
1,1,sample 1 replicate 1,150,12.299999999999999,7.45,0.624,60.5691,24.4514
1,1,sample 1 replicate 1,151,12.299999999999999,7.5,0.6073,60.9756,23.797
1,1,sample 1 replicate 1,152,12.299999999999999,7.55,0.6157,61.3821,24.1262
1,1,sample 1 replicate 1,153,12.299999999999999,7.6,0.624,61.7886,24.4514
1,1,sample 1 replicate 1,154,12.299999999999999,7.65,0.624,62.1951,24.4514
1,1,sample 1 replicate 1,155,12.299999999999999,7.7,0.6261,62.6016,24.5337
1,1,sample 1 replicate 1,156,12.299999999999999,7.75,0.624,63.0081,24.4514
1,1,sample 1 replicate 1,157,12.299999999999999,7.8,0.6157,63.4146,24.1262
1,1,sample 1 replicate 1,158,12.299999999999999,7.85,0.6345,63.8211,24.8629
1,1,sample 1 replicate 1,159,12.299999999999999,7.9,0.6199,64.2276,24.2908
1,1,sample 1 replicate 1,160,12.299999999999999,7.95,0.6303,64.6341,24.6983
1,1,sample 1 replicate 1,161,12.299999999999999,8.0,0.6365,65.0407,24.9412
1,1,sample 1 replicate 1,162,12.299999999999999,8.05,0.6428,65.4472,25.1881
1,1,sample 1 replicate 1,163,12.299999999999999,8.1,0.6512,65.8537,25.5172
1,1,sample 1 replicate 1,164,12.299999999999999,8.15,0.6449,66.2602,25.2704
1,1,sample 1 replicate 1,165,12.299999999999999,8.2,0.6532,66.6667,25.5956
1,1,sample 1 replicate 1,166,12.299999999999999,8.25,0.6929,67.0732,27.1513
1,1,sample 1 replicate 1,167,12.299999999999999,8.3,0.6783,67.4797,26.5792
1,1,sample 1 replicate 1,168,12.299999999999999,8.35,0.6887,67.8862,26.9867
1,1,sample 1 replicate 1,169,12.299999999999999,8.4,0.6783,68.2927,26.5792
1,1,sample 1 replicate 1,170,12.299999999999999,8.45,0.7159,68.6992,28.0525
1,1,sample 1 replicate 1,171,12.299999999999999,8.5,0.7159,69.1057,28.0525
1,1,sample 1 replicate 1,172,12.299999999999999,8.55,0.7096,69.5122,27.8056
1,1,sample 1 replicate 1,173,12.299999999999999,8.6,0.7263,69.9187,28.46
1,1,sample 1 replicate 1,174,12.299999999999999,8.65,0.7451,70.3252,29.1967
1,1,sample 1 replicate 1,175,12.299999999999999,8.7,0.7409,70.7317,29.0321
1,1,sample 1 replicate 1,176,12.299999999999999,8.75,0.7492,71.1382,29.3574
1,1,sample 1 replicate 1,177,12.299999999999999,8.8,0.7367,71.5447,28.8676
1,1,sample 1 replicate 1,178,12.299999999999999,8.85,0.7492,71.9512,29.3574
1,1,sample 1 replicate 1,179,12.299999999999999,8.9,0.743,72.3577,29.1144
1,1,sample 1 replicate 1,180,12.299999999999999,8.95,0.7492,72.7642,29.3574
1,1,sample 1 replicate 1,181,12.299999999999999,9.0,0.7346,73.1707,28.7853
1,1,sample 1 replicate 1,182,12.299999999999999,9.05,0.7513,73.5772,29.4397
1,1,sample 1 replicate 1,183,12.299999999999999,9.1,0.7388,73.9837,28.9498
1,1,sample 1 replicate 1,184,12.299999999999999,9.15,0.7492,74.3902,29.3574
1,1,sample 1 replicate 1,185,12.299999999999999,9.2,0.7346,74.7967,28.7853
1,1,sample 1 replicate 1,186,12.299999999999999,9.25,0.7534,75.2033,29.5219
1,1,sample 1 replicate 1,187,12.299999999999999,9.3,0.743,75.6098,29.1144
1,1,sample 1 replicate 1,188,12.299999999999999,9.35,0.7451,76.0163,29.1967
1,1,sample 1 replicate 1,189,12.299999999999999,9.4,0.7117,76.4228,27.8879
1,1,sample 1 replicate 1,190,12.299999999999999,9.45,0.7597,76.8293,29.7688
1,1,sample 1 replicate 1,191,12.299999999999999,9.5,0.7367,77.2358,28.8676
1,1,sample 1 replicate 1,192,12.299999999999999,9.55,0.7472,77.6423,29.279
1,1,sample 1 replicate 1,193,12.299999999999999,9.6,0.7513,78.0488,29.4397
1,1,sample 1 replicate 1,194,12.299999999999999,9.65,0.7597,78.4553,29.7688
1,1,sample 1 replicate 1,195,12.299999999999999,9.7,0.7597,78.8618,29.7688
1,1,sample 1 replicate 1,196,12.299999999999999,9.75,0.7555,79.2683,29.6042
1,1,sample 1 replicate 1,197,12.299999999999999,9.8,0.7513,79.6748,29.4397
1,1,sample 1 replicate 1,198,12.299999999999999,9.85,0.7847,80.0813,30.7484
1,1,sample 1 replicate 1,199,12.299999999999999,9.9,0.7597,80.4878,29.7688
1,1,sample 1 replicate 1,200,12.299999999999999,9.95,0.8098,80.8943,31.732
1,1,sample 1 replicate 1,201,12.299999999999999,10.0,0.8682,81.3008,34.0204
1,1,sample 1 replicate 1,202,12.299999999999999,10.05,0.9099,81.7073,35.6544
1,1,sample 1 replicate 1,203,12.299999999999999,10.1,1.0059,82.1138,39.4161
1,1,sample 1 replicate 1,204,12.299999999999999,10.15,1.0539,82.5203,41.297
1,1,sample 1 replicate 1,205,12.299999999999999,10.2,1.0853,82.9268,42.5274
1,1,sample 1 replicate 1,206,12.299999999999999,10.25,1.1771,83.3333,46.1246
1,1,sample 1 replicate 1,207,12.299999999999999,10.3,1.2167,83.7398,47.6763
1,1,sample 1 replicate 1,208,12.299999999999999,10.35,1.2919,84.1463,50.623
1,1,sample 1 replicate 1,209,12.299999999999999,10.4,1.3127,84.5528,51.4381
1,1,sample 1 replicate 1,210,12.299999999999999,10.45,1.4067,84.9593,55.1215
1,1,sample 1 replicate 1,211,12.299999999999999,10.5,1.4755,85.3659,57.8174
1,1,sample 1 replicate 1,212,12.299999999999999,10.55,1.5131,85.7724,59.2908
1,1,sample 1 replicate 1,213,12.299999999999999,10.6,1.5694,86.1789,61.4969
1,1,sample 1 replicate 1,214,12.299999999999999,10.65,1.6613,86.5854,65.098
1,1,sample 1 replicate 1,215,12.299999999999999,10.7,1.703,86.9919,66.732
1,1,sample 1 replicate 1,216,12.299999999999999,10.75,1.7698,87.3984,69.3495
1,1,sample 1 replicate 1,217,12.299999999999999,10.8,1.7927,87.8049,70.2469
1,1,sample 1 replicate 1,218,12.299999999999999,10.85,1.9013,88.2114,74.5024
1,1,sample 1 replicate 1,219,12.299999999999999,10.9,1.9388,88.6179,75.9718
1,1,sample 1 replicate 1,220,12.299999999999999,10.95,2.0035,89.0244,78.5071
1,1,sample 1 replicate 1,221,12.299999999999999,11.0,2.0515,89.4309,80.3879
1,1,sample 1 replicate 1,222,12.299999999999999,11.05,2.1872,89.8374,85.7053
1,1,sample 1 replicate 1,223,12.299999999999999,11.1,2.2373,90.2439,87.6685
1,1,sample 1 replicate 1,224,12.299999999999999,11.15,2.3646,90.6504,92.6567
1,1,sample 1 replicate 1,225,12.299999999999999,11.2,2.4585,91.0569,96.3362
1,1,sample 1 replicate 1,226,12.299999999999999,11.25,2.6046,91.4634,102.0611
1,1,sample 1 replicate 1,227,12.299999999999999,11.3,2.7006,91.8699,105.8229
1,1,sample 1 replicate 1,228,12.299999999999999,11.35,2.8091,92.2764,110.0745
1,1,sample 1 replicate 1,229,12.299999999999999,11.4,2.8926,92.6829,113.3464
1,1,sample 1 replicate 1,230,12.299999999999999,11.45,3.0763,93.0894,120.5447
1,1,sample 1 replicate 1,231,12.299999999999999,11.5,3.1535,93.4959,123.5697
1,1,sample 1 replicate 1,232,12.299999999999999,11.55,3.3351,93.9024,130.6857
1,1,sample 1 replicate 1,233,12.299999999999999,11.6,3.4916,94.3089,136.8182
1,1,sample 1 replicate 1,234,12.299999999999999,11.65,3.6398,94.7154,142.6254
1,1,sample 1 replicate 1,235,12.299999999999999,11.7,3.838,95.122,150.3918
1,1,sample 1 replicate 1,236,12.299999999999999,11.75,4.0175,95.5285,157.4255
1,1,sample 1 replicate 1,237,12.299999999999999,11.8,4.2158,95.935,165.1959
1,1,sample 1 replicate 1,238,12.299999999999999,11.85,4.4328,96.3415,173.6991
1,1,sample 1 replicate 1,239,12.299999999999999,11.9,4.6624,96.748,182.6959
1,1,sample 1 replicate 1,240,12.299999999999999,11.95,4.9796,97.1545,195.1254
1,1,sample 1 replicate 1,241,12.299999999999999,12.0,5.3845,97.561,210.9914
1,1,sample 1 replicate 1,242,12.299999999999999,12.05,5.8144,97.9675,227.837
1,1,sample 1 replicate 1,243,12.299999999999999,12.1,6.2986,98.374,246.8103
1,1,sample 1 replicate 1,244,12.299999999999999,12.15,6.8496,98.7805,268.4013
1,1,sample 1 replicate 1,245,12.299999999999999,12.2,3.1618,99.187,123.895
2,1,sample 2 replicate 1,1,12.299999999999999,0.0,-0.0104,0.0,-0.4075
2,1,sample 2 replicate 1,2,12.299999999999999,0.05,0.0,0.4065,0.0
2,1,sample 2 replicate 1,3,12.299999999999999,0.1,-0.0167,0.813,-0.6544
2,1,sample 2 replicate 1,4,12.299999999999999,0.15,0.096,1.2195,3.7618
2,1,sample 2 replicate 1,5,12.299999999999999,0.2,0.2275,1.626,8.9146
2,1,sample 2 replicate 1,6,12.299999999999999,0.25,0.4362,2.0325,17.0925
2,1,sample 2 replicate 1,7,12.299999999999999,0.3,0.1357,2.439,5.3174
2,1,sample 2 replicate 1,8,12.299999999999999,0.35,0.1482,2.8455,5.8072
2,1,sample 2 replicate 1,9,12.299999999999999,0.4,0.1419,3.252,5.5603
2,1,sample 2 replicate 1,10,12.299999999999999,0.45,0.1377,3.6585,5.3958
2,1,sample 2 replicate 1,11,12.299999999999999,0.5,0.1628,4.065,6.3793
2,1,sample 2 replicate 1,12,12.299999999999999,0.55,0.1899,4.4715,7.4412
2,1,sample 2 replicate 1,13,12.299999999999999,0.6,0.215,4.878,8.4248
2,1,sample 2 replicate 1,14,12.299999999999999,0.65,0.167,5.2846,6.5439
2,1,sample 2 replicate 1,15,12.299999999999999,0.7,0.1774,5.6911,6.9514
2,1,sample 2 replicate 1,16,12.299999999999999,0.75,0.2024,6.0976,7.931
2,1,sample 2 replicate 1,17,12.299999999999999,0.8,0.2024,6.5041,7.931
2,1,sample 2 replicate 1,18,12.299999999999999,0.85,0.2171,6.9106,8.5071
2,1,sample 2 replicate 1,19,12.299999999999999,0.9,0.2129,7.3171,8.3425
2,1,sample 2 replicate 1,20,12.299999999999999,0.95,0.215,7.7236,8.4248
2,1,sample 2 replicate 1,21,12.299999999999999,1.0,0.2171,8.1301,8.5071
2,1,sample 2 replicate 1,22,12.299999999999999,1.05,0.2275,8.5366,8.9146
2,1,sample 2 replicate 1,23,12.299999999999999,1.1,0.2212,8.9431,8.6677
2,1,sample 2 replicate 1,24,12.299999999999999,1.15,0.2275,9.3496,8.9146
2,1,sample 2 replicate 1,25,12.299999999999999,1.2,0.2233,9.7561,8.75
2,1,sample 2 replicate 1,26,12.299999999999999,1.25,0.2317,10.1626,9.0792
2,1,sample 2 replicate 1,27,12.299999999999999,1.3,0.2317,10.5691,9.0792
2,1,sample 2 replicate 1,28,12.299999999999999,1.35,0.2275,10.9756,8.9146
2,1,sample 2 replicate 1,29,12.299999999999999,1.4,0.2254,11.3821,8.8323
2,1,sample 2 replicate 1,30,12.299999999999999,1.45,0.2317,11.7886,9.0792
2,1,sample 2 replicate 1,31,12.299999999999999,1.5,0.2296,12.1951,8.9969
2,1,sample 2 replicate 1,32,12.299999999999999,1.55,0.2296,12.6016,8.9969
2,1,sample 2 replicate 1,33,12.299999999999999,1.6,0.2337,13.0081,9.1575
2,1,sample 2 replicate 1,34,12.299999999999999,1.65,0.2379,13.4146,9.3221
2,1,sample 2 replicate 1,35,12.299999999999999,1.7,0.24,13.8211,9.4044
2,1,sample 2 replicate 1,36,12.299999999999999,1.75,0.2358,14.2276,9.2398
2,1,sample 2 replicate 1,37,12.299999999999999,1.8,0.2379,14.6341,9.3221
2,1,sample 2 replicate 1,38,12.299999999999999,1.85,0.2692,15.0407,10.5486
2,1,sample 2 replicate 1,39,12.299999999999999,1.9,0.2525,15.4472,9.8942
2,1,sample 2 replicate 1,40,12.299999999999999,1.95,0.2755,15.8537,10.7955
2,1,sample 2 replicate 1,41,12.299999999999999,2.0,0.2713,16.2602,10.6309
2,1,sample 2 replicate 1,42,12.299999999999999,2.05,0.288,16.6667,11.2853
2,1,sample 2 replicate 1,43,12.299999999999999,2.1,0.288,17.0732,11.2853
2,1,sample 2 replicate 1,44,12.299999999999999,2.15,0.2964,17.4797,11.6144
2,1,sample 2 replicate 1,45,12.299999999999999,2.2,0.288,17.8862,11.2853
2,1,sample 2 replicate 1,46,12.299999999999999,2.25,0.3047,18.2927,11.9397
2,1,sample 2 replicate 1,47,12.299999999999999,2.3,0.2943,18.6992,11.5321
2,1,sample 2 replicate 1,48,12.299999999999999,2.35,0.311,19.1057,12.1865
2,1,sample 2 replicate 1,49,12.299999999999999,2.4,0.3026,19.5122,11.8574
2,1,sample 2 replicate 1,50,12.299999999999999,2.45,0.3172,19.9187,12.4295
2,1,sample 2 replicate 1,51,12.299999999999999,2.5,0.3068,20.3252,12.0219
2,1,sample 2 replicate 1,52,12.299999999999999,2.55,0.2901,20.7317,11.3676
2,1,sample 2 replicate 1,53,12.299999999999999,2.6,0.2922,21.1382,11.4498
2,1,sample 2 replicate 1,54,12.299999999999999,2.65,0.311,21.5447,12.1865
2,1,sample 2 replicate 1,55,12.299999999999999,2.7,0.2901,21.9512,11.3676
2,1,sample 2 replicate 1,56,12.299999999999999,2.75,0.3005,22.3577,11.7751
2,1,sample 2 replicate 1,57,12.299999999999999,2.8,0.2922,22.7642,11.4498
2,1,sample 2 replicate 1,58,12.299999999999999,2.85,0.3193,23.1707,12.5118
2,1,sample 2 replicate 1,59,12.299999999999999,2.9,0.3047,23.5772,11.9397
2,1,sample 2 replicate 1,60,12.299999999999999,2.95,0.2922,23.9837,11.4498
2,1,sample 2 replicate 1,61,12.299999999999999,3.0,0.3005,24.3902,11.7751
2,1,sample 2 replicate 1,62,12.299999999999999,3.05,0.3193,24.7967,12.5118
2,1,sample 2 replicate 1,63,12.299999999999999,3.1,0.2984,25.2033,11.6928
2,1,sample 2 replicate 1,64,12.299999999999999,3.15,0.3026,25.6098,11.8574
2,1,sample 2 replicate 1,65,12.299999999999999,3.2,0.3151,26.0163,12.3472
2,1,sample 2 replicate 1,66,12.299999999999999,3.25,0.3235,26.4228,12.6763
2,1,sample 2 replicate 1,67,12.299999999999999,3.3,0.3193,26.8293,12.5118
2,1,sample 2 replicate 1,68,12.299999999999999,3.35,0.3214,27.2358,12.594
2,1,sample 2 replicate 1,69,12.299999999999999,3.4,0.3089,27.6423,12.1042
2,1,sample 2 replicate 1,70,12.299999999999999,3.45,0.3235,28.0488,12.6763
2,1,sample 2 replicate 1,71,12.299999999999999,3.5,0.3193,28.4553,12.5118
2,1,sample 2 replicate 1,72,12.299999999999999,3.55,0.3193,28.8618,12.5118
2,1,sample 2 replicate 1,73,12.299999999999999,3.6,0.3172,29.2683,12.4295
2,1,sample 2 replicate 1,74,12.299999999999999,3.65,0.3318,29.6748,13.0016
2,1,sample 2 replicate 1,75,12.299999999999999,3.7,0.3277,30.0813,12.8409
2,1,sample 2 replicate 1,76,12.299999999999999,3.75,0.3214,30.4878,12.594
2,1,sample 2 replicate 1,77,12.299999999999999,3.8,0.3193,30.8943,12.5118
2,1,sample 2 replicate 1,78,12.299999999999999,3.85,0.3402,31.3008,13.3307
2,1,sample 2 replicate 1,79,12.299999999999999,3.9,0.3172,31.7073,12.4295
2,1,sample 2 replicate 1,80,12.299999999999999,3.95,0.3381,32.1138,13.2484
2,1,sample 2 replicate 1,81,12.299999999999999,4.0,0.3444,32.5203,13.4953
2,1,sample 2 replicate 1,82,12.299999999999999,4.05,0.3485,32.9268,13.656
2,1,sample 2 replicate 1,83,12.299999999999999,4.1,0.3527,33.3333,13.8205
2,1,sample 2 replicate 1,84,12.299999999999999,4.15,0.3423,33.7398,13.413
2,1,sample 2 replicate 1,85,12.299999999999999,4.2,0.3527,34.1463,13.8205
2,1,sample 2 replicate 1,86,12.299999999999999,4.25,0.3569,34.5528,13.9851
2,1,sample 2 replicate 1,87,12.299999999999999,4.3,0.3527,34.9593,13.8205
2,1,sample 2 replicate 1,88,12.299999999999999,4.35,0.3527,35.3659,13.8205
2,1,sample 2 replicate 1,89,12.299999999999999,4.4,0.3485,35.7724,13.656
2,1,sample 2 replicate 1,90,12.299999999999999,4.45,0.3527,36.1789,13.8205
2,1,sample 2 replicate 1,91,12.299999999999999,4.5,0.3548,36.5854,13.9028
2,1,sample 2 replicate 1,92,12.299999999999999,4.55,0.3381,36.9919,13.2484
2,1,sample 2 replicate 1,93,12.299999999999999,4.6,0.3569,37.3984,13.9851
2,1,sample 2 replicate 1,94,12.299999999999999,4.65,0.3652,37.8049,14.3103
2,1,sample 2 replicate 1,95,12.299999999999999,4.7,0.3652,38.2114,14.3103
2,1,sample 2 replicate 1,96,12.299999999999999,4.75,0.3694,38.6179,14.4749
2,1,sample 2 replicate 1,97,12.299999999999999,4.8,0.3652,39.0244,14.3103
2,1,sample 2 replicate 1,98,12.299999999999999,4.85,0.3757,39.4309,14.7218
2,1,sample 2 replicate 1,99,12.299999999999999,4.9,0.3736,39.8374,14.6395
2,1,sample 2 replicate 1,100,12.299999999999999,4.95,0.3694,40.2439,14.4749
2,1,sample 2 replicate 1,101,12.299999999999999,5.0,0.3673,40.6504,14.3926
2,1,sample 2 replicate 1,102,12.299999999999999,5.05,0.3798,41.0569,14.8824
2,1,sample 2 replicate 1,103,12.299999999999999,5.1,0.3778,41.4634,14.8041
2,1,sample 2 replicate 1,104,12.299999999999999,5.15,0.3736,41.8699,14.6395
2,1,sample 2 replicate 1,105,12.299999999999999,5.2,0.3694,42.2764,14.4749
2,1,sample 2 replicate 1,106,12.299999999999999,5.25,0.384,42.6829,15.047
2,1,sample 2 replicate 1,107,12.299999999999999,5.3,0.3819,43.0894,14.9647
2,1,sample 2 replicate 1,108,12.299999999999999,5.35,0.3903,43.4959,15.2939
2,1,sample 2 replicate 1,109,12.299999999999999,5.4,0.3861,43.9024,15.1293
2,1,sample 2 replicate 1,110,12.299999999999999,5.45,0.4007,44.3089,15.7014
2,1,sample 2 replicate 1,111,12.299999999999999,5.5,0.3986,44.7154,15.6191
2,1,sample 2 replicate 1,112,12.299999999999999,5.55,0.3965,45.122,15.5368
2,1,sample 2 replicate 1,113,12.299999999999999,5.6,0.3965,45.5285,15.5368
2,1,sample 2 replicate 1,114,12.299999999999999,5.65,0.4237,45.935,16.6027
2,1,sample 2 replicate 1,115,12.299999999999999,5.7,0.4111,46.3415,16.1089
2,1,sample 2 replicate 1,116,12.299999999999999,5.75,0.4195,46.748,16.4381
2,1,sample 2 replicate 1,117,12.299999999999999,5.8,0.4216,47.1545,16.5204
2,1,sample 2 replicate 1,118,12.299999999999999,5.85,0.4383,47.561,17.1748
2,1,sample 2 replicate 1,119,12.299999999999999,5.9,0.4174,47.9675,16.3558
2,1,sample 2 replicate 1,120,12.299999999999999,5.95,0.4362,48.374,17.0925
2,1,sample 2 replicate 1,121,12.299999999999999,6.0,0.4362,48.7805,17.0925
2,1,sample 2 replicate 1,122,12.299999999999999,6.05,0.4341,49.187,17.0102
2,1,sample 2 replicate 1,123,12.299999999999999,6.1,0.4404,49.5935,17.2571
2,1,sample 2 replicate 1,124,12.299999999999999,6.15,0.4216,50.0,16.5204
2,1,sample 2 replicate 1,125,12.299999999999999,6.2,0.4404,50.4065,17.2571
2,1,sample 2 replicate 1,126,12.299999999999999,6.25,0.4612,50.813,18.0721
2,1,sample 2 replicate 1,127,12.299999999999999,6.3,0.4383,51.2195,17.1748
2,1,sample 2 replicate 1,128,12.299999999999999,6.35,0.4654,51.626,18.2367
2,1,sample 2 replicate 1,129,12.299999999999999,6.4,0.455,52.0325,17.8292
2,1,sample 2 replicate 1,130,12.299999999999999,6.45,0.4779,52.439,18.7265
2,1,sample 2 replicate 1,131,12.299999999999999,6.5,0.4738,52.8455,18.5658
2,1,sample 2 replicate 1,132,12.299999999999999,6.55,0.4633,53.252,18.1544
2,1,sample 2 replicate 1,133,12.299999999999999,6.6,0.4675,53.6585,18.319
2,1,sample 2 replicate 1,134,12.299999999999999,6.65,0.4863,54.065,19.0556
2,1,sample 2 replicate 1,135,12.299999999999999,6.7,0.4717,54.4715,18.4835
2,1,sample 2 replicate 1,136,12.299999999999999,6.75,0.4717,54.878,18.4835
2,1,sample 2 replicate 1,137,12.299999999999999,6.8,0.4696,55.2846,18.4013
2,1,sample 2 replicate 1,138,12.299999999999999,6.85,0.4842,55.6911,18.9734
2,1,sample 2 replicate 1,139,12.299999999999999,6.9,0.4738,56.0976,18.5658
2,1,sample 2 replicate 1,140,12.299999999999999,6.95,0.4675,56.5041,18.319
2,1,sample 2 replicate 1,141,12.299999999999999,7.0,0.4696,56.9106,18.4013
2,1,sample 2 replicate 1,142,12.299999999999999,7.05,0.4905,57.3171,19.2202
2,1,sample 2 replicate 1,143,12.299999999999999,7.1,0.48,57.7236,18.8088
2,1,sample 2 replicate 1,144,12.299999999999999,7.15,0.4863,58.1301,19.0556
2,1,sample 2 replicate 1,145,12.299999999999999,7.2,0.4905,58.5366,19.2202
2,1,sample 2 replicate 1,146,12.299999999999999,7.25,0.4946,58.9431,19.3809
2,1,sample 2 replicate 1,147,12.299999999999999,7.3,0.4925,59.3496,19.2986
2,1,sample 2 replicate 1,148,12.299999999999999,7.35,0.4967,59.7561,19.4632
2,1,sample 2 replicate 1,149,12.299999999999999,7.4,0.4884,60.1626,19.1379
2,1,sample 2 replicate 1,150,12.299999999999999,7.45,0.4946,60.5691,19.3809
2,1,sample 2 replicate 1,151,12.299999999999999,7.5,0.4842,60.9756,18.9734
2,1,sample 2 replicate 1,152,12.299999999999999,7.55,0.4842,61.3821,18.9734
2,1,sample 2 replicate 1,153,12.299999999999999,7.6,0.4821,61.7886,18.8911
2,1,sample 2 replicate 1,154,12.299999999999999,7.65,0.4738,62.1951,18.5658
2,1,sample 2 replicate 1,155,12.299999999999999,7.7,0.4738,62.6016,18.5658
2,1,sample 2 replicate 1,156,12.299999999999999,7.75,0.4675,63.0081,18.319
2,1,sample 2 replicate 1,157,12.299999999999999,7.8,0.4675,63.4146,18.319
2,1,sample 2 replicate 1,158,12.299999999999999,7.85,0.4821,63.8211,18.8911
2,1,sample 2 replicate 1,159,12.299999999999999,7.9,0.4696,64.2276,18.4013
2,1,sample 2 replicate 1,160,12.299999999999999,7.95,0.4842,64.6341,18.9734
2,1,sample 2 replicate 1,161,12.299999999999999,8.0,0.4884,65.0407,19.1379
2,1,sample 2 replicate 1,162,12.299999999999999,8.05,0.4863,65.4472,19.0556
2,1,sample 2 replicate 1,163,12.299999999999999,8.1,0.4884,65.8537,19.1379
2,1,sample 2 replicate 1,164,12.299999999999999,8.15,0.4863,66.2602,19.0556
2,1,sample 2 replicate 1,165,12.299999999999999,8.2,0.4863,66.6667,19.0556
2,1,sample 2 replicate 1,166,12.299999999999999,8.25,0.4884,67.0732,19.1379
2,1,sample 2 replicate 1,167,12.299999999999999,8.3,0.4821,67.4797,18.8911
2,1,sample 2 replicate 1,168,12.299999999999999,8.35,0.4884,67.8862,19.1379
2,1,sample 2 replicate 1,169,12.299999999999999,8.4,0.4842,68.2927,18.9734
2,1,sample 2 replicate 1,170,12.299999999999999,8.45,0.4821,68.6992,18.8911
2,1,sample 2 replicate 1,171,12.299999999999999,8.5,0.4842,69.1057,18.9734
2,1,sample 2 replicate 1,172,12.299999999999999,8.55,0.4842,69.5122,18.9734
2,1,sample 2 replicate 1,173,12.299999999999999,8.6,0.4884,69.9187,19.1379
2,1,sample 2 replicate 1,174,12.299999999999999,8.65,0.4946,70.3252,19.3809
2,1,sample 2 replicate 1,175,12.299999999999999,8.7,0.4905,70.7317,19.2202
2,1,sample 2 replicate 1,176,12.299999999999999,8.75,0.4946,71.1382,19.3809
2,1,sample 2 replicate 1,177,12.299999999999999,8.8,0.4946,71.5447,19.3809
2,1,sample 2 replicate 1,178,12.299999999999999,8.85,0.4988,71.9512,19.5455
2,1,sample 2 replicate 1,179,12.299999999999999,8.9,0.4967,72.3577,19.4632
2,1,sample 2 replicate 1,180,12.299999999999999,8.95,0.503,72.7642,19.71
2,1,sample 2 replicate 1,181,12.299999999999999,9.0,0.4925,73.1707,19.2986
2,1,sample 2 replicate 1,182,12.299999999999999,9.05,0.503,73.5772,19.71
2,1,sample 2 replicate 1,183,12.299999999999999,9.1,0.4988,73.9837,19.5455
2,1,sample 2 replicate 1,184,12.299999999999999,9.15,0.5009,74.3902,19.6277
2,1,sample 2 replicate 1,185,12.299999999999999,9.2,0.4946,74.7967,19.3809
2,1,sample 2 replicate 1,186,12.299999999999999,9.25,0.503,75.2033,19.71
2,1,sample 2 replicate 1,187,12.299999999999999,9.3,0.503,75.6098,19.71
2,1,sample 2 replicate 1,188,12.299999999999999,9.35,0.5051,76.0163,19.7923
2,1,sample 2 replicate 1,189,12.299999999999999,9.4,0.4946,76.4228,19.3809
2,1,sample 2 replicate 1,190,12.299999999999999,9.45,0.5197,76.8293,20.3644
2,1,sample 2 replicate 1,191,12.299999999999999,9.5,0.4946,77.2358,19.3809
2,1,sample 2 replicate 1,192,12.299999999999999,9.55,0.4967,77.6423,19.4632
2,1,sample 2 replicate 1,193,12.299999999999999,9.6,0.4988,78.0488,19.5455
2,1,sample 2 replicate 1,194,12.299999999999999,9.65,0.5092,78.4553,19.953
2,1,sample 2 replicate 1,195,12.299999999999999,9.7,0.5405,78.8618,21.1795
2,1,sample 2 replicate 1,196,12.299999999999999,9.75,0.6094,79.2683,23.8793
2,1,sample 2 replicate 1,197,12.299999999999999,9.8,0.6282,79.6748,24.616
2,1,sample 2 replicate 1,198,12.299999999999999,9.85,0.6971,80.0813,27.3158
2,1,sample 2 replicate 1,199,12.299999999999999,9.9,0.7305,80.4878,28.6246
2,1,sample 2 replicate 1,200,12.299999999999999,9.95,0.7722,80.8943,30.2586
2,1,sample 2 replicate 1,201,12.299999999999999,10.0,0.8327,81.3008,32.6293
2,1,sample 2 replicate 1,202,12.299999999999999,10.05,0.8953,81.7073,35.0823
2,1,sample 2 replicate 1,203,12.299999999999999,10.1,0.935,82.1138,36.6379
2,1,sample 2 replicate 1,204,12.299999999999999,10.15,1.0268,82.5203,40.2351
2,1,sample 2 replicate 1,205,12.299999999999999,10.2,1.0727,82.9268,42.0337
2,1,sample 2 replicate 1,206,12.299999999999999,10.25,1.1353,83.3333,44.4867
2,1,sample 2 replicate 1,207,12.299999999999999,10.3,1.198,83.7398,46.9436
2,1,sample 2 replicate 1,208,12.299999999999999,10.35,1.2668,84.1463,49.6395
2,1,sample 2 replicate 1,209,12.299999999999999,10.4,1.3169,84.5528,51.6027
2,1,sample 2 replicate 1,210,12.299999999999999,10.45,1.392,84.9593,54.5455
2,1,sample 2 replicate 1,211,12.299999999999999,10.5,1.4547,85.3659,57.0024
2,1,sample 2 replicate 1,212,12.299999999999999,10.55,1.5089,85.7724,59.1262
2,1,sample 2 replicate 1,213,12.299999999999999,10.6,1.5778,86.1789,61.826
2,1,sample 2 replicate 1,214,12.299999999999999,10.65,1.655,86.5854,64.8511
2,1,sample 2 replicate 1,215,12.299999999999999,10.7,1.7093,86.9919,66.9788
2,1,sample 2 replicate 1,216,12.299999999999999,10.75,1.7844,87.3984,69.9216
2,1,sample 2 replicate 1,217,12.299999999999999,10.8,1.8428,87.8049,72.21
2,1,sample 2 replicate 1,218,12.299999999999999,10.85,1.9409,88.2114,76.0541
2,1,sample 2 replicate 1,219,12.299999999999999,10.9,2.0014,88.6179,78.4248
2,1,sample 2 replicate 1,220,12.299999999999999,10.95,2.0703,89.0244,81.1246
2,1,sample 2 replicate 1,221,12.299999999999999,11.0,2.1601,89.4309,84.6434
2,1,sample 2 replicate 1,222,12.299999999999999,11.05,2.2832,89.8374,89.4671
2,1,sample 2 replicate 1,223,12.299999999999999,11.1,2.3333,90.2439,91.4303
2,1,sample 2 replicate 1,224,12.299999999999999,11.15,2.4376,90.6504,95.5172
2,1,sample 2 replicate 1,225,12.299999999999999,11.2,2.5649,91.0569,100.5055
2,1,sample 2 replicate 1,226,12.299999999999999,11.25,2.6943,91.4634,105.576
2,1,sample 2 replicate 1,227,12.299999999999999,11.3,2.807,91.8699,109.9922
2,1,sample 2 replicate 1,228,12.299999999999999,11.35,2.9135,92.2764,114.1654
2,1,sample 2 replicate 1,229,12.299999999999999,11.4,3.0491,92.6829,119.4788
2,1,sample 2 replicate 1,230,12.299999999999999,11.45,3.2224,93.0894,126.2696
2,1,sample 2 replicate 1,231,12.299999999999999,11.5,3.3267,93.4959,130.3566
2,1,sample 2 replicate 1,232,12.299999999999999,11.55,3.4832,93.9024,136.489
2,1,sample 2 replicate 1,233,12.299999999999999,11.6,3.6147,94.3089,141.6418
2,1,sample 2 replicate 1,234,12.299999999999999,11.65,3.7817,94.7154,148.1857
2,1,sample 2 replicate 1,235,12.299999999999999,11.7,3.9027,95.122,152.9271
2,1,sample 2 replicate 1,236,12.299999999999999,11.75,4.126,95.5285,161.6771
2,1,sample 2 replicate 1,237,12.299999999999999,11.8,4.3744,95.935,171.4107
2,1,sample 2 replicate 1,238,12.299999999999999,11.85,4.6791,96.3415,183.3503
2,1,sample 2 replicate 1,239,12.299999999999999,11.9,4.9671,96.748,194.6356
2,1,sample 2 replicate 1,240,12.299999999999999,11.95,5.3845,97.1545,210.9914
2,1,sample 2 replicate 1,241,12.299999999999999,12.0,5.7915,97.561,226.9397
2,1,sample 2 replicate 1,242,12.299999999999999,12.05,6.2527,97.9675,245.0118
2,1,sample 2 replicate 1,243,12.299999999999999,12.1,6.8496,98.374,268.4013
2,1,sample 2 replicate 1,244,12.299999999999999,12.15,7.4736,98.7805,292.8527
2,1,sample 2 replicate 1,245,12.299999999999999,12.2,8.1832,99.187,320.6583
2,1,sample 2 replicate 1,246,12.299999999999999,12.25,8.8782,99.5935,347.8918
2,1,sample 2 replicate 1,247,12.299999999999999,12.3,9.7401,100.0,381.6654
2,1,sample 2 replicate 1,248,12.299999999999999,12.35,6.1108,100.4065,239.4514
3,1,sample 3 replicate 1,1,12.299999999999999,0.0,-0.0063,0.0,-0.2469
3,1,sample 3 replicate 1,2,12.299999999999999,0.05,-0.0063,0.4065,-0.2469
3,1,sample 3 replicate 1,3,12.299999999999999,0.1,-0.0104,0.813,-0.4075
3,1,sample 3 replicate 1,4,12.299999999999999,0.15,0.2337,1.2195,9.1575
3,1,sample 3 replicate 1,5,12.299999999999999,0.2,0.1085,1.626,4.2516
3,1,sample 3 replicate 1,6,12.299999999999999,0.25,0.1023,2.0325,4.0086
3,1,sample 3 replicate 1,7,12.299999999999999,0.3,0.0877,2.439,3.4365
3,1,sample 3 replicate 1,8,12.299999999999999,0.35,0.1023,2.8455,4.0086
3,1,sample 3 replicate 1,9,12.299999999999999,0.4,0.096,3.252,3.7618
3,1,sample 3 replicate 1,10,12.299999999999999,0.45,0.1044,3.6585,4.0909
3,1,sample 3 replicate 1,11,12.299999999999999,0.5,0.1064,4.065,4.1693
3,1,sample 3 replicate 1,12,12.299999999999999,0.55,0.1044,4.4715,4.0909
3,1,sample 3 replicate 1,13,12.299999999999999,0.6,0.1106,4.878,4.3339
3,1,sample 3 replicate 1,14,12.299999999999999,0.65,0.1774,5.2846,6.9514
3,1,sample 3 replicate 1,15,12.299999999999999,0.7,0.1002,5.6911,3.9263
1,2,sample 1 replicate 2,1,10.450000000000001,0.0,-0.0376,0.0,-1.4734
1,2,sample 1 replicate 2,2,10.450000000000001,0.05,0.0376,0.4785,1.4734
1,2,sample 1 replicate 2,3,10.450000000000001,0.1,0.0397,0.9569,1.5556
1,2,sample 1 replicate 2,4,10.450000000000001,0.15,0.0438,1.4354,1.7163
1,2,sample 1 replicate 2,5,10.450000000000001,0.2,0.0647,1.9139,2.5353
1,2,sample 1 replicate 2,6,10.450000000000001,0.25,0.0564,2.3923,2.21
1,2,sample 1 replicate 2,7,10.450000000000001,0.3,0.0459,2.8708,1.7986
1,2,sample 1 replicate 2,8,10.450000000000001,0.35,0.0751,3.3493,2.9428
1,2,sample 1 replicate 2,9,10.450000000000001,0.4,0.0438,3.8278,1.7163
1,2,sample 1 replicate 2,10,10.450000000000001,0.45,0.0689,4.3062,2.6998
1,2,sample 1 replicate 2,11,10.450000000000001,0.5,0.0522,4.7847,2.0455
1,2,sample 1 replicate 2,12,10.450000000000001,0.55,0.0731,5.2632,2.8644
1,2,sample 1 replicate 2,13,10.450000000000001,0.6,0.0814,5.7416,3.1897
1,2,sample 1 replicate 2,14,10.450000000000001,0.65,0.071,6.2201,2.7821
1,2,sample 1 replicate 2,15,10.450000000000001,0.7,0.0731,6.6986,2.8644
1,2,sample 1 replicate 2,16,10.450000000000001,0.75,0.0835,7.177,3.2719
1,2,sample 1 replicate 2,17,10.450000000000001,0.8,0.0814,7.6555,3.1897
1,2,sample 1 replicate 2,18,10.450000000000001,0.85,0.0793,8.134,3.1074
1,2,sample 1 replicate 2,19,10.450000000000001,0.9,0.0751,8.6124,2.9428
1,2,sample 1 replicate 2,20,10.450000000000001,0.95,0.0877,9.0909,3.4365
1,2,sample 1 replicate 2,21,10.450000000000001,1.0,0.0793,9.5694,3.1074
1,2,sample 1 replicate 2,22,10.450000000000001,1.05,0.0814,10.0478,3.1897
1,2,sample 1 replicate 2,23,10.450000000000001,1.1,0.0877,10.5263,3.4365
1,2,sample 1 replicate 2,24,10.450000000000001,1.15,0.1002,11.0048,3.9263
1,2,sample 1 replicate 2,25,10.450000000000001,1.2,0.0918,11.4833,3.5972
1,2,sample 1 replicate 2,26,10.450000000000001,1.25,0.096,11.9617,3.7618
1,2,sample 1 replicate 2,27,10.450000000000001,1.3,0.0835,12.4402,3.2719
1,2,sample 1 replicate 2,28,10.450000000000001,1.35,0.0918,12.9187,3.5972
1,2,sample 1 replicate 2,29,10.450000000000001,1.4,0.0835,13.3971,3.2719
1,2,sample 1 replicate 2,30,10.450000000000001,1.45,0.0835,13.8756,3.2719
1,2,sample 1 replicate 2,31,10.450000000000001,1.5,0.0647,14.3541,2.5353
1,2,sample 1 replicate 2,32,10.450000000000001,1.55,0.0939,14.8325,3.6795
1,2,sample 1 replicate 2,33,10.450000000000001,1.6,0.0793,15.311,3.1074
1,2,sample 1 replicate 2,34,10.450000000000001,1.65,0.0814,15.7895,3.1897
1,2,sample 1 replicate 2,35,10.450000000000001,1.7,0.0835,16.2679,3.2719
1,2,sample 1 replicate 2,36,10.450000000000001,1.75,0.0939,16.7464,3.6795
1,2,sample 1 replicate 2,37,10.450000000000001,1.8,0.096,17.2249,3.7618
1,2,sample 1 replicate 2,38,10.450000000000001,1.85,0.0918,17.7033,3.5972
1,2,sample 1 replicate 2,39,10.450000000000001,1.9,0.0877,18.1818,3.4365
1,2,sample 1 replicate 2,40,10.450000000000001,1.95,0.1044,18.6603,4.0909
1,2,sample 1 replicate 2,41,10.450000000000001,2.0,0.096,19.1388,3.7618
1,2,sample 1 replicate 2,42,10.450000000000001,2.05,0.1002,19.6172,3.9263
1,2,sample 1 replicate 2,43,10.450000000000001,2.1,0.1064,20.0957,4.1693
1,2,sample 1 replicate 2,44,10.450000000000001,2.15,0.1085,20.5742,4.2516
1,2,sample 1 replicate 2,45,10.450000000000001,2.2,0.1148,21.0526,4.4984
1,2,sample 1 replicate 2,46,10.450000000000001,2.25,0.1106,21.5311,4.3339
1,2,sample 1 replicate 2,47,10.450000000000001,2.3,0.1127,22.0096,4.4161
1,2,sample 1 replicate 2,48,10.450000000000001,2.35,0.1169,22.488,4.5807
1,2,sample 1 replicate 2,49,10.450000000000001,2.4,0.1169,22.9665,4.5807
1,2,sample 1 replicate 2,50,10.450000000000001,2.45,0.1169,23.445,4.5807
1,2,sample 1 replicate 2,51,10.450000000000001,2.5,0.119,23.9234,4.663
1,2,sample 1 replicate 2,52,10.450000000000001,2.55,0.1357,24.4019,5.3174
1,2,sample 1 replicate 2,53,10.450000000000001,2.6,0.167,24.8804,6.5439
1,2,sample 1 replicate 2,54,10.450000000000001,2.65,0.1544,25.3589,6.0502
1,2,sample 1 replicate 2,55,10.450000000000001,2.7,0.1774,25.8373,6.9514
1,2,sample 1 replicate 2,56,10.450000000000001,2.75,0.1774,26.3158,6.9514
1,2,sample 1 replicate 2,57,10.450000000000001,2.8,0.1816,26.7943,7.116
1,2,sample 1 replicate 2,58,10.450000000000001,2.85,0.192,27.2727,7.5235
1,2,sample 1 replicate 2,59,10.450000000000001,2.9,0.1857,27.7512,7.2766
1,2,sample 1 replicate 2,60,10.450000000000001,2.95,0.1941,28.2297,7.6058
1,2,sample 1 replicate 2,61,10.450000000000001,3.0,0.1983,28.7081,7.7704
1,2,sample 1 replicate 2,62,10.450000000000001,3.05,0.2087,29.1866,8.1779
1,2,sample 1 replicate 2,63,10.450000000000001,3.1,0.2191,29.6651,8.5854
1,2,sample 1 replicate 2,64,10.450000000000001,3.15,0.2254,30.1435,8.8323
1,2,sample 1 replicate 2,65,10.450000000000001,3.2,0.2191,30.622,8.5854
1,2,sample 1 replicate 2,66,10.450000000000001,3.25,0.2171,31.1005,8.5071
1,2,sample 1 replicate 2,67,10.450000000000001,3.3,0.2254,31.5789,8.8323
1,2,sample 1 replicate 2,68,10.450000000000001,3.35,0.2296,32.0574,8.9969
1,2,sample 1 replicate 2,69,10.450000000000001,3.4,0.2337,32.5359,9.1575
1,2,sample 1 replicate 2,70,10.450000000000001,3.45,0.2296,33.0144,8.9969
1,2,sample 1 replicate 2,71,10.450000000000001,3.5,0.2212,33.4928,8.6677
1,2,sample 1 replicate 2,72,10.450000000000001,3.55,0.2379,33.9713,9.3221
1,2,sample 1 replicate 2,73,10.450000000000001,3.6,0.2421,34.4498,9.4867
1,2,sample 1 replicate 2,74,10.450000000000001,3.65,0.2442,34.9282,9.569
1,2,sample 1 replicate 2,75,10.450000000000001,3.7,0.2421,35.4067,9.4867
1,2,sample 1 replicate 2,76,10.450000000000001,3.75,0.2484,35.8852,9.7335
1,2,sample 1 replicate 2,77,10.450000000000001,3.8,0.2484,36.3636,9.7335
1,2,sample 1 replicate 2,78,10.450000000000001,3.85,0.2442,36.8421,9.569
1,2,sample 1 replicate 2,79,10.450000000000001,3.9,0.2421,37.3206,9.4867
1,2,sample 1 replicate 2,80,10.450000000000001,3.95,0.2651,37.799,10.3879
1,2,sample 1 replicate 2,81,10.450000000000001,4.0,0.2463,38.2775,9.6513
1,2,sample 1 replicate 2,82,10.450000000000001,4.05,0.2546,38.756,9.9765
1,2,sample 1 replicate 2,83,10.450000000000001,4.1,0.2484,39.2344,9.7335
1,2,sample 1 replicate 2,84,10.450000000000001,4.15,0.263,39.7129,10.3056
1,2,sample 1 replicate 2,85,10.450000000000001,4.2,0.2588,40.1914,10.1411
1,2,sample 1 replicate 2,86,10.450000000000001,4.25,0.2379,40.6699,9.3221
1,2,sample 1 replicate 2,87,10.450000000000001,4.3,0.2442,41.1483,9.569
1,2,sample 1 replicate 2,88,10.450000000000001,4.35,0.2776,41.6268,10.8777
1,2,sample 1 replicate 2,89,10.450000000000001,4.4,0.24,42.1053,9.4044
1,2,sample 1 replicate 2,90,10.450000000000001,4.45,0.2797,42.5837,10.96
1,2,sample 1 replicate 2,91,10.450000000000001,4.5,0.2504,43.0622,9.8119
1,2,sample 1 replicate 2,92,10.450000000000001,4.55,0.2943,43.5407,11.5321
1,2,sample 1 replicate 2,93,10.450000000000001,4.6,0.2776,44.0191,10.8777
1,2,sample 1 replicate 2,94,10.450000000000001,4.65,0.2567,44.4976,10.0588
1,2,sample 1 replicate 2,95,10.450000000000001,4.7,0.2588,44.9761,10.1411
1,2,sample 1 replicate 2,96,10.450000000000001,4.75,0.2901,45.4545,11.3676
1,2,sample 1 replicate 2,97,10.450000000000001,4.8,0.2546,45.933,9.9765
1,2,sample 1 replicate 2,98,10.450000000000001,4.85,0.2713,46.4115,10.6309
1,2,sample 1 replicate 2,99,10.450000000000001,4.9,0.2588,46.89,10.1411
1,2,sample 1 replicate 2,100,10.450000000000001,4.95,0.2859,47.3684,11.203
1,2,sample 1 replicate 2,101,10.450000000000001,5.0,0.2588,47.8469,10.1411
1,2,sample 1 replicate 2,102,10.450000000000001,5.05,0.2567,48.3254,10.0588
1,2,sample 1 replicate 2,103,10.450000000000001,5.1,0.2504,48.8038,9.8119
1,2,sample 1 replicate 2,104,10.450000000000001,5.15,0.2984,49.2823,11.6928
1,2,sample 1 replicate 2,105,10.450000000000001,5.2,0.263,49.7608,10.3056
1,2,sample 1 replicate 2,106,10.450000000000001,5.25,0.2943,50.2392,11.5321
1,2,sample 1 replicate 2,107,10.450000000000001,5.3,0.3005,50.7177,11.7751
1,2,sample 1 replicate 2,108,10.450000000000001,5.35,0.3318,51.1962,13.0016
1,2,sample 1 replicate 2,109,10.450000000000001,5.4,0.3277,51.6746,12.8409
1,2,sample 1 replicate 2,110,10.450000000000001,5.45,0.3381,52.1531,13.2484
1,2,sample 1 replicate 2,111,10.450000000000001,5.5,0.3151,52.6316,12.3472
1,2,sample 1 replicate 2,112,10.450000000000001,5.55,0.3444,53.11,13.4953
1,2,sample 1 replicate 2,113,10.450000000000001,5.6,0.3256,53.5885,12.7586
1,2,sample 1 replicate 2,114,10.450000000000001,5.65,0.3381,54.067,13.2484
1,2,sample 1 replicate 2,115,10.450000000000001,5.7,0.3277,54.5455,12.8409
1,2,sample 1 replicate 2,116,10.450000000000001,5.75,0.3444,55.0239,13.4953
1,2,sample 1 replicate 2,117,10.450000000000001,5.8,0.3506,55.5024,13.7382
1,2,sample 1 replicate 2,118,10.450000000000001,5.85,0.3465,55.9809,13.5776
1,2,sample 1 replicate 2,119,10.450000000000001,5.9,0.3339,56.4593,13.0839
1,2,sample 1 replicate 2,120,10.450000000000001,5.95,0.359,56.9378,14.0674
1,2,sample 1 replicate 2,121,10.450000000000001,6.0,0.336,57.4163,13.1661
1,2,sample 1 replicate 2,122,10.450000000000001,6.05,0.3485,57.8947,13.656
1,2,sample 1 replicate 2,123,10.450000000000001,6.1,0.3465,58.3732,13.5776
1,2,sample 1 replicate 2,124,10.450000000000001,6.15,0.3485,58.8517,13.656
1,2,sample 1 replicate 2,125,10.450000000000001,6.2,0.3485,59.3301,13.656
1,2,sample 1 replicate 2,126,10.450000000000001,6.25,0.336,59.8086,13.1661
1,2,sample 1 replicate 2,127,10.450000000000001,6.3,0.336,60.2871,13.1661
1,2,sample 1 replicate 2,128,10.450000000000001,6.35,0.3277,60.7656,12.8409
1,2,sample 1 replicate 2,129,10.450000000000001,6.4,0.3193,61.244,12.5118
1,2,sample 1 replicate 2,130,10.450000000000001,6.45,0.3339,61.7225,13.0839
1,2,sample 1 replicate 2,131,10.450000000000001,6.5,0.3277,62.201,12.8409
1,2,sample 1 replicate 2,132,10.450000000000001,6.55,0.3444,62.6794,13.4953
1,2,sample 1 replicate 2,133,10.450000000000001,6.6,0.3423,63.1579,13.413
1,2,sample 1 replicate 2,134,10.450000000000001,6.65,0.3402,63.6364,13.3307
1,2,sample 1 replicate 2,135,10.450000000000001,6.7,0.3527,64.1148,13.8205
1,2,sample 1 replicate 2,136,10.450000000000001,6.75,0.359,64.5933,14.0674
1,2,sample 1 replicate 2,137,10.450000000000001,6.8,0.3611,65.0718,14.1497
1,2,sample 1 replicate 2,138,10.450000000000001,6.85,0.3611,65.5502,14.1497
1,2,sample 1 replicate 2,139,10.450000000000001,6.9,0.3611,66.0287,14.1497
1,2,sample 1 replicate 2,140,10.450000000000001,6.95,0.3715,66.5072,14.5572
1,2,sample 1 replicate 2,141,10.450000000000001,7.0,0.3736,66.9856,14.6395
1,2,sample 1 replicate 2,142,10.450000000000001,7.05,0.3715,67.4641,14.5572
1,2,sample 1 replicate 2,143,10.450000000000001,7.1,0.3694,67.9426,14.4749
1,2,sample 1 replicate 2,144,10.450000000000001,7.15,0.3778,68.4211,14.8041
1,2,sample 1 replicate 2,145,10.450000000000001,7.2,0.3757,68.8995,14.7218
1,2,sample 1 replicate 2,146,10.450000000000001,7.25,0.3798,69.378,14.8824
1,2,sample 1 replicate 2,147,10.450000000000001,7.3,0.3715,69.8565,14.5572
1,2,sample 1 replicate 2,148,10.450000000000001,7.35,0.3924,70.3349,15.3762
1,2,sample 1 replicate 2,149,10.450000000000001,7.4,0.3861,70.8134,15.1293
1,2,sample 1 replicate 2,150,10.450000000000001,7.45,0.3882,71.2919,15.2116
1,2,sample 1 replicate 2,151,10.450000000000001,7.5,0.3694,71.7703,14.4749
1,2,sample 1 replicate 2,152,10.450000000000001,7.55,0.4111,72.2488,16.1089
1,2,sample 1 replicate 2,153,10.450000000000001,7.6,0.3757,72.7273,14.7218
1,2,sample 1 replicate 2,154,10.450000000000001,7.65,0.3924,73.2057,15.3762
1,2,sample 1 replicate 2,155,10.450000000000001,7.7,0.3882,73.6842,15.2116
1,2,sample 1 replicate 2,156,10.450000000000001,7.75,0.4174,74.1627,16.3558
1,2,sample 1 replicate 2,157,10.450000000000001,7.8,0.4153,74.6411,16.2735
1,2,sample 1 replicate 2,158,10.450000000000001,7.85,0.3986,75.1196,15.6191
1,2,sample 1 replicate 2,159,10.450000000000001,7.9,0.3882,75.5981,15.2116
1,2,sample 1 replicate 2,160,10.450000000000001,7.95,0.4425,76.0766,17.3393
1,2,sample 1 replicate 2,161,10.450000000000001,8.0,0.3882,76.555,15.2116
1,2,sample 1 replicate 2,162,10.450000000000001,8.05,0.4508,77.0335,17.6646
1,2,sample 1 replicate 2,163,10.450000000000001,8.1,0.4675,77.512,18.319
1,2,sample 1 replicate 2,164,10.450000000000001,8.15,0.503,77.9904,19.71
1,2,sample 1 replicate 2,165,10.450000000000001,8.2,0.5969,78.4689,23.3895
1,2,sample 1 replicate 2,166,10.450000000000001,8.25,0.6365,78.9474,24.9412
1,2,sample 1 replicate 2,167,10.450000000000001,8.3,0.7179,79.4258,28.1309
1,2,sample 1 replicate 2,168,10.450000000000001,8.35,0.7722,79.9043,30.2586
1,2,sample 1 replicate 2,169,10.450000000000001,8.4,0.7805,80.3828,30.5839
1,2,sample 1 replicate 2,170,10.450000000000001,8.45,0.8953,80.8612,35.0823
1,2,sample 1 replicate 2,171,10.450000000000001,8.5,0.9225,81.3397,36.1481
1,2,sample 1 replicate 2,172,10.450000000000001,8.55,1.0727,81.8182,42.0337
1,2,sample 1 replicate 2,173,10.450000000000001,8.6,1.127,82.2967,44.1614
1,2,sample 1 replicate 2,174,10.450000000000001,8.65,1.1562,82.7751,45.3056
1,2,sample 1 replicate 2,175,10.450000000000001,8.7,1.2376,83.2536,48.4953
1,2,sample 1 replicate 2,176,10.450000000000001,8.75,1.3566,83.7321,53.1583
1,2,sample 1 replicate 2,177,10.450000000000001,8.8,1.3774,84.2105,53.9734
1,2,sample 1 replicate 2,178,10.450000000000001,8.85,1.4672,84.689,57.4922
1,2,sample 1 replicate 2,179,10.450000000000001,8.9,1.5173,85.1675,59.4553
1,2,sample 1 replicate 2,180,10.450000000000001,8.95,1.6279,85.6459,63.7892
1,2,sample 1 replicate 2,181,10.450000000000001,9.0,1.6467,86.1244,64.5259
1,2,sample 1 replicate 2,182,10.450000000000001,9.05,1.7197,86.6029,67.3864
1,2,sample 1 replicate 2,183,10.450000000000001,9.1,1.7948,87.0813,70.3292
1,2,sample 1 replicate 2,184,10.450000000000001,9.15,1.9409,87.5598,76.0541
1,2,sample 1 replicate 2,185,10.450000000000001,9.2,1.9868,88.0383,77.8527
1,2,sample 1 replicate 2,186,10.450000000000001,9.25,2.0787,88.5167,81.4538
1,2,sample 1 replicate 2,187,10.450000000000001,9.3,2.1997,88.9952,86.1951
1,2,sample 1 replicate 2,188,10.450000000000001,9.35,2.3208,89.4737,90.9404
1,2,sample 1 replicate 2,189,10.450000000000001,9.4,2.4105,89.9522,94.4553
1,2,sample 1 replicate 2,190,10.450000000000001,9.45,2.5128,90.4306,98.4639
1,2,sample 1 replicate 2,191,10.450000000000001,9.5,2.6109,90.9091,102.308
1,2,sample 1 replicate 2,192,10.450000000000001,9.55,2.8029,91.3876,109.8315
1,2,sample 1 replicate 2,193,10.450000000000001,9.6,2.9135,91.866,114.1654
1,2,sample 1 replicate 2,194,10.450000000000001,9.65,3.0992,92.3445,121.442
1,2,sample 1 replicate 2,195,10.450000000000001,9.7,3.2871,92.823,128.8049
1,2,sample 1 replicate 2,196,10.450000000000001,9.75,3.4749,93.3014,136.1638
1,2,sample 1 replicate 2,197,10.450000000000001,9.8,3.6606,93.7799,143.4404
1,2,sample 1 replicate 2,198,10.450000000000001,9.85,3.8568,94.2584,151.1285
1,2,sample 1 replicate 2,199,10.450000000000001,9.9,4.0843,94.7368,160.0431
1,2,sample 1 replicate 2,200,10.450000000000001,9.95,4.3306,95.2153,169.6944
1,2,sample 1 replicate 2,201,10.450000000000001,10.0,4.6165,95.6938,180.8973
1,2,sample 1 replicate 2,202,10.450000000000001,10.05,4.9671,96.1722,194.6356
1,2,sample 1 replicate 2,203,10.450000000000001,10.1,5.3929,96.6507,211.3205
1,2,sample 1 replicate 2,204,10.450000000000001,10.15,5.8207,97.1292,228.0839
1,2,sample 1 replicate 2,205,10.450000000000001,10.2,6.2485,97.6077,244.8472
1,2,sample 1 replicate 2,206,10.450000000000001,10.25,6.8204,98.0861,267.2571
1,2,sample 1 replicate 2,207,10.450000000000001,10.3,2.2248,98.5646,87.1787
2,2,sample 2 replicate 2,1,12.1,0.0,0.0167,0.0,0.6544
2,2,sample 2 replicate 2,2,12.1,0.05,0.048,0.4132,1.8809
2,2,sample 2 replicate 2,3,12.1,0.1,0.0104,0.8264,0.4075
2,2,sample 2 replicate 2,4,12.1,0.15,0.0313,1.2397,1.2265
2,2,sample 2 replicate 2,5,12.1,0.2,0.0438,1.6529,1.7163
2,2,sample 2 replicate 2,6,12.1,0.25,0.0564,2.0661,2.21
2,2,sample 2 replicate 2,7,12.1,0.3,0.0334,2.4793,1.3088
2,2,sample 2 replicate 2,8,12.1,0.35,0.0772,2.8926,3.0251
2,2,sample 2 replicate 2,9,12.1,0.4,0.0751,3.3058,2.9428
2,2,sample 2 replicate 2,10,12.1,0.45,0.0856,3.719,3.3542
2,2,sample 2 replicate 2,11,12.1,0.5,0.0772,4.1322,3.0251
2,2,sample 2 replicate 2,12,12.1,0.55,0.0835,4.5455,3.2719
2,2,sample 2 replicate 2,13,12.1,0.6,0.0772,4.9587,3.0251
2,2,sample 2 replicate 2,14,12.1,0.65,0.0751,5.3719,2.9428
2,2,sample 2 replicate 2,15,12.1,0.7,0.0584,5.7851,2.2884
2,2,sample 2 replicate 2,16,12.1,0.75,0.0793,6.1983,3.1074
2,2,sample 2 replicate 2,17,12.1,0.8,0.0793,6.6116,3.1074
2,2,sample 2 replicate 2,18,12.1,0.85,0.0793,7.0248,3.1074
2,2,sample 2 replicate 2,19,12.1,0.9,0.0772,7.438,3.0251
2,2,sample 2 replicate 2,20,12.1,0.95,0.0856,7.8512,3.3542
2,2,sample 2 replicate 2,21,12.1,1.0,0.0856,8.2645,3.3542
2,2,sample 2 replicate 2,22,12.1,1.05,0.0814,8.6777,3.1897
2,2,sample 2 replicate 2,23,12.1,1.1,0.0772,9.0909,3.0251
2,2,sample 2 replicate 2,24,12.1,1.15,0.0918,9.5041,3.5972
2,2,sample 2 replicate 2,25,12.1,1.2,0.0897,9.9174,3.5149
2,2,sample 2 replicate 2,26,12.1,1.25,0.0897,10.3306,3.5149
2,2,sample 2 replicate 2,27,12.1,1.3,0.0897,10.7438,3.5149
2,2,sample 2 replicate 2,28,12.1,1.35,0.096,11.157,3.7618
2,2,sample 2 replicate 2,29,12.1,1.4,0.0981,11.5702,3.844
2,2,sample 2 replicate 2,30,12.1,1.45,0.1023,11.9835,4.0086
2,2,sample 2 replicate 2,31,12.1,1.5,0.1044,12.3967,4.0909
2,2,sample 2 replicate 2,32,12.1,1.55,0.1085,12.8099,4.2516
2,2,sample 2 replicate 2,33,12.1,1.6,0.1064,13.2231,4.1693
2,2,sample 2 replicate 2,34,12.1,1.65,0.1085,13.6364,4.2516
2,2,sample 2 replicate 2,35,12.1,1.7,0.1106,14.0496,4.3339
2,2,sample 2 replicate 2,36,12.1,1.75,0.1148,14.4628,4.4984
2,2,sample 2 replicate 2,37,12.1,1.8,0.119,14.876,4.663
2,2,sample 2 replicate 2,38,12.1,1.85,0.1085,15.2893,4.2516
2,2,sample 2 replicate 2,39,12.1,1.9,0.1085,15.7025,4.2516
2,2,sample 2 replicate 2,40,12.1,1.95,0.1294,16.1157,5.0705
2,2,sample 2 replicate 2,41,12.1,2.0,0.1085,16.5289,4.2516
2,2,sample 2 replicate 2,42,12.1,2.05,0.119,16.9421,4.663
2,2,sample 2 replicate 2,43,12.1,2.1,0.119,17.3554,4.663
2,2,sample 2 replicate 2,44,12.1,2.15,0.1544,17.7686,6.0502
2,2,sample 2 replicate 2,45,12.1,2.2,0.167,18.1818,6.5439
2,2,sample 2 replicate 2,46,12.1,2.25,0.1461,18.595,5.7249
2,2,sample 2 replicate 2,47,12.1,2.3,0.1586,19.0083,6.2147
2,2,sample 2 replicate 2,48,12.1,2.35,0.1816,19.4215,7.116
2,2,sample 2 replicate 2,49,12.1,2.4,0.1649,19.8347,6.4616
2,2,sample 2 replicate 2,50,12.1,2.45,0.1649,20.2479,6.4616
2,2,sample 2 replicate 2,51,12.1,2.5,0.1419,20.6612,5.5603
2,2,sample 2 replicate 2,52,12.1,2.55,0.1732,21.0744,6.7868
2,2,sample 2 replicate 2,53,12.1,2.6,0.1607,21.4876,6.297
2,2,sample 2 replicate 2,54,12.1,2.65,0.1482,21.9008,5.8072
2,2,sample 2 replicate 2,55,12.1,2.7,0.1628,22.314,6.3793
2,2,sample 2 replicate 2,56,12.1,2.75,0.1941,22.7273,7.6058
2,2,sample 2 replicate 2,57,12.1,2.8,0.1565,23.1405,6.1324
2,2,sample 2 replicate 2,58,12.1,2.85,0.1586,23.5537,6.2147
2,2,sample 2 replicate 2,59,12.1,2.9,0.1774,23.9669,6.9514
2,2,sample 2 replicate 2,60,12.1,2.95,0.2024,24.3802,7.931
2,2,sample 2 replicate 2,61,12.1,3.0,0.2004,24.7934,7.8527
2,2,sample 2 replicate 2,62,12.1,3.05,0.192,25.2066,7.5235
2,2,sample 2 replicate 2,63,12.1,3.1,0.1878,25.6198,7.3589
2,2,sample 2 replicate 2,64,12.1,3.15,0.215,26.0331,8.4248
2,2,sample 2 replicate 2,65,12.1,3.2,0.2004,26.4463,7.8527
2,2,sample 2 replicate 2,66,12.1,3.25,0.2066,26.8595,8.0956
2,2,sample 2 replicate 2,67,12.1,3.3,0.2066,27.2727,8.0956
2,2,sample 2 replicate 2,68,12.1,3.35,0.2171,27.686,8.5071
2,2,sample 2 replicate 2,69,12.1,3.4,0.2191,28.0992,8.5854
2,2,sample 2 replicate 2,70,12.1,3.45,0.2087,28.5124,8.1779
2,2,sample 2 replicate 2,71,12.1,3.5,0.2066,28.9256,8.0956
2,2,sample 2 replicate 2,72,12.1,3.55,0.2317,29.3388,9.0792
2,2,sample 2 replicate 2,73,12.1,3.6,0.215,29.7521,8.4248
2,2,sample 2 replicate 2,74,12.1,3.65,0.2171,30.1653,8.5071
2,2,sample 2 replicate 2,75,12.1,3.7,0.2275,30.5785,8.9146
2,2,sample 2 replicate 2,76,12.1,3.75,0.2317,30.9917,9.0792
2,2,sample 2 replicate 2,77,12.1,3.8,0.2358,31.405,9.2398
2,2,sample 2 replicate 2,78,12.1,3.85,0.2296,31.8182,8.9969
2,2,sample 2 replicate 2,79,12.1,3.9,0.2337,32.2314,9.1575
2,2,sample 2 replicate 2,80,12.1,3.95,0.2442,32.6446,9.569
2,2,sample 2 replicate 2,81,12.1,4.0,0.2337,33.0579,9.1575
2,2,sample 2 replicate 2,82,12.1,4.05,0.2442,33.4711,9.569
2,2,sample 2 replicate 2,83,12.1,4.1,0.2421,33.8843,9.4867
2,2,sample 2 replicate 2,84,12.1,4.15,0.2463,34.2975,9.6513
2,2,sample 2 replicate 2,85,12.1,4.2,0.2484,34.7107,9.7335
2,2,sample 2 replicate 2,86,12.1,4.25,0.2421,35.124,9.4867
2,2,sample 2 replicate 2,87,12.1,4.3,0.2546,35.5372,9.9765
2,2,sample 2 replicate 2,88,12.1,4.35,0.2692,35.9504,10.5486
2,2,sample 2 replicate 2,89,12.1,4.4,0.2609,36.3636,10.2234
2,2,sample 2 replicate 2,90,12.1,4.45,0.2776,36.7769,10.8777
2,2,sample 2 replicate 2,91,12.1,4.5,0.2776,37.1901,10.8777
2,2,sample 2 replicate 2,92,12.1,4.55,0.2859,37.6033,11.203
2,2,sample 2 replicate 2,93,12.1,4.6,0.2943,38.0165,11.5321
2,2,sample 2 replicate 2,94,12.1,4.65,0.2943,38.4298,11.5321
2,2,sample 2 replicate 2,95,12.1,4.7,0.2964,38.843,11.6144
2,2,sample 2 replicate 2,96,12.1,4.75,0.3089,39.2562,12.1042
2,2,sample 2 replicate 2,97,12.1,4.8,0.311,39.6694,12.1865
2,2,sample 2 replicate 2,98,12.1,4.85,0.2984,40.0826,11.6928
2,2,sample 2 replicate 2,99,12.1,4.9,0.311,40.4959,12.1865
2,2,sample 2 replicate 2,100,12.1,4.95,0.3151,40.9091,12.3472
2,2,sample 2 replicate 2,101,12.1,5.0,0.3193,41.3223,12.5118
2,2,sample 2 replicate 2,102,12.1,5.05,0.3131,41.7355,12.2688
2,2,sample 2 replicate 2,103,12.1,5.1,0.2713,42.1488,10.6309
2,2,sample 2 replicate 2,104,12.1,5.15,0.3068,42.562,12.0219
2,2,sample 2 replicate 2,105,12.1,5.2,0.3026,42.9752,11.8574
2,2,sample 2 replicate 2,106,12.1,5.25,0.2964,43.3884,11.6144
2,2,sample 2 replicate 2,107,12.1,5.3,0.288,43.8017,11.2853
2,2,sample 2 replicate 2,108,12.1,5.35,0.3026,44.2149,11.8574
2,2,sample 2 replicate 2,109,12.1,5.4,0.311,44.6281,12.1865
2,2,sample 2 replicate 2,110,12.1,5.45,0.3005,45.0413,11.7751
2,2,sample 2 replicate 2,111,12.1,5.5,0.288,45.4545,11.2853
2,2,sample 2 replicate 2,112,12.1,5.55,0.3214,45.8678,12.594
2,2,sample 2 replicate 2,113,12.1,5.6,0.3005,46.281,11.7751
2,2,sample 2 replicate 2,114,12.1,5.65,0.3339,46.6942,13.0839
2,2,sample 2 replicate 2,115,12.1,5.7,0.3277,47.1074,12.8409
2,2,sample 2 replicate 2,116,12.1,5.75,0.3235,47.5207,12.6763
2,2,sample 2 replicate 2,117,12.1,5.8,0.336,47.9339,13.1661
2,2,sample 2 replicate 2,118,12.1,5.85,0.2984,48.3471,11.6928
2,2,sample 2 replicate 2,119,12.1,5.9,0.3298,48.7603,12.9232
2,2,sample 2 replicate 2,120,12.1,5.95,0.3527,49.1736,13.8205
2,2,sample 2 replicate 2,121,12.1,6.0,0.3318,49.5868,13.0016
2,2,sample 2 replicate 2,122,12.1,6.05,0.359,50.0,14.0674
2,2,sample 2 replicate 2,123,12.1,6.1,0.3506,50.4132,13.7382
2,2,sample 2 replicate 2,124,12.1,6.15,0.3715,50.8264,14.5572
2,2,sample 2 replicate 2,125,12.1,6.2,0.3673,51.2397,14.3926
2,2,sample 2 replicate 2,126,12.1,6.25,0.3611,51.6529,14.1497
2,2,sample 2 replicate 2,127,12.1,6.3,0.3694,52.0661,14.4749
2,2,sample 2 replicate 2,128,12.1,6.35,0.3882,52.4793,15.2116
2,2,sample 2 replicate 2,129,12.1,6.4,0.3778,52.8926,14.8041
2,2,sample 2 replicate 2,130,12.1,6.45,0.3903,53.3058,15.2939
2,2,sample 2 replicate 2,131,12.1,6.5,0.3798,53.719,14.8824
2,2,sample 2 replicate 2,132,12.1,6.55,0.4007,54.1322,15.7014
2,2,sample 2 replicate 2,133,12.1,6.6,0.3819,54.5455,14.9647
2,2,sample 2 replicate 2,134,12.1,6.65,0.3757,54.9587,14.7218
2,2,sample 2 replicate 2,135,12.1,6.7,0.3778,55.3719,14.8041
2,2,sample 2 replicate 2,136,12.1,6.75,0.4216,55.7851,16.5204
2,2,sample 2 replicate 2,137,12.1,6.8,0.4132,56.1983,16.1912
2,2,sample 2 replicate 2,138,12.1,6.85,0.4216,56.6116,16.5204
2,2,sample 2 replicate 2,139,12.1,6.9,0.4258,57.0248,16.685
2,2,sample 2 replicate 2,140,12.1,6.95,0.4425,57.438,17.3393
2,2,sample 2 replicate 2,141,12.1,7.0,0.4466,57.8512,17.5
2,2,sample 2 replicate 2,142,12.1,7.05,0.455,58.2645,17.8292
2,2,sample 2 replicate 2,143,12.1,7.1,0.4278,58.6777,16.7633
2,2,sample 2 replicate 2,144,12.1,7.15,0.4675,59.0909,18.319
2,2,sample 2 replicate 2,145,12.1,7.2,0.4508,59.5041,17.6646
2,2,sample 2 replicate 2,146,12.1,7.25,0.4675,59.9174,18.319
2,2,sample 2 replicate 2,147,12.1,7.3,0.4508,60.3306,17.6646
2,2,sample 2 replicate 2,148,12.1,7.35,0.4633,60.7438,18.1544
2,2,sample 2 replicate 2,149,12.1,7.4,0.4696,61.157,18.4013
2,2,sample 2 replicate 2,150,12.1,7.45,0.4612,61.5702,18.0721
2,2,sample 2 replicate 2,151,12.1,7.5,0.4571,61.9835,17.9114
2,2,sample 2 replicate 2,152,12.1,7.55,0.4779,62.3967,18.7265
2,2,sample 2 replicate 2,153,12.1,7.6,0.4591,62.8099,17.9898
2,2,sample 2 replicate 2,154,12.1,7.65,0.48,63.2231,18.8088
2,2,sample 2 replicate 2,155,12.1,7.7,0.4779,63.6364,18.7265
2,2,sample 2 replicate 2,156,12.1,7.75,0.4905,64.0496,19.2202
2,2,sample 2 replicate 2,157,12.1,7.8,0.4967,64.4628,19.4632
2,2,sample 2 replicate 2,158,12.1,7.85,0.4925,64.876,19.2986
2,2,sample 2 replicate 2,159,12.1,7.9,0.4946,65.2893,19.3809
2,2,sample 2 replicate 2,160,12.1,7.95,0.5071,65.7025,19.8707
2,2,sample 2 replicate 2,161,12.1,8.0,0.4967,66.1157,19.4632
2,2,sample 2 replicate 2,162,12.1,8.05,0.5051,66.5289,19.7923
2,2,sample 2 replicate 2,163,12.1,8.1,0.4967,66.9421,19.4632
2,2,sample 2 replicate 2,164,12.1,8.15,0.5113,67.3554,20.0353
2,2,sample 2 replicate 2,165,12.1,8.2,0.5071,67.7686,19.8707
2,2,sample 2 replicate 2,166,12.1,8.25,0.503,68.1818,19.71
2,2,sample 2 replicate 2,167,12.1,8.3,0.5092,68.595,19.953
2,2,sample 2 replicate 2,168,12.1,8.35,0.5071,69.0083,19.8707
2,2,sample 2 replicate 2,169,12.1,8.4,0.4988,69.4215,19.5455
2,2,sample 2 replicate 2,170,12.1,8.45,0.503,69.8347,19.71
2,2,sample 2 replicate 2,171,12.1,8.5,0.5009,70.2479,19.6277
2,2,sample 2 replicate 2,172,12.1,8.55,0.5092,70.6612,19.953
2,2,sample 2 replicate 2,173,12.1,8.6,0.5051,71.0744,19.7923
2,2,sample 2 replicate 2,174,12.1,8.65,0.503,71.4876,19.71
2,2,sample 2 replicate 2,175,12.1,8.7,0.4988,71.9008,19.5455
2,2,sample 2 replicate 2,176,12.1,8.75,0.5092,72.314,19.953
2,2,sample 2 replicate 2,177,12.1,8.8,0.5051,72.7273,19.7923
2,2,sample 2 replicate 2,178,12.1,8.85,0.5071,73.1405,19.8707
2,2,sample 2 replicate 2,179,12.1,8.9,0.4967,73.5537,19.4632
2,2,sample 2 replicate 2,180,12.1,8.95,0.5071,73.9669,19.8707
2,2,sample 2 replicate 2,181,12.1,9.0,0.5092,74.3802,19.953
2,2,sample 2 replicate 2,182,12.1,9.05,0.5051,74.7934,19.7923
2,2,sample 2 replicate 2,183,12.1,9.1,0.4925,75.2066,19.2986
2,2,sample 2 replicate 2,184,12.1,9.15,0.5113,75.6198,20.0353
2,2,sample 2 replicate 2,185,12.1,9.2,0.4967,76.0331,19.4632
2,2,sample 2 replicate 2,186,12.1,9.25,0.5051,76.4463,19.7923
2,2,sample 2 replicate 2,187,12.1,9.3,0.5051,76.8595,19.7923
2,2,sample 2 replicate 2,188,12.1,9.35,0.5176,77.2727,20.2821
2,2,sample 2 replicate 2,189,12.1,9.4,0.5092,77.686,19.953
2,2,sample 2 replicate 2,190,12.1,9.45,0.5009,78.0992,19.6277
2,2,sample 2 replicate 2,191,12.1,9.5,0.4925,78.5124,19.2986
2,2,sample 2 replicate 2,192,12.1,9.55,0.5051,78.9256,19.7923
2,2,sample 2 replicate 2,193,12.1,9.6,0.4946,79.3388,19.3809
2,2,sample 2 replicate 2,194,12.1,9.65,0.5113,79.7521,20.0353
2,2,sample 2 replicate 2,195,12.1,9.7,0.5092,80.1653,19.953
2,2,sample 2 replicate 2,196,12.1,9.75,0.5906,80.5785,23.1426
2,2,sample 2 replicate 2,197,12.1,9.8,0.647,80.9917,25.3527
2,2,sample 2 replicate 2,198,12.1,9.85,0.7409,81.405,29.0321
2,2,sample 2 replicate 2,199,12.1,9.9,0.7618,81.8182,29.8511
2,2,sample 2 replicate 2,200,12.1,9.95,0.8536,82.2314,33.4483
2,2,sample 2 replicate 2,201,12.1,10.0,0.8974,82.6446,35.1646
2,2,sample 2 replicate 2,202,12.1,10.05,0.9955,83.0579,39.0086
2,2,sample 2 replicate 2,203,12.1,10.1,1.0372,83.4711,40.6426
2,2,sample 2 replicate 2,204,12.1,10.15,1.1291,83.8843,44.2437
2,2,sample 2 replicate 2,205,12.1,10.2,1.1959,84.2975,46.8613
2,2,sample 2 replicate 2,206,12.1,10.25,1.2293,84.7107,48.1701
2,2,sample 2 replicate 2,207,12.1,10.3,1.3211,85.124,51.7672
2,2,sample 2 replicate 2,208,12.1,10.35,1.4213,85.5372,55.6936
2,2,sample 2 replicate 2,209,12.1,10.4,1.4463,85.9504,56.6732
2,2,sample 2 replicate 2,210,12.1,10.45,1.5256,86.3636,59.7806
2,2,sample 2 replicate 2,211,12.1,10.5,1.5799,86.7769,61.9083
2,2,sample 2 replicate 2,212,12.1,10.55,1.6842,87.1901,65.9953
2,2,sample 2 replicate 2,213,12.1,10.6,1.7281,87.6033,67.7155
2,2,sample 2 replicate 2,214,12.1,10.65,1.7969,88.0165,70.4114
2,2,sample 2 replicate 2,215,12.1,10.7,1.8825,88.4298,73.7657
2,2,sample 2 replicate 2,216,12.1,10.75,2.014,88.843,78.9185
2,2,sample 2 replicate 2,217,12.1,10.8,2.0578,89.2562,80.6348
2,2,sample 2 replicate 2,218,12.1,10.85,2.1663,89.6694,84.8864
2,2,sample 2 replicate 2,219,12.1,10.9,2.279,90.0826,89.3025
2,2,sample 2 replicate 2,220,12.1,10.95,2.4022,90.4959,94.1301
2,2,sample 2 replicate 2,221,12.1,11.0,2.5065,90.9091,98.2171
2,2,sample 2 replicate 2,222,12.1,11.05,2.615,91.3223,102.4687
2,2,sample 2 replicate 2,223,12.1,11.1,2.7298,91.7355,106.9671
2,2,sample 2 replicate 2,224,12.1,11.15,2.8968,92.1488,113.511
2,2,sample 2 replicate 2,225,12.1,11.2,2.999,92.562,117.5157
2,2,sample 2 replicate 2,226,12.1,11.25,3.1597,92.9752,123.8127
2,2,sample 2 replicate 2,227,12.1,11.3,3.3476,93.3884,131.1755
2,2,sample 2 replicate 2,228,12.1,11.35,3.5229,93.8017,138.0447
2,2,sample 2 replicate 2,229,12.1,11.4,3.7045,94.2149,145.1607
2,2,sample 2 replicate 2,230,12.1,11.45,3.8902,94.6281,152.4373
2,2,sample 2 replicate 2,231,12.1,11.5,4.1302,95.0413,161.8417
2,2,sample 2 replicate 2,232,12.1,11.55,4.3994,95.4545,172.3903
2,2,sample 2 replicate 2,233,12.1,11.6,4.6728,95.8678,183.1034
2,2,sample 2 replicate 2,234,12.1,11.65,5.0047,96.281,196.1089
2,2,sample 2 replicate 2,235,12.1,11.7,5.445,96.6942,213.3621
2,2,sample 2 replicate 2,236,12.1,11.75,5.8854,97.1074,230.6191
2,2,sample 2 replicate 2,237,12.1,11.8,6.4572,97.5207,253.0251
2,2,sample 2 replicate 2,238,12.1,11.85,6.9414,97.9339,271.9984
2,2,sample 2 replicate 2,239,12.1,11.9,7.7011,98.3471,301.7672
2,2,sample 2 replicate 2,240,12.1,11.95,2.6714,98.7603,104.6787
3,2,sample 3 replicate 2,1,11.799999999999999,0.0,-0.0063,0.0,-0.2469
3,2,sample 3 replicate 2,2,11.799999999999999,0.05,0.0271,0.4237,1.0619
3,2,sample 3 replicate 2,3,11.799999999999999,0.1,0.0271,0.8475,1.0619
3,2,sample 3 replicate 2,4,11.799999999999999,0.15,0.0647,1.2712,2.5353
3,2,sample 3 replicate 2,5,11.799999999999999,0.2,0.0751,1.6949,2.9428
3,2,sample 3 replicate 2,6,11.799999999999999,0.25,0.0918,2.1186,3.5972
3,2,sample 3 replicate 2,7,11.799999999999999,0.3,0.0835,2.5424,3.2719
3,2,sample 3 replicate 2,8,11.799999999999999,0.35,0.096,2.9661,3.7618
3,2,sample 3 replicate 2,9,11.799999999999999,0.4,0.1002,3.3898,3.9263
3,2,sample 3 replicate 2,10,11.799999999999999,0.45,0.1044,3.8136,4.0909
3,2,sample 3 replicate 2,11,11.799999999999999,0.5,0.1002,4.2373,3.9263
3,2,sample 3 replicate 2,12,11.799999999999999,0.55,0.1106,4.661,4.3339
3,2,sample 3 replicate 2,13,11.799999999999999,0.6,0.1106,5.0847,4.3339
3,2,sample 3 replicate 2,14,11.799999999999999,0.65,0.1169,5.5085,4.5807
3,2,sample 3 replicate 2,15,11.799999999999999,0.7,0.119,5.9322,4.663
3,2,sample 3 replicate 2,16,11.799999999999999,0.75,0.1315,6.3559,5.1528
3,2,sample 3 replicate 2,17,11.799999999999999,0.8,0.1294,6.7797,5.0705
3,2,sample 3 replicate 2,18,11.799999999999999,0.85,0.1336,7.2034,5.2351
3,2,sample 3 replicate 2,19,11.799999999999999,0.9,0.1231,7.6271,4.8237
3,2,sample 3 replicate 2,20,11.799999999999999,0.95,0.1586,8.0508,6.2147
3,2,sample 3 replicate 2,21,11.799999999999999,1.0,0.1524,8.4746,5.9718
3,2,sample 3 replicate 2,22,11.799999999999999,1.05,0.1503,8.8983,5.8895
3,2,sample 3 replicate 2,23,11.799999999999999,1.1,0.1544,9.322,6.0502
3,2,sample 3 replicate 2,24,11.799999999999999,1.15,0.1628,9.7458,6.3793
3,2,sample 3 replicate 2,25,11.799999999999999,1.2,0.1732,10.1695,6.7868
3,2,sample 3 replicate 2,26,11.799999999999999,1.25,0.1795,10.5932,7.0337
3,2,sample 3 replicate 2,27,11.799999999999999,1.3,0.1816,11.0169,7.116
3,2,sample 3 replicate 2,28,11.799999999999999,1.35,0.1899,11.4407,7.4412
3,2,sample 3 replicate 2,29,11.799999999999999,1.4,0.1857,11.8644,7.2766
3,2,sample 3 replicate 2,30,11.799999999999999,1.45,0.192,12.2881,7.5235
3,2,sample 3 replicate 2,31,11.799999999999999,1.5,0.1962,12.7119,7.6881
3,2,sample 3 replicate 2,32,11.799999999999999,1.55,0.1941,13.1356,7.6058
3,2,sample 3 replicate 2,33,11.799999999999999,1.6,0.2024,13.5593,7.931
3,2,sample 3 replicate 2,34,11.799999999999999,1.65,0.2004,13.9831,7.8527
3,2,sample 3 replicate 2,35,11.799999999999999,1.7,0.2045,14.4068,8.0133
3,2,sample 3 replicate 2,36,11.799999999999999,1.75,0.2108,14.8305,8.2602
3,2,sample 3 replicate 2,37,11.799999999999999,1.8,0.1983,15.2542,7.7704
3,2,sample 3 replicate 2,38,11.799999999999999,1.85,0.2066,15.678,8.0956
3,2,sample 3 replicate 2,39,11.799999999999999,1.9,0.2087,16.1017,8.1779
3,2,sample 3 replicate 2,40,11.799999999999999,1.95,0.2066,16.5254,8.0956
3,2,sample 3 replicate 2,41,11.799999999999999,2.0,0.215,16.9492,8.4248
3,2,sample 3 replicate 2,42,11.799999999999999,2.05,0.2087,17.3729,8.1779
3,2,sample 3 replicate 2,43,11.799999999999999,2.1,0.2212,17.7966,8.6677
3,2,sample 3 replicate 2,44,11.799999999999999,2.15,0.2233,18.2203,8.75
3,2,sample 3 replicate 2,45,11.799999999999999,2.2,0.2191,18.6441,8.5854
3,2,sample 3 replicate 2,46,11.799999999999999,2.25,0.2233,19.0678,8.75
3,2,sample 3 replicate 2,47,11.799999999999999,2.3,0.2275,19.4915,8.9146
3,2,sample 3 replicate 2,48,11.799999999999999,2.35,0.2233,19.9153,8.75
3,2,sample 3 replicate 2,49,11.799999999999999,2.4,0.2212,20.339,8.6677
3,2,sample 3 replicate 2,50,11.799999999999999,2.45,0.2254,20.7627,8.8323
3,2,sample 3 replicate 2,51,11.799999999999999,2.5,0.2254,21.1864,8.8323
3,2,sample 3 replicate 2,52,11.799999999999999,2.55,0.2317,21.6102,9.0792
3,2,sample 3 replicate 2,53,11.799999999999999,2.6,0.2337,22.0339,9.1575
3,2,sample 3 replicate 2,54,11.799999999999999,2.65,0.2275,22.4576,8.9146
3,2,sample 3 replicate 2,55,11.799999999999999,2.7,0.2358,22.8814,9.2398
3,2,sample 3 replicate 2,56,11.799999999999999,2.75,0.2337,23.3051,9.1575
3,2,sample 3 replicate 2,57,11.799999999999999,2.8,0.2379,23.7288,9.3221
3,2,sample 3 replicate 2,58,11.799999999999999,2.85,0.2358,24.1525,9.2398
3,2,sample 3 replicate 2,59,11.799999999999999,2.9,0.2337,24.5763,9.1575
3,2,sample 3 replicate 2,60,11.799999999999999,2.95,0.2379,25.0,9.3221
3,2,sample 3 replicate 2,61,11.799999999999999,3.0,0.2317,25.4237,9.0792
3,2,sample 3 replicate 2,62,11.799999999999999,3.05,0.2379,25.8475,9.3221
3,2,sample 3 replicate 2,63,11.799999999999999,3.1,0.2442,26.2712,9.569
3,2,sample 3 replicate 2,64,11.799999999999999,3.15,0.2463,26.6949,9.6513
3,2,sample 3 replicate 2,65,11.799999999999999,3.2,0.2463,27.1186,9.6513
3,2,sample 3 replicate 2,66,11.799999999999999,3.25,0.2421,27.5424,9.4867
3,2,sample 3 replicate 2,67,11.799999999999999,3.3,0.2421,27.9661,9.4867
3,2,sample 3 replicate 2,68,11.799999999999999,3.35,0.2463,28.3898,9.6513
3,2,sample 3 replicate 2,69,11.799999999999999,3.4,0.2421,28.8136,9.4867
3,2,sample 3 replicate 2,70,11.799999999999999,3.45,0.2546,29.2373,9.9765
3,2,sample 3 replicate 2,71,11.799999999999999,3.5,0.2713,29.661,10.6309
3,2,sample 3 replicate 2,72,11.799999999999999,3.55,0.2546,30.0847,9.9765
3,2,sample 3 replicate 2,73,11.799999999999999,3.6,0.2734,30.5085,10.7132
3,2,sample 3 replicate 2,74,11.799999999999999,3.65,0.2713,30.9322,10.6309
3,2,sample 3 replicate 2,75,11.799999999999999,3.7,0.2964,31.3559,11.6144
3,2,sample 3 replicate 2,76,11.799999999999999,3.75,0.2776,31.7797,10.8777
3,2,sample 3 replicate 2,77,11.799999999999999,3.8,0.2818,32.2034,11.0423
3,2,sample 3 replicate 2,78,11.799999999999999,3.85,0.2838,32.6271,11.1207
3,2,sample 3 replicate 2,79,11.799999999999999,3.9,0.3089,33.0508,12.1042
3,2,sample 3 replicate 2,80,11.799999999999999,3.95,0.3047,33.4746,11.9397
3,2,sample 3 replicate 2,81,11.799999999999999,4.0,0.3151,33.8983,12.3472
3,2,sample 3 replicate 2,82,11.799999999999999,4.05,0.3005,34.322,11.7751
3,2,sample 3 replicate 2,83,11.799999999999999,4.1,0.3131,34.7458,12.2688
3,2,sample 3 replicate 2,84,11.799999999999999,4.15,0.311,35.1695,12.1865
3,2,sample 3 replicate 2,85,11.799999999999999,4.2,0.3193,35.5932,12.5118
3,2,sample 3 replicate 2,86,11.799999999999999,4.25,0.3172,36.0169,12.4295
3,2,sample 3 replicate 2,87,11.799999999999999,4.3,0.3277,36.4407,12.8409
3,2,sample 3 replicate 2,88,11.799999999999999,4.35,0.3277,36.8644,12.8409
3,2,sample 3 replicate 2,89,11.799999999999999,4.4,0.336,37.2881,13.1661
3,2,sample 3 replicate 2,90,11.799999999999999,4.45,0.3318,37.7119,13.0016
3,2,sample 3 replicate 2,91,11.799999999999999,4.5,0.3423,38.1356,13.413
3,2,sample 3 replicate 2,92,11.799999999999999,4.55,0.3381,38.5593,13.2484
3,2,sample 3 replicate 2,93,11.799999999999999,4.6,0.3506,38.9831,13.7382
3,2,sample 3 replicate 2,94,11.799999999999999,4.65,0.3465,39.4068,13.5776
3,2,sample 3 replicate 2,95,11.799999999999999,4.7,0.3465,39.8305,13.5776
3,2,sample 3 replicate 2,96,11.799999999999999,4.75,0.3423,40.2542,13.413
3,2,sample 3 replicate 2,97,11.799999999999999,4.8,0.3465,40.678,13.5776
3,2,sample 3 replicate 2,98,11.799999999999999,4.85,0.3465,41.1017,13.5776
3,2,sample 3 replicate 2,99,11.799999999999999,4.9,0.3423,41.5254,13.413
3,2,sample 3 replicate 2,100,11.799999999999999,4.95,0.3527,41.9492,13.8205
3,2,sample 3 replicate 2,101,11.799999999999999,5.0,0.3569,42.3729,13.9851
3,2,sample 3 replicate 2,102,11.799999999999999,5.05,0.359,42.7966,14.0674
3,2,sample 3 replicate 2,103,11.799999999999999,5.1,0.3611,43.2203,14.1497
3,2,sample 3 replicate 2,104,11.799999999999999,5.15,0.3631,43.6441,14.2281
3,2,sample 3 replicate 2,105,11.799999999999999,5.2,0.3652,44.0678,14.3103
3,2,sample 3 replicate 2,106,11.799999999999999,5.25,0.3673,44.4915,14.3926
3,2,sample 3 replicate 2,107,11.799999999999999,5.3,0.3652,44.9153,14.3103
3,2,sample 3 replicate 2,108,11.799999999999999,5.35,0.3506,45.339,13.7382
3,2,sample 3 replicate 2,109,11.799999999999999,5.4,0.3485,45.7627,13.656
3,2,sample 3 replicate 2,110,11.799999999999999,5.45,0.3548,46.1864,13.9028
3,2,sample 3 replicate 2,111,11.799999999999999,5.5,0.3548,46.6102,13.9028
3,2,sample 3 replicate 2,112,11.799999999999999,5.55,0.359,47.0339,14.0674
3,2,sample 3 replicate 2,113,11.799999999999999,5.6,0.3631,47.4576,14.2281
3,2,sample 3 replicate 2,114,11.799999999999999,5.65,0.3631,47.8814,14.2281
3,2,sample 3 replicate 2,115,11.799999999999999,5.7,0.3631,48.3051,14.2281
3,2,sample 3 replicate 2,116,11.799999999999999,5.75,0.3673,48.7288,14.3926
3,2,sample 3 replicate 2,117,11.799999999999999,5.8,0.3611,49.1525,14.1497
3,2,sample 3 replicate 2,118,11.799999999999999,5.85,0.3778,49.5763,14.8041
3,2,sample 3 replicate 2,119,11.799999999999999,5.9,0.3736,50.0,14.6395
3,2,sample 3 replicate 2,120,11.799999999999999,5.95,0.3861,50.4237,15.1293
3,2,sample 3 replicate 2,121,11.799999999999999,6.0,0.3861,50.8475,15.1293
3,2,sample 3 replicate 2,122,11.799999999999999,6.05,0.3694,51.2712,14.4749
3,2,sample 3 replicate 2,123,11.799999999999999,6.1,0.3798,51.6949,14.8824
3,2,sample 3 replicate 2,124,11.799999999999999,6.15,0.3819,52.1186,14.9647
3,2,sample 3 replicate 2,125,11.799999999999999,6.2,0.3736,52.5424,14.6395
3,2,sample 3 replicate 2,126,11.799999999999999,6.25,0.3757,52.9661,14.7218
3,2,sample 3 replicate 2,127,11.799999999999999,6.3,0.3778,53.3898,14.8041
3,2,sample 3 replicate 2,128,11.799999999999999,6.35,0.3861,53.8136,15.1293
3,2,sample 3 replicate 2,129,11.799999999999999,6.4,0.3778,54.2373,14.8041
3,2,sample 3 replicate 2,130,11.799999999999999,6.45,0.3694,54.661,14.4749
3,2,sample 3 replicate 2,131,11.799999999999999,6.5,0.384,55.0847,15.047
3,2,sample 3 replicate 2,132,11.799999999999999,6.55,0.4195,55.5085,16.4381
3,2,sample 3 replicate 2,133,11.799999999999999,6.6,0.4132,55.9322,16.1912
3,2,sample 3 replicate 2,134,11.799999999999999,6.65,0.4237,56.3559,16.6027
3,2,sample 3 replicate 2,135,11.799999999999999,6.7,0.432,56.7797,16.9279
3,2,sample 3 replicate 2,136,11.799999999999999,6.75,0.4445,57.2034,17.4177
3,2,sample 3 replicate 2,137,11.799999999999999,6.8,0.4383,57.6271,17.1748
3,2,sample 3 replicate 2,138,11.799999999999999,6.85,0.4445,58.0508,17.4177
3,2,sample 3 replicate 2,139,11.799999999999999,6.9,0.4174,58.4746,16.3558
3,2,sample 3 replicate 2,140,11.799999999999999,6.95,0.4362,58.8983,17.0925
3,2,sample 3 replicate 2,141,11.799999999999999,7.0,0.4195,59.322,16.4381
3,2,sample 3 replicate 2,142,11.799999999999999,7.05,0.4111,59.7458,16.1089
3,2,sample 3 replicate 2,143,11.799999999999999,7.1,0.3944,60.1695,15.4545
3,2,sample 3 replicate 2,144,11.799999999999999,7.15,0.4174,60.5932,16.3558
3,2,sample 3 replicate 2,145,11.799999999999999,7.2,0.4153,61.0169,16.2735
3,2,sample 3 replicate 2,146,11.799999999999999,7.25,0.4216,61.4407,16.5204
3,2,sample 3 replicate 2,147,11.799999999999999,7.3,0.4299,61.8644,16.8456
3,2,sample 3 replicate 2,148,11.799999999999999,7.35,0.4508,62.2881,17.6646
3,2,sample 3 replicate 2,149,11.799999999999999,7.4,0.4132,62.7119,16.1912
3,2,sample 3 replicate 2,150,11.799999999999999,7.45,0.4487,63.1356,17.5823
3,2,sample 3 replicate 2,151,11.799999999999999,7.5,0.4591,63.5593,17.9898
3,2,sample 3 replicate 2,152,11.799999999999999,7.55,0.4571,63.9831,17.9114
3,2,sample 3 replicate 2,153,11.799999999999999,7.6,0.4696,64.4068,18.4013
3,2,sample 3 replicate 2,154,11.799999999999999,7.65,0.4654,64.8305,18.2367
3,2,sample 3 replicate 2,155,11.799999999999999,7.7,0.4738,65.2542,18.5658
3,2,sample 3 replicate 2,156,11.799999999999999,7.75,0.4779,65.678,18.7265
3,2,sample 3 replicate 2,157,11.799999999999999,7.8,0.4696,66.1017,18.4013
3,2,sample 3 replicate 2,158,11.799999999999999,7.85,0.4696,66.5254,18.4013
3,2,sample 3 replicate 2,159,11.799999999999999,7.9,0.4675,66.9492,18.319
3,2,sample 3 replicate 2,160,11.799999999999999,7.95,0.4696,67.3729,18.4013
3,2,sample 3 replicate 2,161,11.799999999999999,8.0,0.4758,67.7966,18.6442
3,2,sample 3 replicate 2,162,11.799999999999999,8.05,0.4779,68.2203,18.7265
3,2,sample 3 replicate 2,163,11.799999999999999,8.1,0.4821,68.6441,18.8911
3,2,sample 3 replicate 2,164,11.799999999999999,8.15,0.4842,69.0678,18.9734
3,2,sample 3 replicate 2,165,11.799999999999999,8.2,0.4821,69.4915,18.8911
3,2,sample 3 replicate 2,166,11.799999999999999,8.25,0.4884,69.9153,19.1379
3,2,sample 3 replicate 2,167,11.799999999999999,8.3,0.4905,70.339,19.2202
3,2,sample 3 replicate 2,168,11.799999999999999,8.35,0.4925,70.7627,19.2986
3,2,sample 3 replicate 2,169,11.799999999999999,8.4,0.4925,71.1864,19.2986
3,2,sample 3 replicate 2,170,11.799999999999999,8.45,0.4925,71.6102,19.2986
3,2,sample 3 replicate 2,171,11.799999999999999,8.5,0.4967,72.0339,19.4632
3,2,sample 3 replicate 2,172,11.799999999999999,8.55,0.5009,72.4576,19.6277
3,2,sample 3 replicate 2,173,11.799999999999999,8.6,0.4988,72.8814,19.5455
3,2,sample 3 replicate 2,174,11.799999999999999,8.65,0.4967,73.3051,19.4632
3,2,sample 3 replicate 2,175,11.799999999999999,8.7,0.5009,73.7288,19.6277
3,2,sample 3 replicate 2,176,11.799999999999999,8.75,0.4967,74.1525,19.4632
3,2,sample 3 replicate 2,177,11.799999999999999,8.8,0.5009,74.5763,19.6277
3,2,sample 3 replicate 2,178,11.799999999999999,8.85,0.4988,75.0,19.5455
3,2,sample 3 replicate 2,179,11.799999999999999,8.9,0.4905,75.4237,19.2202
3,2,sample 3 replicate 2,180,11.799999999999999,8.95,0.4988,75.8475,19.5455
3,2,sample 3 replicate 2,181,11.799999999999999,9.0,0.4946,76.2712,19.3809
3,2,sample 3 replicate 2,182,11.799999999999999,9.05,0.5009,76.6949,19.6277
3,2,sample 3 replicate 2,183,11.799999999999999,9.1,0.5009,77.1186,19.6277
3,2,sample 3 replicate 2,184,11.799999999999999,9.15,0.5051,77.5424,19.7923
3,2,sample 3 replicate 2,185,11.799999999999999,9.2,0.5134,77.9661,20.1176
3,2,sample 3 replicate 2,186,11.799999999999999,9.25,0.5176,78.3898,20.2821
3,2,sample 3 replicate 2,187,11.799999999999999,9.3,0.5092,78.8136,19.953
3,2,sample 3 replicate 2,188,11.799999999999999,9.35,0.5322,79.2373,20.8542
3,2,sample 3 replicate 2,189,11.799999999999999,9.4,0.5134,79.661,20.1176
3,2,sample 3 replicate 2,190,11.799999999999999,9.45,0.5531,80.0847,21.6732
3,2,sample 3 replicate 2,191,11.799999999999999,9.5,0.5844,80.5085,22.8997
3,2,sample 3 replicate 2,192,11.799999999999999,9.55,0.6324,80.9322,24.7806
3,2,sample 3 replicate 2,193,11.799999999999999,9.6,0.6762,81.3559,26.4969
3,2,sample 3 replicate 2,194,11.799999999999999,9.65,0.7451,81.7797,29.1967
3,2,sample 3 replicate 2,195,11.799999999999999,9.7,0.7743,82.2034,30.3409
3,2,sample 3 replicate 2,196,11.799999999999999,9.75,0.8745,82.6271,34.2672
3,2,sample 3 replicate 2,197,11.799999999999999,9.8,0.9162,83.0508,35.9013
3,2,sample 3 replicate 2,198,11.799999999999999,9.85,1.0289,83.4746,40.3174
3,2,sample 3 replicate 2,199,11.799999999999999,9.9,1.056,83.8983,41.3793
3,2,sample 3 replicate 2,200,11.799999999999999,9.95,1.127,84.322,44.1614
3,2,sample 3 replicate 2,201,11.799999999999999,10.0,1.2105,84.7458,47.4334
3,2,sample 3 replicate 2,202,11.799999999999999,10.05,1.2606,85.1695,49.3966
3,2,sample 3 replicate 2,203,11.799999999999999,10.1,1.3336,85.5932,52.2571
3,2,sample 3 replicate 2,204,11.799999999999999,10.15,1.4171,86.0169,55.529
3,2,sample 3 replicate 2,205,11.799999999999999,10.2,1.4484,86.4407,56.7555
3,2,sample 3 replicate 2,206,11.799999999999999,10.25,1.536,86.8644,60.1881
3,2,sample 3 replicate 2,207,11.799999999999999,10.3,1.6007,87.2881,62.7234
3,2,sample 3 replicate 2,208,11.799999999999999,10.35,1.7009,87.7119,66.6497
3,2,sample 3 replicate 2,209,11.799999999999999,10.4,1.7468,88.1356,68.4483
3,2,sample 3 replicate 2,210,11.799999999999999,10.45,1.8011,88.5593,70.576
3,2,sample 3 replicate 2,211,11.799999999999999,10.5,1.9013,88.9831,74.5024
3,2,sample 3 replicate 2,212,11.799999999999999,10.55,2.039,89.4068,79.8981
3,2,sample 3 replicate 2,213,11.799999999999999,10.6,2.0912,89.8305,81.9436
3,2,sample 3 replicate 2,214,11.799999999999999,10.65,2.1997,90.2542,86.1951
3,2,sample 3 replicate 2,215,11.799999999999999,10.7,2.3208,90.678,90.9404
3,2,sample 3 replicate 2,216,11.799999999999999,10.75,2.446,91.1017,95.8464
3,2,sample 3 replicate 2,217,11.799999999999999,10.8,2.5524,91.5254,100.0157
3,2,sample 3 replicate 2,218,11.799999999999999,10.85,2.663,91.9492,104.3495
3,2,sample 3 replicate 2,219,11.799999999999999,10.9,2.7883,92.3729,109.2594
3,2,sample 3 replicate 2,220,11.799999999999999,10.95,2.9844,92.7966,116.9436
3,2,sample 3 replicate 2,221,11.799999999999999,11.0,3.1034,93.2203,121.6066
3,2,sample 3 replicate 2,222,11.799999999999999,11.05,3.2808,93.6441,128.558
3,2,sample 3 replicate 2,223,11.799999999999999,11.1,3.4582,94.0678,135.5094
3,2,sample 3 replicate 2,224,11.799999999999999,11.15,3.6314,94.4915,142.2962
3,2,sample 3 replicate 2,225,11.799999999999999,11.2,3.8631,94.9153,151.3754
3,2,sample 3 replicate 2,226,11.799999999999999,11.25,4.0718,95.339,159.5533
3,2,sample 3 replicate 2,227,11.799999999999999,11.3,4.3368,95.7627,169.9373
3,2,sample 3 replicate 2,228,11.799999999999999,11.35,4.6624,96.1864,182.6959
3,2,sample 3 replicate 2,229,11.799999999999999,11.4,4.9421,96.6102,193.656
3,2,sample 3 replicate 2,230,11.799999999999999,11.45,5.3094,97.0339,208.0486
3,2,sample 3 replicate 2,231,11.799999999999999,11.5,5.7685,97.4576,226.0384
3,2,sample 3 replicate 2,232,11.799999999999999,11.55,6.2819,97.8814,246.156
3,2,sample 3 replicate 2,233,11.799999999999999,11.6,6.835,98.3051,267.8292
3,2,sample 3 replicate 2,234,11.799999999999999,11.65,7.4694,98.7288,292.6881
3,2,sample 3 replicate 2,235,11.799999999999999,11.7,8.2062,99.1525,321.5596
3,2,sample 3 replicate 2,236,11.799999999999999,11.75,8.9825,99.5763,351.9788
3,2,sample 3 replicate 2,237,11.799999999999999,11.8,3.6773,100.0,144.0948
1,3,sample 1 replicate 3,1,9.15,0.0,-0.0334,0.0,-1.3088
1,3,sample 1 replicate 3,2,9.15,0.05,0.0042,0.5464,0.1646
1,3,sample 1 replicate 3,3,9.15,0.1,0.0042,1.0929,0.1646
1,3,sample 1 replicate 3,4,9.15,0.15,0.0438,1.6393,1.7163
1,3,sample 1 replicate 3,5,9.15,0.2,0.0417,2.1858,1.634
1,3,sample 1 replicate 3,6,9.15,0.25,0.0564,2.7322,2.21
1,3,sample 1 replicate 3,7,9.15,0.3,0.0146,3.2787,0.5721
1,3,sample 1 replicate 3,8,9.15,0.35,0.0772,3.8251,3.0251
1,3,sample 1 replicate 3,9,9.15,0.4,0.0584,4.3716,2.2884
1,3,sample 1 replicate 3,10,9.15,0.45,0.0689,4.918,2.6998
1,3,sample 1 replicate 3,11,9.15,0.5,0.0668,5.4645,2.6176
1,3,sample 1 replicate 3,12,9.15,0.55,0.071,6.0109,2.7821
1,3,sample 1 replicate 3,13,9.15,0.6,0.0772,6.5574,3.0251
1,3,sample 1 replicate 3,14,9.15,0.65,0.0814,7.1038,3.1897
1,3,sample 1 replicate 3,15,9.15,0.7,0.0605,7.6503,2.3707
1,3,sample 1 replicate 3,16,9.15,0.75,0.0918,8.1967,3.5972
1,3,sample 1 replicate 3,17,9.15,0.8,0.0751,8.7432,2.9428
1,3,sample 1 replicate 3,18,9.15,0.85,0.0856,9.2896,3.3542
1,3,sample 1 replicate 3,19,9.15,0.9,0.0897,9.8361,3.5149
1,3,sample 1 replicate 3,20,9.15,0.95,0.0981,10.3825,3.844
1,3,sample 1 replicate 3,21,9.15,1.0,0.0981,10.929,3.844
1,3,sample 1 replicate 3,22,9.15,1.05,0.096,11.4754,3.7618
1,3,sample 1 replicate 3,23,9.15,1.1,0.0981,12.0219,3.844
1,3,sample 1 replicate 3,24,9.15,1.15,0.1064,12.5683,4.1693
1,3,sample 1 replicate 3,25,9.15,1.2,0.1002,13.1148,3.9263
1,3,sample 1 replicate 3,26,9.15,1.25,0.1085,13.6612,4.2516
1,3,sample 1 replicate 3,27,9.15,1.3,0.1044,14.2077,4.0909
1,3,sample 1 replicate 3,28,9.15,1.35,0.1127,14.7541,4.4161
1,3,sample 1 replicate 3,29,9.15,1.4,0.1106,15.3005,4.3339
1,3,sample 1 replicate 3,30,9.15,1.45,0.1127,15.847,4.4161
1,3,sample 1 replicate 3,31,9.15,1.5,0.1169,16.3934,4.5807
1,3,sample 1 replicate 3,32,9.15,1.55,0.1377,16.9399,5.3958
1,3,sample 1 replicate 3,33,9.15,1.6,0.1273,17.4863,4.9882
1,3,sample 1 replicate 3,34,9.15,1.65,0.1357,18.0328,5.3174
1,3,sample 1 replicate 3,35,9.15,1.7,0.1294,18.5792,5.0705
1,3,sample 1 replicate 3,36,9.15,1.75,0.1461,19.1257,5.7249
1,3,sample 1 replicate 3,37,9.15,1.8,0.1586,19.6721,6.2147
1,3,sample 1 replicate 3,38,9.15,1.85,0.1419,20.2186,5.5603
1,3,sample 1 replicate 3,39,9.15,1.9,0.1482,20.765,5.8072
1,3,sample 1 replicate 3,40,9.15,1.95,0.1691,21.3115,6.6262
1,3,sample 1 replicate 3,41,9.15,2.0,0.1837,21.8579,7.1983
1,3,sample 1 replicate 3,42,9.15,2.05,0.1711,22.4044,6.7045
1,3,sample 1 replicate 3,43,9.15,2.1,0.1795,22.9508,7.0337
1,3,sample 1 replicate 3,44,9.15,2.15,0.1857,23.4973,7.2766
1,3,sample 1 replicate 3,45,9.15,2.2,0.1857,24.0437,7.2766
1,3,sample 1 replicate 3,46,9.15,2.25,0.1878,24.5902,7.3589
1,3,sample 1 replicate 3,47,9.15,2.3,0.1857,25.1366,7.2766
1,3,sample 1 replicate 3,48,9.15,2.35,0.2045,25.6831,8.0133
1,3,sample 1 replicate 3,49,9.15,2.4,0.1899,26.2295,7.4412
1,3,sample 1 replicate 3,50,9.15,2.45,0.1983,26.776,7.7704
1,3,sample 1 replicate 3,51,9.15,2.5,0.2066,27.3224,8.0956
1,3,sample 1 replicate 3,52,9.15,2.55,0.2129,27.8689,8.3425
1,3,sample 1 replicate 3,53,9.15,2.6,0.215,28.4153,8.4248
1,3,sample 1 replicate 3,54,9.15,2.65,0.2171,28.9617,8.5071
1,3,sample 1 replicate 3,55,9.15,2.7,0.2045,29.5082,8.0133
1,3,sample 1 replicate 3,56,9.15,2.75,0.2212,30.0546,8.6677
1,3,sample 1 replicate 3,57,9.15,2.8,0.2024,30.6011,7.931
1,3,sample 1 replicate 3,58,9.15,2.85,0.215,31.1475,8.4248
1,3,sample 1 replicate 3,59,9.15,2.9,0.2233,31.694,8.75
1,3,sample 1 replicate 3,60,9.15,2.95,0.215,32.2404,8.4248
1,3,sample 1 replicate 3,61,9.15,3.0,0.215,32.7869,8.4248
1,3,sample 1 replicate 3,62,9.15,3.05,0.1899,33.3333,7.4412
1,3,sample 1 replicate 3,63,9.15,3.1,0.2024,33.8798,7.931
1,3,sample 1 replicate 3,64,9.15,3.15,0.2171,34.4262,8.5071
1,3,sample 1 replicate 3,65,9.15,3.2,0.1816,34.9727,7.116
1,3,sample 1 replicate 3,66,9.15,3.25,0.2066,35.5191,8.0956
1,3,sample 1 replicate 3,67,9.15,3.3,0.2045,36.0656,8.0133
1,3,sample 1 replicate 3,68,9.15,3.35,0.2212,36.612,8.6677
1,3,sample 1 replicate 3,69,9.15,3.4,0.2254,37.1585,8.8323
1,3,sample 1 replicate 3,70,9.15,3.45,0.2087,37.7049,8.1779
1,3,sample 1 replicate 3,71,9.15,3.5,0.2254,38.2514,8.8323
1,3,sample 1 replicate 3,72,9.15,3.55,0.2337,38.7978,9.1575
1,3,sample 1 replicate 3,73,9.15,3.6,0.2233,39.3443,8.75
1,3,sample 1 replicate 3,74,9.15,3.65,0.2254,39.8907,8.8323
1,3,sample 1 replicate 3,75,9.15,3.7,0.2212,40.4372,8.6677
1,3,sample 1 replicate 3,76,9.15,3.75,0.2337,40.9836,9.1575
1,3,sample 1 replicate 3,77,9.15,3.8,0.2233,41.5301,8.75
1,3,sample 1 replicate 3,78,9.15,3.85,0.2212,42.0765,8.6677
1,3,sample 1 replicate 3,79,9.15,3.9,0.2254,42.623,8.8323
1,3,sample 1 replicate 3,80,9.15,3.95,0.24,43.1694,9.4044
1,3,sample 1 replicate 3,81,9.15,4.0,0.2317,43.7158,9.0792
1,3,sample 1 replicate 3,82,9.15,4.05,0.2379,44.2623,9.3221
1,3,sample 1 replicate 3,83,9.15,4.1,0.2463,44.8087,9.6513
1,3,sample 1 replicate 3,84,9.15,4.15,0.2609,45.3552,10.2234
1,3,sample 1 replicate 3,85,9.15,4.2,0.2651,45.9016,10.3879
1,3,sample 1 replicate 3,86,9.15,4.25,0.263,46.4481,10.3056
1,3,sample 1 replicate 3,87,9.15,4.3,0.2463,46.9945,9.6513
1,3,sample 1 replicate 3,88,9.15,4.35,0.2484,47.541,9.7335
1,3,sample 1 replicate 3,89,9.15,4.4,0.2317,48.0874,9.0792
1,3,sample 1 replicate 3,90,9.15,4.45,0.24,48.6339,9.4044
1,3,sample 1 replicate 3,91,9.15,4.5,0.24,49.1803,9.4044
1,3,sample 1 replicate 3,92,9.15,4.55,0.2358,49.7268,9.2398
1,3,sample 1 replicate 3,93,9.15,4.6,0.2379,50.2732,9.3221
1,3,sample 1 replicate 3,94,9.15,4.65,0.2337,50.8197,9.1575
1,3,sample 1 replicate 3,95,9.15,4.7,0.2317,51.3661,9.0792
1,3,sample 1 replicate 3,96,9.15,4.75,0.2442,51.9126,9.569
1,3,sample 1 replicate 3,97,9.15,4.8,0.2337,52.459,9.1575
1,3,sample 1 replicate 3,98,9.15,4.85,0.2358,53.0055,9.2398
1,3,sample 1 replicate 3,99,9.15,4.9,0.2442,53.5519,9.569
1,3,sample 1 replicate 3,100,9.15,4.95,0.2463,54.0984,9.6513
1,3,sample 1 replicate 3,101,9.15,5.0,0.2525,54.6448,9.8942
1,3,sample 1 replicate 3,102,9.15,5.05,0.2504,55.1913,9.8119
1,3,sample 1 replicate 3,103,9.15,5.1,0.2651,55.7377,10.3879
1,3,sample 1 replicate 3,104,9.15,5.15,0.2797,56.2842,10.96
1,3,sample 1 replicate 3,105,9.15,5.2,0.2651,56.8306,10.3879
1,3,sample 1 replicate 3,106,9.15,5.25,0.2776,57.377,10.8777
1,3,sample 1 replicate 3,107,9.15,5.3,0.2755,57.9235,10.7955
1,3,sample 1 replicate 3,108,9.15,5.35,0.2964,58.4699,11.6144
1,3,sample 1 replicate 3,109,9.15,5.4,0.311,59.0164,12.1865
1,3,sample 1 replicate 3,110,9.15,5.45,0.3026,59.5628,11.8574
1,3,sample 1 replicate 3,111,9.15,5.5,0.3256,60.1093,12.7586
1,3,sample 1 replicate 3,112,9.15,5.55,0.3193,60.6557,12.5118
1,3,sample 1 replicate 3,113,9.15,5.6,0.3298,61.2022,12.9232
1,3,sample 1 replicate 3,114,9.15,5.65,0.3339,61.7486,13.0839
1,3,sample 1 replicate 3,115,9.15,5.7,0.3318,62.2951,13.0016
1,3,sample 1 replicate 3,116,9.15,5.75,0.3485,62.8415,13.656
1,3,sample 1 replicate 3,117,9.15,5.8,0.3465,63.388,13.5776
1,3,sample 1 replicate 3,118,9.15,5.85,0.3527,63.9344,13.8205
1,3,sample 1 replicate 3,119,9.15,5.9,0.3465,64.4809,13.5776
1,3,sample 1 replicate 3,120,9.15,5.95,0.3527,65.0273,13.8205
1,3,sample 1 replicate 3,121,9.15,6.0,0.3485,65.5738,13.656
1,3,sample 1 replicate 3,122,9.15,6.05,0.336,66.1202,13.1661
1,3,sample 1 replicate 3,123,9.15,6.1,0.3423,66.6667,13.413
1,3,sample 1 replicate 3,124,9.15,6.15,0.3569,67.2131,13.9851
1,3,sample 1 replicate 3,125,9.15,6.2,0.3548,67.7596,13.9028
1,3,sample 1 replicate 3,126,9.15,6.25,0.3485,68.306,13.656
1,3,sample 1 replicate 3,127,9.15,6.3,0.3444,68.8525,13.4953
1,3,sample 1 replicate 3,128,9.15,6.35,0.3652,69.3989,14.3103
1,3,sample 1 replicate 3,129,9.15,6.4,0.3527,69.9454,13.8205
1,3,sample 1 replicate 3,130,9.15,6.45,0.3611,70.4918,14.1497
1,3,sample 1 replicate 3,131,9.15,6.5,0.3548,71.0383,13.9028
1,3,sample 1 replicate 3,132,9.15,6.55,0.3631,71.5847,14.2281
1,3,sample 1 replicate 3,133,9.15,6.6,0.3652,72.1311,14.3103
1,3,sample 1 replicate 3,134,9.15,6.65,0.3611,72.6776,14.1497
1,3,sample 1 replicate 3,135,9.15,6.7,0.3611,73.224,14.1497
1,3,sample 1 replicate 3,136,9.15,6.75,0.3757,73.7705,14.7218
1,3,sample 1 replicate 3,137,9.15,6.8,0.3631,74.3169,14.2281
1,3,sample 1 replicate 3,138,9.15,6.85,0.3736,74.8634,14.6395
1,3,sample 1 replicate 3,139,9.15,6.9,0.3694,75.4098,14.4749
1,3,sample 1 replicate 3,140,9.15,6.95,0.3798,75.9563,14.8824
1,3,sample 1 replicate 3,141,9.15,7.0,0.3861,76.5027,15.1293
1,3,sample 1 replicate 3,142,9.15,7.05,0.3819,77.0492,14.9647
1,3,sample 1 replicate 3,143,9.15,7.1,0.3798,77.5956,14.8824
1,3,sample 1 replicate 3,144,9.15,7.15,0.3986,78.1421,15.6191
1,3,sample 1 replicate 3,145,9.15,7.2,0.3924,78.6885,15.3762
1,3,sample 1 replicate 3,146,9.15,7.25,0.4278,79.235,16.7633
1,3,sample 1 replicate 3,147,9.15,7.3,0.4007,79.7814,15.7014
1,3,sample 1 replicate 3,148,9.15,7.35,0.4717,80.3279,18.4835
1,3,sample 1 replicate 3,149,9.15,7.4,0.4863,80.8743,19.0556
1,3,sample 1 replicate 3,150,9.15,7.45,0.4967,81.4208,19.4632
1,3,sample 1 replicate 3,151,9.15,7.5,0.5113,81.9672,20.0353
1,3,sample 1 replicate 3,152,9.15,7.55,0.5844,82.5137,22.8997
1,3,sample 1 replicate 3,153,9.15,7.6,0.599,83.0601,23.4718
1,3,sample 1 replicate 3,154,9.15,7.65,0.6219,83.6066,24.3691
1,3,sample 1 replicate 3,155,9.15,7.7,0.6219,84.153,24.3691
1,3,sample 1 replicate 3,156,9.15,7.75,0.6324,84.6995,24.7806
1,3,sample 1 replicate 3,157,9.15,7.8,0.6324,85.2459,24.7806
1,3,sample 1 replicate 3,158,9.15,7.85,0.647,85.7923,25.3527
1,3,sample 1 replicate 3,159,9.15,7.9,0.695,86.3388,27.2335
1,3,sample 1 replicate 3,160,9.15,7.95,0.7639,86.8852,29.9334
1,3,sample 1 replicate 3,161,9.15,8.0,0.7722,87.4317,30.2586
1,3,sample 1 replicate 3,162,9.15,8.05,0.8473,87.9781,33.2014
1,3,sample 1 replicate 3,163,9.15,8.1,0.8724,88.5246,34.185
1,3,sample 1 replicate 3,164,9.15,8.15,0.9058,89.071,35.4937
1,3,sample 1 replicate 3,165,9.15,8.2,0.9183,89.6175,35.9835
1,3,sample 1 replicate 3,166,9.15,8.25,0.9433,90.1639,36.9632
1,3,sample 1 replicate 3,167,9.15,8.3,0.983,90.7104,38.5188
1,3,sample 1 replicate 3,168,9.15,8.35,1.0706,91.2568,41.9514
1,3,sample 1 replicate 3,169,9.15,8.4,1.0644,91.8033,41.7085
1,3,sample 1 replicate 3,170,9.15,8.45,1.127,92.3497,44.1614
1,3,sample 1 replicate 3,171,9.15,8.5,1.1896,92.8962,46.6144
1,3,sample 1 replicate 3,172,9.15,8.55,1.2418,93.4426,48.6599
1,3,sample 1 replicate 3,173,9.15,8.6,1.3002,93.9891,50.9483
1,3,sample 1 replicate 3,174,9.15,8.65,1.3607,94.5355,53.319
1,3,sample 1 replicate 3,175,9.15,8.7,1.4463,95.082,56.6732
1,3,sample 1 replicate 3,176,9.15,8.75,1.6028,95.6284,62.8056
1,3,sample 1 replicate 3,177,9.15,8.8,1.6759,96.1749,65.6701
1,3,sample 1 replicate 3,178,9.15,8.85,1.7927,96.7213,70.2469
1,3,sample 1 replicate 3,179,9.15,8.9,1.8679,97.2678,73.1936
1,3,sample 1 replicate 3,180,9.15,8.95,2.0578,97.8142,80.6348
1,3,sample 1 replicate 3,181,9.15,9.0,2.3062,98.3607,90.3683
1,3,sample 1 replicate 3,182,9.15,9.05,2.6693,98.9071,104.5964
1,3,sample 1 replicate 3,183,9.15,9.1,3.1702,99.4536,124.2241
1,3,sample 1 replicate 3,184,9.15,9.15,3.7692,100.0,147.6959
1,3,sample 1 replicate 3,185,9.15,9.2,4.4829,100.5464,175.6622
1,3,sample 1 replicate 3,186,9.15,9.25,5.2488,101.0929,205.674
1,3,sample 1 replicate 3,187,9.15,9.3,5.9918,101.6393,234.7884
1,3,sample 1 replicate 3,188,9.15,9.35,7.0061,102.1858,274.5337
1,3,sample 1 replicate 3,189,9.15,9.4,8.0788,102.7322,316.5674
1,3,sample 1 replicate 3,190,9.15,9.45,2.0056,103.2787,78.5893
2,3,sample 2 replicate 3,1,10.799999999999999,0.0,-0.0167,0.0,-0.6544
2,3,sample 2 replicate 3,2,10.799999999999999,0.05,0.025,0.463,0.9796
2,3,sample 2 replicate 3,3,10.799999999999999,0.1,0.023,0.9259,0.9013
2,3,sample 2 replicate 3,4,10.799999999999999,0.15,0.0564,1.3889,2.21
2,3,sample 2 replicate 3,5,10.799999999999999,0.2,0.0355,1.8519,1.3911
2,3,sample 2 replicate 3,6,10.799999999999999,0.25,0.0501,2.3148,1.9632
2,3,sample 2 replicate 3,7,10.799999999999999,0.3,0.0417,2.7778,1.634
2,3,sample 2 replicate 3,8,10.799999999999999,0.35,0.0668,3.2407,2.6176
2,3,sample 2 replicate 3,9,10.799999999999999,0.4,0.0564,3.7037,2.21
2,3,sample 2 replicate 3,10,10.799999999999999,0.45,0.0522,4.1667,2.0455
2,3,sample 2 replicate 3,11,10.799999999999999,0.5,0.0647,4.6296,2.5353
2,3,sample 2 replicate 3,12,10.799999999999999,0.55,0.0689,5.0926,2.6998
2,3,sample 2 replicate 3,13,10.799999999999999,0.6,0.0731,5.5556,2.8644
2,3,sample 2 replicate 3,14,10.799999999999999,0.65,0.0647,6.0185,2.5353
2,3,sample 2 replicate 3,15,10.799999999999999,0.7,0.0543,6.4815,2.1277
2,3,sample 2 replicate 3,16,10.799999999999999,0.75,0.0731,6.9444,2.8644
2,3,sample 2 replicate 3,17,10.799999999999999,0.8,0.0501,7.4074,1.9632
2,3,sample 2 replicate 3,18,10.799999999999999,0.85,0.0772,7.8704,3.0251
2,3,sample 2 replicate 3,19,10.799999999999999,0.9,0.0522,8.3333,2.0455
2,3,sample 2 replicate 3,20,10.799999999999999,0.95,0.0814,8.7963,3.1897
2,3,sample 2 replicate 3,21,10.799999999999999,1.0,0.0814,9.2593,3.1897
2,3,sample 2 replicate 3,22,10.799999999999999,1.05,0.0772,9.7222,3.0251
2,3,sample 2 replicate 3,23,10.799999999999999,1.1,0.0793,10.1852,3.1074
2,3,sample 2 replicate 3,24,10.799999999999999,1.15,0.0814,10.6481,3.1897
2,3,sample 2 replicate 3,25,10.799999999999999,1.2,0.0793,11.1111,3.1074
2,3,sample 2 replicate 3,26,10.799999999999999,1.25,0.0772,11.5741,3.0251
2,3,sample 2 replicate 3,27,10.799999999999999,1.3,0.0564,12.037,2.21
2,3,sample 2 replicate 3,28,10.799999999999999,1.35,0.0835,12.5,3.2719
2,3,sample 2 replicate 3,29,10.799999999999999,1.4,0.0543,12.963,2.1277
2,3,sample 2 replicate 3,30,10.799999999999999,1.45,0.0647,13.4259,2.5353
2,3,sample 2 replicate 3,31,10.799999999999999,1.5,0.0584,13.8889,2.2884
2,3,sample 2 replicate 3,32,10.799999999999999,1.55,0.071,14.3519,2.7821
2,3,sample 2 replicate 3,33,10.799999999999999,1.6,0.0751,14.8148,2.9428
2,3,sample 2 replicate 3,34,10.799999999999999,1.65,0.071,15.2778,2.7821
2,3,sample 2 replicate 3,35,10.799999999999999,1.7,0.0647,15.7407,2.5353
2,3,sample 2 replicate 3,36,10.799999999999999,1.75,0.0793,16.2037,3.1074
2,3,sample 2 replicate 3,37,10.799999999999999,1.8,0.0772,16.6667,3.0251
2,3,sample 2 replicate 3,38,10.799999999999999,1.85,0.0751,17.1296,2.9428
2,3,sample 2 replicate 3,39,10.799999999999999,1.9,0.0605,17.5926,2.3707
2,3,sample 2 replicate 3,40,10.799999999999999,1.95,0.0856,18.0556,3.3542
2,3,sample 2 replicate 3,41,10.799999999999999,2.0,0.0584,18.5185,2.2884
2,3,sample 2 replicate 3,42,10.799999999999999,2.05,0.0668,18.9815,2.6176
2,3,sample 2 replicate 3,43,10.799999999999999,2.1,0.0751,19.4444,2.9428
2,3,sample 2 replicate 3,44,10.799999999999999,2.15,0.0835,19.9074,3.2719
2,3,sample 2 replicate 3,45,10.799999999999999,2.2,0.0877,20.3704,3.4365
2,3,sample 2 replicate 3,46,10.799999999999999,2.25,0.0772,20.8333,3.0251
2,3,sample 2 replicate 3,47,10.799999999999999,2.3,0.0731,21.2963,2.8644
2,3,sample 2 replicate 3,48,10.799999999999999,2.35,0.0897,21.7593,3.5149
2,3,sample 2 replicate 3,49,10.799999999999999,2.4,0.0689,22.2222,2.6998
2,3,sample 2 replicate 3,50,10.799999999999999,2.45,0.0835,22.6852,3.2719
2,3,sample 2 replicate 3,51,10.799999999999999,2.5,0.0814,23.1481,3.1897
2,3,sample 2 replicate 3,52,10.799999999999999,2.55,0.0835,23.6111,3.2719
2,3,sample 2 replicate 3,53,10.799999999999999,2.6,0.0939,24.0741,3.6795
2,3,sample 2 replicate 3,54,10.799999999999999,2.65,0.0856,24.537,3.3542
2,3,sample 2 replicate 3,55,10.799999999999999,2.7,0.0897,25.0,3.5149
2,3,sample 2 replicate 3,56,10.799999999999999,2.75,0.0918,25.463,3.5972
2,3,sample 2 replicate 3,57,10.799999999999999,2.8,0.0835,25.9259,3.2719
2,3,sample 2 replicate 3,58,10.799999999999999,2.85,0.0939,26.3889,3.6795
2,3,sample 2 replicate 3,59,10.799999999999999,2.9,0.0939,26.8519,3.6795
2,3,sample 2 replicate 3,60,10.799999999999999,2.95,0.0981,27.3148,3.844
2,3,sample 2 replicate 3,61,10.799999999999999,3.0,0.0981,27.7778,3.844
2,3,sample 2 replicate 3,62,10.799999999999999,3.05,0.0939,28.2407,3.6795
2,3,sample 2 replicate 3,63,10.799999999999999,3.1,0.0981,28.7037,3.844
2,3,sample 2 replicate 3,64,10.799999999999999,3.15,0.1044,29.1667,4.0909
2,3,sample 2 replicate 3,65,10.799999999999999,3.2,0.1023,29.6296,4.0086
2,3,sample 2 replicate 3,66,10.799999999999999,3.25,0.1044,30.0926,4.0909
2,3,sample 2 replicate 3,67,10.799999999999999,3.3,0.1002,30.5556,3.9263
2,3,sample 2 replicate 3,68,10.799999999999999,3.35,0.1085,31.0185,4.2516
2,3,sample 2 replicate 3,69,10.799999999999999,3.4,0.1064,31.4815,4.1693
2,3,sample 2 replicate 3,70,10.799999999999999,3.45,0.1002,31.9444,3.9263
2,3,sample 2 replicate 3,71,10.799999999999999,3.5,0.1085,32.4074,4.2516
2,3,sample 2 replicate 3,72,10.799999999999999,3.55,0.1148,32.8704,4.4984
2,3,sample 2 replicate 3,73,10.799999999999999,3.6,0.1127,33.3333,4.4161
2,3,sample 2 replicate 3,74,10.799999999999999,3.65,0.1085,33.7963,4.2516
2,3,sample 2 replicate 3,75,10.799999999999999,3.7,0.1127,34.2593,4.4161
2,3,sample 2 replicate 3,76,10.799999999999999,3.75,0.1106,34.7222,4.3339
2,3,sample 2 replicate 3,77,10.799999999999999,3.8,0.1252,35.1852,4.906
2,3,sample 2 replicate 3,78,10.799999999999999,3.85,0.1252,35.6481,4.906
2,3,sample 2 replicate 3,79,10.799999999999999,3.9,0.1294,36.1111,5.0705
2,3,sample 2 replicate 3,80,10.799999999999999,3.95,0.1294,36.5741,5.0705
2,3,sample 2 replicate 3,81,10.799999999999999,4.0,0.121,37.037,4.7414
2,3,sample 2 replicate 3,82,10.799999999999999,4.05,0.1461,37.5,5.7249
2,3,sample 2 replicate 3,83,10.799999999999999,4.1,0.1503,37.963,5.8895
2,3,sample 2 replicate 3,84,10.799999999999999,4.15,0.1544,38.4259,6.0502
2,3,sample 2 replicate 3,85,10.799999999999999,4.2,0.1753,38.8889,6.8691
2,3,sample 2 replicate 3,86,10.799999999999999,4.25,0.1607,39.3519,6.297
2,3,sample 2 replicate 3,87,10.799999999999999,4.3,0.1649,39.8148,6.4616
2,3,sample 2 replicate 3,88,10.799999999999999,4.35,0.1711,40.2778,6.7045
2,3,sample 2 replicate 3,89,10.799999999999999,4.4,0.1503,40.7407,5.8895
2,3,sample 2 replicate 3,90,10.799999999999999,4.45,0.1753,41.2037,6.8691
2,3,sample 2 replicate 3,91,10.799999999999999,4.5,0.1524,41.6667,5.9718
2,3,sample 2 replicate 3,92,10.799999999999999,4.55,0.1691,42.1296,6.6262
2,3,sample 2 replicate 3,93,10.799999999999999,4.6,0.1711,42.5926,6.7045
2,3,sample 2 replicate 3,94,10.799999999999999,4.65,0.1357,43.0556,5.3174
2,3,sample 2 replicate 3,95,10.799999999999999,4.7,0.167,43.5185,6.5439
2,3,sample 2 replicate 3,96,10.799999999999999,4.75,0.1837,43.9815,7.1983
2,3,sample 2 replicate 3,97,10.799999999999999,4.8,0.1544,44.4444,6.0502
2,3,sample 2 replicate 3,98,10.799999999999999,4.85,0.1816,44.9074,7.116
2,3,sample 2 replicate 3,99,10.799999999999999,4.9,0.1753,45.3704,6.8691
2,3,sample 2 replicate 3,100,10.799999999999999,4.95,0.1983,45.8333,7.7704
2,3,sample 2 replicate 3,101,10.799999999999999,5.0,0.2024,46.2963,7.931
2,3,sample 2 replicate 3,102,10.799999999999999,5.05,0.1774,46.7593,6.9514
2,3,sample 2 replicate 3,103,10.799999999999999,5.1,0.1941,47.2222,7.6058
2,3,sample 2 replicate 3,104,10.799999999999999,5.15,0.2024,47.6852,7.931
2,3,sample 2 replicate 3,105,10.799999999999999,5.2,0.1941,48.1481,7.6058
2,3,sample 2 replicate 3,106,10.799999999999999,5.25,0.1899,48.6111,7.4412
2,3,sample 2 replicate 3,107,10.799999999999999,5.3,0.1857,49.0741,7.2766
2,3,sample 2 replicate 3,108,10.799999999999999,5.35,0.2024,49.537,7.931
2,3,sample 2 replicate 3,109,10.799999999999999,5.4,0.2108,50.0,8.2602
2,3,sample 2 replicate 3,110,10.799999999999999,5.45,0.1837,50.463,7.1983
2,3,sample 2 replicate 3,111,10.799999999999999,5.5,0.1816,50.9259,7.116
2,3,sample 2 replicate 3,112,10.799999999999999,5.55,0.2129,51.3889,8.3425
2,3,sample 2 replicate 3,113,10.799999999999999,5.6,0.2004,51.8519,7.8527
2,3,sample 2 replicate 3,114,10.799999999999999,5.65,0.2108,52.3148,8.2602
2,3,sample 2 replicate 3,115,10.799999999999999,5.7,0.2087,52.7778,8.1779
2,3,sample 2 replicate 3,116,10.799999999999999,5.75,0.2129,53.2407,8.3425
2,3,sample 2 replicate 3,117,10.799999999999999,5.8,0.215,53.7037,8.4248
2,3,sample 2 replicate 3,118,10.799999999999999,5.85,0.2233,54.1667,8.75
2,3,sample 2 replicate 3,119,10.799999999999999,5.9,0.2171,54.6296,8.5071
2,3,sample 2 replicate 3,120,10.799999999999999,5.95,0.2191,55.0926,8.5854
2,3,sample 2 replicate 3,121,10.799999999999999,6.0,0.2171,55.5556,8.5071
2,3,sample 2 replicate 3,122,10.799999999999999,6.05,0.2171,56.0185,8.5071
2,3,sample 2 replicate 3,123,10.799999999999999,6.1,0.2108,56.4815,8.2602
2,3,sample 2 replicate 3,124,10.799999999999999,6.15,0.2212,56.9444,8.6677
2,3,sample 2 replicate 3,125,10.799999999999999,6.2,0.2254,57.4074,8.8323
2,3,sample 2 replicate 3,126,10.799999999999999,6.25,0.2191,57.8704,8.5854
2,3,sample 2 replicate 3,127,10.799999999999999,6.3,0.2191,58.3333,8.5854
2,3,sample 2 replicate 3,128,10.799999999999999,6.35,0.2233,58.7963,8.75
2,3,sample 2 replicate 3,129,10.799999999999999,6.4,0.2129,59.2593,8.3425
2,3,sample 2 replicate 3,130,10.799999999999999,6.45,0.2296,59.7222,8.9969
2,3,sample 2 replicate 3,131,10.799999999999999,6.5,0.2358,60.1852,9.2398
2,3,sample 2 replicate 3,132,10.799999999999999,6.55,0.2337,60.6481,9.1575
2,3,sample 2 replicate 3,133,10.799999999999999,6.6,0.2358,61.1111,9.2398
2,3,sample 2 replicate 3,134,10.799999999999999,6.65,0.2337,61.5741,9.1575
2,3,sample 2 replicate 3,135,10.799999999999999,6.7,0.24,62.037,9.4044
2,3,sample 2 replicate 3,136,10.799999999999999,6.75,0.2421,62.5,9.4867
2,3,sample 2 replicate 3,137,10.799999999999999,6.8,0.2379,62.963,9.3221
2,3,sample 2 replicate 3,138,10.799999999999999,6.85,0.2442,63.4259,9.569
2,3,sample 2 replicate 3,139,10.799999999999999,6.9,0.2421,63.8889,9.4867
2,3,sample 2 replicate 3,140,10.799999999999999,6.95,0.2442,64.3519,9.569
2,3,sample 2 replicate 3,141,10.799999999999999,7.0,0.2525,64.8148,9.8942
2,3,sample 2 replicate 3,142,10.799999999999999,7.05,0.2484,65.2778,9.7335
2,3,sample 2 replicate 3,143,10.799999999999999,7.1,0.2776,65.7407,10.8777
2,3,sample 2 replicate 3,144,10.799999999999999,7.15,0.2797,66.2037,10.96
2,3,sample 2 replicate 3,145,10.799999999999999,7.2,0.2797,66.6667,10.96
2,3,sample 2 replicate 3,146,10.799999999999999,7.25,0.288,67.1296,11.2853
2,3,sample 2 replicate 3,147,10.799999999999999,7.3,0.3005,67.5926,11.7751
2,3,sample 2 replicate 3,148,10.799999999999999,7.35,0.3005,68.0556,11.7751
2,3,sample 2 replicate 3,149,10.799999999999999,7.4,0.2964,68.5185,11.6144
2,3,sample 2 replicate 3,150,10.799999999999999,7.45,0.2984,68.9815,11.6928
2,3,sample 2 replicate 3,151,10.799999999999999,7.5,0.3047,69.4444,11.9397
2,3,sample 2 replicate 3,152,10.799999999999999,7.55,0.3193,69.9074,12.5118
2,3,sample 2 replicate 3,153,10.799999999999999,7.6,0.3214,70.3704,12.594
2,3,sample 2 replicate 3,154,10.799999999999999,7.65,0.3235,70.8333,12.6763
2,3,sample 2 replicate 3,155,10.799999999999999,7.7,0.3256,71.2963,12.7586
2,3,sample 2 replicate 3,156,10.799999999999999,7.75,0.3277,71.7593,12.8409
2,3,sample 2 replicate 3,157,10.799999999999999,7.8,0.3235,72.2222,12.6763
2,3,sample 2 replicate 3,158,10.799999999999999,7.85,0.3298,72.6852,12.9232
2,3,sample 2 replicate 3,159,10.799999999999999,7.9,0.3214,73.1481,12.594
2,3,sample 2 replicate 3,160,10.799999999999999,7.95,0.3506,73.6111,13.7382
2,3,sample 2 replicate 3,161,10.799999999999999,8.0,0.3423,74.0741,13.413
2,3,sample 2 replicate 3,162,10.799999999999999,8.05,0.3527,74.537,13.8205
2,3,sample 2 replicate 3,163,10.799999999999999,8.1,0.3527,75.0,13.8205
2,3,sample 2 replicate 3,164,10.799999999999999,8.15,0.359,75.463,14.0674
2,3,sample 2 replicate 3,165,10.799999999999999,8.2,0.3631,75.9259,14.2281
2,3,sample 2 replicate 3,166,10.799999999999999,8.25,0.359,76.3889,14.0674
2,3,sample 2 replicate 3,167,10.799999999999999,8.3,0.3548,76.8519,13.9028
2,3,sample 2 replicate 3,168,10.799999999999999,8.35,0.3631,77.3148,14.2281
2,3,sample 2 replicate 3,169,10.799999999999999,8.4,0.3465,77.7778,13.5776
2,3,sample 2 replicate 3,170,10.799999999999999,8.45,0.3631,78.2407,14.2281
2,3,sample 2 replicate 3,171,10.799999999999999,8.5,0.3631,78.7037,14.2281
2,3,sample 2 replicate 3,172,10.799999999999999,8.55,0.3694,79.1667,14.4749
2,3,sample 2 replicate 3,173,10.799999999999999,8.6,0.3757,79.6296,14.7218
2,3,sample 2 replicate 3,174,10.799999999999999,8.65,0.3778,80.0926,14.8041
2,3,sample 2 replicate 3,175,10.799999999999999,8.7,0.3736,80.5556,14.6395
2,3,sample 2 replicate 3,176,10.799999999999999,8.75,0.3882,81.0185,15.2116
2,3,sample 2 replicate 3,177,10.799999999999999,8.8,0.384,81.4815,15.047
2,3,sample 2 replicate 3,178,10.799999999999999,8.85,0.3965,81.9444,15.5368
2,3,sample 2 replicate 3,179,10.799999999999999,8.9,0.3798,82.4074,14.8824
2,3,sample 2 replicate 3,180,10.799999999999999,8.95,0.4445,82.8704,17.4177
2,3,sample 2 replicate 3,181,10.799999999999999,9.0,0.4696,83.3333,18.4013
2,3,sample 2 replicate 3,182,10.799999999999999,9.05,0.4779,83.7963,18.7265
2,3,sample 2 replicate 3,183,10.799999999999999,9.1,0.4884,84.2593,19.1379
2,3,sample 2 replicate 3,184,10.799999999999999,9.15,0.5155,84.7222,20.1998
2,3,sample 2 replicate 3,185,10.799999999999999,9.2,0.5092,85.1852,19.953
2,3,sample 2 replicate 3,186,10.799999999999999,9.25,0.5343,85.6481,20.9365
2,3,sample 2 replicate 3,187,10.799999999999999,9.3,0.5218,86.1111,20.4467
2,3,sample 2 replicate 3,188,10.799999999999999,9.35,0.5885,86.5741,23.0603
2,3,sample 2 replicate 3,189,10.799999999999999,9.4,0.5447,87.037,21.344
2,3,sample 2 replicate 3,190,10.799999999999999,9.45,0.5906,87.5,23.1426
2,3,sample 2 replicate 3,191,10.799999999999999,9.5,0.5969,87.963,23.3895
2,3,sample 2 replicate 3,192,10.799999999999999,9.55,0.6407,88.4259,25.1058
2,3,sample 2 replicate 3,193,10.799999999999999,9.6,0.6365,88.8889,24.9412
2,3,sample 2 replicate 3,194,10.799999999999999,9.65,0.6574,89.3519,25.7602
2,3,sample 2 replicate 3,195,10.799999999999999,9.7,0.7054,89.8148,27.6411
2,3,sample 2 replicate 3,196,10.799999999999999,9.75,0.7534,90.2778,29.5219
2,3,sample 2 replicate 3,197,10.799999999999999,9.8,0.7639,90.7407,29.9334
2,3,sample 2 replicate 3,198,10.799999999999999,9.85,0.7764,91.2037,30.4232
2,3,sample 2 replicate 3,199,10.799999999999999,9.9,0.7993,91.6667,31.3205
2,3,sample 2 replicate 3,200,10.799999999999999,9.95,0.8599,92.1296,33.6951
2,3,sample 2 replicate 3,201,10.799999999999999,10.0,0.8828,92.5926,34.5925
2,3,sample 2 replicate 3,202,10.799999999999999,10.05,0.8745,93.0556,34.2672
2,3,sample 2 replicate 3,203,10.799999999999999,10.1,0.8891,93.5185,34.8393
2,3,sample 2 replicate 3,204,10.799999999999999,10.15,0.9141,93.9815,35.819
2,3,sample 2 replicate 3,205,10.799999999999999,10.2,0.9767,94.4444,38.2719
2,3,sample 2 replicate 3,206,10.799999999999999,10.25,1.031,94.9074,40.3997
2,3,sample 2 replicate 3,207,10.799999999999999,10.3,1.079,95.3704,42.2806
2,3,sample 2 replicate 3,208,10.799999999999999,10.35,1.2,95.8333,47.0219
2,3,sample 2 replicate 3,209,10.799999999999999,10.4,1.3002,96.2963,50.9483
2,3,sample 2 replicate 3,210,10.799999999999999,10.45,1.44,96.7593,56.4263
2,3,sample 2 replicate 3,211,10.799999999999999,10.5,1.5757,97.2222,61.7437
2,3,sample 2 replicate 3,212,10.799999999999999,10.55,1.7886,97.6852,70.0862
2,3,sample 2 replicate 3,213,10.799999999999999,10.6,2.0369,98.1481,79.8158
2,3,sample 2 replicate 3,214,10.799999999999999,10.65,2.4335,98.6111,95.3566
2,3,sample 2 replicate 3,215,10.799999999999999,10.7,2.9803,99.0741,116.7829
2,3,sample 2 replicate 3,216,10.799999999999999,10.75,3.4937,99.537,136.9005
2,3,sample 2 replicate 3,217,10.799999999999999,10.8,4.1135,100.0,161.1873
2,3,sample 2 replicate 3,218,10.799999999999999,10.85,4.7981,100.463,188.0133
2,3,sample 2 replicate 3,219,10.799999999999999,10.9,1.1458,100.9259,44.8981
3,3,sample 3 replicate 3,1,9.6,0.0,-0.0125,0.0,-0.4898
3,3,sample 3 replicate 3,2,9.6,0.05,0.0731,0.5208,2.8644
3,3,sample 3 replicate 3,3,9.6,0.1,0.0605,1.0417,2.3707
3,3,sample 3 replicate 3,4,9.6,0.15,0.0564,1.5625,2.21
3,3,sample 3 replicate 3,5,9.6,0.2,0.0459,2.0833,1.7986
3,3,sample 3 replicate 3,6,9.6,0.25,0.0897,2.6042,3.5149
3,3,sample 3 replicate 3,7,9.6,0.3,0.071,3.125,2.7821
3,3,sample 3 replicate 3,8,9.6,0.35,0.0751,3.6458,2.9428
3,3,sample 3 replicate 3,9,9.6,0.4,0.0689,4.1667,2.6998
3,3,sample 3 replicate 3,10,9.6,0.45,0.0814,4.6875,3.1897
3,3,sample 3 replicate 3,11,9.6,0.5,0.071,5.2083,2.7821
3,3,sample 3 replicate 3,12,9.6,0.55,0.0689,5.7292,2.6998
3,3,sample 3 replicate 3,13,9.6,0.6,0.0376,6.25,1.4734
3,3,sample 3 replicate 3,14,9.6,0.65,0.0751,6.7708,2.9428
3,3,sample 3 replicate 3,15,9.6,0.7,0.0397,7.2917,1.5556
3,3,sample 3 replicate 3,16,9.6,0.75,0.0689,7.8125,2.6998
3,3,sample 3 replicate 3,17,9.6,0.8,0.0647,8.3333,2.5353
3,3,sample 3 replicate 3,18,9.6,0.85,0.0814,8.8542,3.1897
3,3,sample 3 replicate 3,19,9.6,0.9,0.0793,9.375,3.1074
3,3,sample 3 replicate 3,20,9.6,0.95,0.0814,9.8958,3.1897
3,3,sample 3 replicate 3,21,9.6,1.0,0.0689,10.4167,2.6998
3,3,sample 3 replicate 3,22,9.6,1.05,0.0981,10.9375,3.844
3,3,sample 3 replicate 3,23,9.6,1.1,0.0668,11.4583,2.6176
3,3,sample 3 replicate 3,24,9.6,1.15,0.0918,11.9792,3.5972
3,3,sample 3 replicate 3,25,9.6,1.2,0.0939,12.5,3.6795
3,3,sample 3 replicate 3,26,9.6,1.25,0.1002,13.0208,3.9263
3,3,sample 3 replicate 3,27,9.6,1.3,0.1023,13.5417,4.0086
3,3,sample 3 replicate 3,28,9.6,1.35,0.096,14.0625,3.7618
3,3,sample 3 replicate 3,29,9.6,1.4,0.1002,14.5833,3.9263
3,3,sample 3 replicate 3,30,9.6,1.45,0.1127,15.1042,4.4161
3,3,sample 3 replicate 3,31,9.6,1.5,0.1044,15.625,4.0909
3,3,sample 3 replicate 3,32,9.6,1.55,0.1148,16.1458,4.4984
3,3,sample 3 replicate 3,33,9.6,1.6,0.1044,16.6667,4.0909
3,3,sample 3 replicate 3,34,9.6,1.65,0.121,17.1875,4.7414
3,3,sample 3 replicate 3,35,9.6,1.7,0.1357,17.7083,5.3174
3,3,sample 3 replicate 3,36,9.6,1.75,0.1252,18.2292,4.906
3,3,sample 3 replicate 3,37,9.6,1.8,0.121,18.75,4.7414
3,3,sample 3 replicate 3,38,9.6,1.85,0.1649,19.2708,6.4616
3,3,sample 3 replicate 3,39,9.6,1.9,0.1503,19.7917,5.8895
3,3,sample 3 replicate 3,40,9.6,1.95,0.1628,20.3125,6.3793
3,3,sample 3 replicate 3,41,9.6,2.0,0.1503,20.8333,5.8895
3,3,sample 3 replicate 3,42,9.6,2.05,0.1732,21.3542,6.7868
3,3,sample 3 replicate 3,43,9.6,2.1,0.1711,21.875,6.7045
3,3,sample 3 replicate 3,44,9.6,2.15,0.167,22.3958,6.5439
3,3,sample 3 replicate 3,45,9.6,2.2,0.1691,22.9167,6.6262
3,3,sample 3 replicate 3,46,9.6,2.25,0.1941,23.4375,7.6058
3,3,sample 3 replicate 3,47,9.6,2.3,0.1816,23.9583,7.116
3,3,sample 3 replicate 3,48,9.6,2.35,0.1837,24.4792,7.1983
3,3,sample 3 replicate 3,49,9.6,2.4,0.1857,25.0,7.2766
3,3,sample 3 replicate 3,50,9.6,2.45,0.1941,25.5208,7.6058
3,3,sample 3 replicate 3,51,9.6,2.5,0.1941,26.0417,7.6058
3,3,sample 3 replicate 3,52,9.6,2.55,0.2004,26.5625,7.8527
3,3,sample 3 replicate 3,53,9.6,2.6,0.1899,27.0833,7.4412
3,3,sample 3 replicate 3,54,9.6,2.65,0.2129,27.6042,8.3425
3,3,sample 3 replicate 3,55,9.6,2.7,0.2045,28.125,8.0133
3,3,sample 3 replicate 3,56,9.6,2.75,0.2066,28.6458,8.0956
3,3,sample 3 replicate 3,57,9.6,2.8,0.2045,29.1667,8.0133
3,3,sample 3 replicate 3,58,9.6,2.85,0.2066,29.6875,8.0956
3,3,sample 3 replicate 3,59,9.6,2.9,0.2171,30.2083,8.5071
3,3,sample 3 replicate 3,60,9.6,2.95,0.2066,30.7292,8.0956
3,3,sample 3 replicate 3,61,9.6,3.0,0.2045,31.25,8.0133
3,3,sample 3 replicate 3,62,9.6,3.05,0.2212,31.7708,8.6677
3,3,sample 3 replicate 3,63,9.6,3.1,0.2129,32.2917,8.3425
3,3,sample 3 replicate 3,64,9.6,3.15,0.2212,32.8125,8.6677
3,3,sample 3 replicate 3,65,9.6,3.2,0.2191,33.3333,8.5854
3,3,sample 3 replicate 3,66,9.6,3.25,0.2233,33.8542,8.75
3,3,sample 3 replicate 3,67,9.6,3.3,0.2233,34.375,8.75
3,3,sample 3 replicate 3,68,9.6,3.35,0.1941,34.8958,7.6058
3,3,sample 3 replicate 3,69,9.6,3.4,0.2087,35.4167,8.1779
3,3,sample 3 replicate 3,70,9.6,3.45,0.2337,35.9375,9.1575
3,3,sample 3 replicate 3,71,9.6,3.5,0.2004,36.4583,7.8527
3,3,sample 3 replicate 3,72,9.6,3.55,0.2317,36.9792,9.0792
3,3,sample 3 replicate 3,73,9.6,3.6,0.2254,37.5,8.8323
3,3,sample 3 replicate 3,74,9.6,3.65,0.2337,38.0208,9.1575
3,3,sample 3 replicate 3,75,9.6,3.7,0.2421,38.5417,9.4867
3,3,sample 3 replicate 3,76,9.6,3.75,0.2191,39.0625,8.5854
3,3,sample 3 replicate 3,77,9.6,3.8,0.2296,39.5833,8.9969
3,3,sample 3 replicate 3,78,9.6,3.85,0.2525,40.1042,9.8942
3,3,sample 3 replicate 3,79,9.6,3.9,0.2379,40.625,9.3221
3,3,sample 3 replicate 3,80,9.6,3.95,0.24,41.1458,9.4044
3,3,sample 3 replicate 3,81,9.6,4.0,0.2358,41.6667,9.2398
3,3,sample 3 replicate 3,82,9.6,4.05,0.2651,42.1875,10.3879
3,3,sample 3 replicate 3,83,9.6,4.1,0.2734,42.7083,10.7132
3,3,sample 3 replicate 3,84,9.6,4.15,0.2567,43.2292,10.0588
3,3,sample 3 replicate 3,85,9.6,4.2,0.2525,43.75,9.8942
3,3,sample 3 replicate 3,86,9.6,4.25,0.2984,44.2708,11.6928
3,3,sample 3 replicate 3,87,9.6,4.3,0.2776,44.7917,10.8777
3,3,sample 3 replicate 3,88,9.6,4.35,0.2859,45.3125,11.203
3,3,sample 3 replicate 3,89,9.6,4.4,0.2713,45.8333,10.6309
3,3,sample 3 replicate 3,90,9.6,4.45,0.311,46.3542,12.1865
3,3,sample 3 replicate 3,91,9.6,4.5,0.3005,46.875,11.7751
3,3,sample 3 replicate 3,92,9.6,4.55,0.3235,47.3958,12.6763
3,3,sample 3 replicate 3,93,9.6,4.6,0.3068,47.9167,12.0219
3,3,sample 3 replicate 3,94,9.6,4.65,0.336,48.4375,13.1661
3,3,sample 3 replicate 3,95,9.6,4.7,0.3026,48.9583,11.8574
3,3,sample 3 replicate 3,96,9.6,4.75,0.3235,49.4792,12.6763
3,3,sample 3 replicate 3,97,9.6,4.8,0.3214,50.0,12.594
3,3,sample 3 replicate 3,98,9.6,4.85,0.3444,50.5208,13.4953
3,3,sample 3 replicate 3,99,9.6,4.9,0.3423,51.0417,13.413
3,3,sample 3 replicate 3,100,9.6,4.95,0.336,51.5625,13.1661
3,3,sample 3 replicate 3,101,9.6,5.0,0.3089,52.0833,12.1042
3,3,sample 3 replicate 3,102,9.6,5.05,0.3506,52.6042,13.7382
3,3,sample 3 replicate 3,103,9.6,5.1,0.2901,53.125,11.3676
3,3,sample 3 replicate 3,104,9.6,5.15,0.336,53.6458,13.1661
3,3,sample 3 replicate 3,105,9.6,5.2,0.3131,54.1667,12.2688
3,3,sample 3 replicate 3,106,9.6,5.25,0.3381,54.6875,13.2484
3,3,sample 3 replicate 3,107,9.6,5.3,0.3381,55.2083,13.2484
3,3,sample 3 replicate 3,108,9.6,5.35,0.3298,55.7292,12.9232
3,3,sample 3 replicate 3,109,9.6,5.4,0.336,56.25,13.1661
3,3,sample 3 replicate 3,110,9.6,5.45,0.3548,56.7708,13.9028
3,3,sample 3 replicate 3,111,9.6,5.5,0.3465,57.2917,13.5776
3,3,sample 3 replicate 3,112,9.6,5.55,0.3548,57.8125,13.9028
3,3,sample 3 replicate 3,113,9.6,5.6,0.3506,58.3333,13.7382
3,3,sample 3 replicate 3,114,9.6,5.65,0.359,58.8542,14.0674
3,3,sample 3 replicate 3,115,9.6,5.7,0.3631,59.375,14.2281
3,3,sample 3 replicate 3,116,9.6,5.75,0.3611,59.8958,14.1497
3,3,sample 3 replicate 3,117,9.6,5.8,0.3736,60.4167,14.6395
3,3,sample 3 replicate 3,118,9.6,5.85,0.3903,60.9375,15.2939
3,3,sample 3 replicate 3,119,9.6,5.9,0.3819,61.4583,14.9647
3,3,sample 3 replicate 3,120,9.6,5.95,0.3944,61.9792,15.4545
3,3,sample 3 replicate 3,121,9.6,6.0,0.3861,62.5,15.1293
3,3,sample 3 replicate 3,122,9.6,6.05,0.4049,63.0208,15.866
3,3,sample 3 replicate 3,123,9.6,6.1,0.4132,63.5417,16.1912
3,3,sample 3 replicate 3,124,9.6,6.15,0.3986,64.0625,15.6191
3,3,sample 3 replicate 3,125,9.6,6.2,0.3882,64.5833,15.2116
3,3,sample 3 replicate 3,126,9.6,6.25,0.4258,65.1042,16.685
3,3,sample 3 replicate 3,127,9.6,6.3,0.4216,65.625,16.5204
3,3,sample 3 replicate 3,128,9.6,6.35,0.4216,66.1458,16.5204
3,3,sample 3 replicate 3,129,9.6,6.4,0.4195,66.6667,16.4381
3,3,sample 3 replicate 3,130,9.6,6.45,0.4383,67.1875,17.1748
3,3,sample 3 replicate 3,131,9.6,6.5,0.4466,67.7083,17.5
3,3,sample 3 replicate 3,132,9.6,6.55,0.4445,68.2292,17.4177
3,3,sample 3 replicate 3,133,9.6,6.6,0.4028,68.75,15.7837
3,3,sample 3 replicate 3,134,9.6,6.65,0.4654,69.2708,18.2367
3,3,sample 3 replicate 3,135,9.6,6.7,0.4445,69.7917,17.4177
3,3,sample 3 replicate 3,136,9.6,6.75,0.4675,70.3125,18.319
3,3,sample 3 replicate 3,137,9.6,6.8,0.4738,70.8333,18.5658
3,3,sample 3 replicate 3,138,9.6,6.85,0.48,71.3542,18.8088
3,3,sample 3 replicate 3,139,9.6,6.9,0.4821,71.875,18.8911
3,3,sample 3 replicate 3,140,9.6,6.95,0.4842,72.3958,18.9734
3,3,sample 3 replicate 3,141,9.6,7.0,0.4779,72.9167,18.7265
3,3,sample 3 replicate 3,142,9.6,7.05,0.4925,73.4375,19.2986
3,3,sample 3 replicate 3,143,9.6,7.1,0.48,73.9583,18.8088
3,3,sample 3 replicate 3,144,9.6,7.15,0.4905,74.4792,19.2202
3,3,sample 3 replicate 3,145,9.6,7.2,0.4842,75.0,18.9734
3,3,sample 3 replicate 3,146,9.6,7.25,0.4967,75.5208,19.4632
3,3,sample 3 replicate 3,147,9.6,7.3,0.4988,76.0417,19.5455
3,3,sample 3 replicate 3,148,9.6,7.35,0.5009,76.5625,19.6277
3,3,sample 3 replicate 3,149,9.6,7.4,0.5009,77.0833,19.6277
3,3,sample 3 replicate 3,150,9.6,7.45,0.5071,77.6042,19.8707
3,3,sample 3 replicate 3,151,9.6,7.5,0.4988,78.125,19.5455
3,3,sample 3 replicate 3,152,9.6,7.55,0.5009,78.6458,19.6277
3,3,sample 3 replicate 3,153,9.6,7.6,0.48,79.1667,18.8088
3,3,sample 3 replicate 3,154,9.6,7.65,0.4967,79.6875,19.4632
3,3,sample 3 replicate 3,155,9.6,7.7,0.5051,80.2083,19.7923
3,3,sample 3 replicate 3,156,9.6,7.75,0.5051,80.7292,19.7923
3,3,sample 3 replicate 3,157,9.6,7.8,0.5593,81.25,21.9161
3,3,sample 3 replicate 3,158,9.6,7.85,0.6199,81.7708,24.2908
3,3,sample 3 replicate 3,159,9.6,7.9,0.6219,82.2917,24.3691
3,3,sample 3 replicate 3,160,9.6,7.95,0.6324,82.8125,24.7806
3,3,sample 3 replicate 3,161,9.6,8.0,0.6407,83.3333,25.1058
3,3,sample 3 replicate 3,162,9.6,8.05,0.6971,83.8542,27.3158
3,3,sample 3 replicate 3,163,9.6,8.1,0.6678,84.375,26.1677
3,3,sample 3 replicate 3,164,9.6,8.15,0.7033,84.8958,27.5588
3,3,sample 3 replicate 3,165,9.6,8.2,0.7221,85.4167,28.2955
3,3,sample 3 replicate 3,166,9.6,8.25,0.7722,85.9375,30.2586
3,3,sample 3 replicate 3,167,9.6,8.3,0.7659,86.4583,30.0118
3,3,sample 3 replicate 3,168,9.6,8.35,0.8139,86.9792,31.8926
3,3,sample 3 replicate 3,169,9.6,8.4,0.8411,87.5,32.9585
3,3,sample 3 replicate 3,170,9.6,8.45,0.8828,88.0208,34.5925
3,3,sample 3 replicate 3,171,9.6,8.5,0.7952,88.5417,31.1599
3,3,sample 3 replicate 3,172,9.6,8.55,0.7805,89.0625,30.5839
3,3,sample 3 replicate 3,173,9.6,8.6,0.7826,89.5833,30.6661
3,3,sample 3 replicate 3,174,9.6,8.65,0.8202,90.1042,32.1395
3,3,sample 3 replicate 3,175,9.6,8.7,0.7785,90.625,30.5055
3,3,sample 3 replicate 3,176,9.6,8.75,0.7931,91.1458,31.0776
3,3,sample 3 replicate 3,177,9.6,8.8,0.7785,91.6667,30.5055
3,3,sample 3 replicate 3,178,9.6,8.85,0.7764,92.1875,30.4232
3,3,sample 3 replicate 3,179,9.6,8.9,0.7847,92.7083,30.7484
3,3,sample 3 replicate 3,180,9.6,8.95,0.8244,93.2292,32.3041
3,3,sample 3 replicate 3,181,9.6,9.0,0.8432,93.75,33.0408
3,3,sample 3 replicate 3,182,9.6,9.05,0.8703,94.2708,34.1027
3,3,sample 3 replicate 3,183,9.6,9.1,0.8932,94.7917,35.0
3,3,sample 3 replicate 3,184,9.6,9.15,0.8515,95.3125,33.366
3,3,sample 3 replicate 3,185,9.6,9.2,0.7826,95.8333,30.6661
3,3,sample 3 replicate 3,186,9.6,9.25,0.864,96.3542,33.8558
3,3,sample 3 replicate 3,187,9.6,9.3,0.8974,96.875,35.1646
3,3,sample 3 replicate 3,188,9.6,9.35,0.9496,97.3958,37.21
3,3,sample 3 replicate 3,189,9.6,9.4,1.008,97.9167,39.4984
3,3,sample 3 replicate 3,190,9.6,9.45,1.1061,98.4375,43.3425
3,3,sample 3 replicate 3,191,9.6,9.5,1.319,98.9583,51.685
3,3,sample 3 replicate 3,192,9.6,9.55,1.559,99.4792,61.0893
3,3,sample 3 replicate 3,193,9.6,9.6,1.8178,100.0,71.2304
3,3,sample 3 replicate 3,194,9.6,9.65,2.1058,100.5208,82.5157
3,3,sample 3 replicate 3,195,9.6,9.7,2.3416,101.0417,91.7555
3,3,sample 3 replicate 3,196,9.6,9.75,3.1451,101.5625,123.2406
3,3,sample 3 replicate 3,197,9.6,9.8,4.3535,102.0833,170.5917
3,3,sample 3 replicate 3,198,9.6,9.85,5.6016,102.6042,219.4984
3,3,sample 3 replicate 3,199,9.6,9.9,6.9143,103.125,270.9365
3,3,sample 3 replicate 3,200,9.6,9.95,8.3397,103.6458,326.7908
3,3,sample 3 replicate 3,201,9.6,10.0,9.9613,104.1667,390.3331
3,3,sample 3 replicate 3,202,9.6,10.05,11.5996,104.6875,454.5298
1,4,sample 1 replicate 4,1,5.0,0.0,-0.0313,0.0,-1.2265
1,4,sample 1 replicate 4,2,5.0,0.05,0.0417,1.0,1.634
1,4,sample 1 replicate 4,3,5.0,0.1,0.025,2.0,0.9796
1,4,sample 1 replicate 4,4,5.0,0.15,0.0355,3.0,1.3911
1,4,sample 1 replicate 4,5,5.0,0.2,-0.0021,4.0,-0.0823
1,4,sample 1 replicate 4,6,5.0,0.25,0.0668,5.0,2.6176
1,4,sample 1 replicate 4,7,5.0,0.3,0.0146,6.0,0.5721
1,4,sample 1 replicate 4,8,5.0,0.35,0.0271,7.0,1.0619
1,4,sample 1 replicate 4,9,5.0,0.4,0.023,8.0,0.9013
1,4,sample 1 replicate 4,10,5.0,0.45,0.0438,9.0,1.7163
1,4,sample 1 replicate 4,11,5.0,0.5,0.0355,10.0,1.3911
1,4,sample 1 replicate 4,12,5.0,0.55,0.0376,11.0,1.4734
1,4,sample 1 replicate 4,13,5.0,0.6,-0.0063,12.0,-0.2469
1,4,sample 1 replicate 4,14,5.0,0.65,0.0459,13.0,1.7986
1,4,sample 1 replicate 4,15,5.0,0.7,-0.0104,14.0,-0.4075
1,4,sample 1 replicate 4,16,5.0,0.75,0.0376,15.0,1.4734
1,4,sample 1 replicate 4,17,5.0,0.8,0.0084,16.0,0.3292
1,4,sample 1 replicate 4,18,5.0,0.85,0.0313,17.0,1.2265
1,4,sample 1 replicate 4,19,5.0,0.9,0.0438,18.0,1.7163
1,4,sample 1 replicate 4,20,5.0,0.95,0.0459,19.0,1.7986
1,4,sample 1 replicate 4,21,5.0,1.0,0.0459,20.0,1.7986
1,4,sample 1 replicate 4,22,5.0,1.05,0.0605,21.0,2.3707
1,4,sample 1 replicate 4,23,5.0,1.1,0.0146,22.0,0.5721
1,4,sample 1 replicate 4,24,5.0,1.15,0.0584,23.0,2.2884
1,4,sample 1 replicate 4,25,5.0,1.2,0.025,24.0,0.9796
1,4,sample 1 replicate 4,26,5.0,1.25,0.0668,25.0,2.6176
1,4,sample 1 replicate 4,27,5.0,1.3,0.0731,26.0,2.8644
1,4,sample 1 replicate 4,28,5.0,1.35,0.0731,27.0,2.8644
1,4,sample 1 replicate 4,29,5.0,1.4,0.0793,28.0,3.1074
1,4,sample 1 replicate 4,30,5.0,1.45,0.0856,29.0,3.3542
1,4,sample 1 replicate 4,31,5.0,1.5,0.0877,30.0,3.4365
1,4,sample 1 replicate 4,32,5.0,1.55,0.0877,31.0,3.4365
1,4,sample 1 replicate 4,33,5.0,1.6,0.0897,32.0,3.5149
1,4,sample 1 replicate 4,34,5.0,1.65,0.0918,33.0,3.5972
1,4,sample 1 replicate 4,35,5.0,1.7,0.0939,34.0,3.6795
1,4,sample 1 replicate 4,36,5.0,1.75,0.0939,35.0,3.6795
1,4,sample 1 replicate 4,37,5.0,1.8,0.096,36.0,3.7618
1,4,sample 1 replicate 4,38,5.0,1.85,0.0981,37.0,3.844
1,4,sample 1 replicate 4,39,5.0,1.9,0.096,38.0,3.7618
1,4,sample 1 replicate 4,40,5.0,1.95,0.096,39.0,3.7618
1,4,sample 1 replicate 4,41,5.0,2.0,0.1002,40.0,3.9263
1,4,sample 1 replicate 4,42,5.0,2.05,0.1023,41.0,4.0086
1,4,sample 1 replicate 4,43,5.0,2.1,0.1002,42.0,3.9263
1,4,sample 1 replicate 4,44,5.0,2.15,0.1044,43.0,4.0909
1,4,sample 1 replicate 4,45,5.0,2.2,0.1002,44.0,3.9263
1,4,sample 1 replicate 4,46,5.0,2.25,0.1106,45.0,4.3339
1,4,sample 1 replicate 4,47,5.0,2.3,0.1023,46.0,4.0086
1,4,sample 1 replicate 4,48,5.0,2.35,0.1106,47.0,4.3339
1,4,sample 1 replicate 4,49,5.0,2.4,0.1127,48.0,4.4161
1,4,sample 1 replicate 4,50,5.0,2.45,0.1148,49.0,4.4984
1,4,sample 1 replicate 4,51,5.0,2.5,0.1336,50.0,5.2351
1,4,sample 1 replicate 4,52,5.0,2.55,0.1169,51.0,4.5807
1,4,sample 1 replicate 4,53,5.0,2.6,0.1148,52.0,4.4984
1,4,sample 1 replicate 4,54,5.0,2.65,0.1482,53.0,5.8072
1,4,sample 1 replicate 4,55,5.0,2.7,0.1231,54.0,4.8237
1,4,sample 1 replicate 4,56,5.0,2.75,0.1586,55.0,6.2147
1,4,sample 1 replicate 4,57,5.0,2.8,0.1419,56.0,5.5603
1,4,sample 1 replicate 4,58,5.0,2.85,0.1544,57.0,6.0502
1,4,sample 1 replicate 4,59,5.0,2.9,0.1711,58.0,6.7045
1,4,sample 1 replicate 4,60,5.0,2.95,0.1962,59.0,7.6881
1,4,sample 1 replicate 4,61,5.0,3.0,0.215,60.0,8.4248
1,4,sample 1 replicate 4,62,5.0,3.05,0.2964,61.0,11.6144
1,4,sample 1 replicate 4,63,5.0,3.1,0.359,62.0,14.0674
1,4,sample 1 replicate 4,64,5.0,3.15,0.4445,63.0,17.4177
1,4,sample 1 replicate 4,65,5.0,3.2,0.4884,64.0,19.1379
1,4,sample 1 replicate 4,66,5.0,3.25,0.5531,65.0,21.6732
1,4,sample 1 replicate 4,67,5.0,3.3,0.6219,66.0,24.3691
1,4,sample 1 replicate 4,68,5.0,3.35,0.6616,67.0,25.9248
1,4,sample 1 replicate 4,69,5.0,3.4,0.7534,68.0,29.5219
1,4,sample 1 replicate 4,70,5.0,3.45,0.791,69.0,30.9953
1,4,sample 1 replicate 4,71,5.0,3.5,0.8786,70.0,34.4279
1,4,sample 1 replicate 4,72,5.0,3.55,0.9162,71.0,35.9013
1,4,sample 1 replicate 4,73,5.0,3.6,1.0143,72.0,39.7453
1,4,sample 1 replicate 4,74,5.0,3.65,1.0706,73.0,41.9514
1,4,sample 1 replicate 4,75,5.0,3.7,1.1145,74.0,43.6716
1,4,sample 1 replicate 4,76,5.0,3.75,1.1708,75.0,45.8777
1,4,sample 1 replicate 4,77,5.0,3.8,1.2439,76.0,48.7422
1,4,sample 1 replicate 4,78,5.0,3.85,1.3315,77.0,52.1748
1,4,sample 1 replicate 4,79,5.0,3.9,1.3753,78.0,53.8911
1,4,sample 1 replicate 4,80,5.0,3.95,1.4609,79.0,57.2453
1,4,sample 1 replicate 4,81,5.0,4.0,1.5611,80.0,61.1716
1,4,sample 1 replicate 4,82,5.0,4.05,1.6508,81.0,64.6865
1,4,sample 1 replicate 4,83,5.0,4.1,1.7427,82.0,68.2876
1,4,sample 1 replicate 4,84,5.0,4.15,1.8157,83.0,71.1481
1,4,sample 1 replicate 4,85,5.0,4.2,1.9326,84.0,75.7288
1,4,sample 1 replicate 4,86,5.0,4.25,2.0703,85.0,81.1246
1,4,sample 1 replicate 4,87,5.0,4.3,2.183,86.0,85.5408
1,4,sample 1 replicate 4,88,5.0,4.35,2.3082,87.0,90.4467
1,4,sample 1 replicate 4,89,5.0,4.4,2.4627,88.0,96.5008
1,4,sample 1 replicate 4,90,5.0,4.45,2.6296,89.0,103.0408
1,4,sample 1 replicate 4,91,5.0,4.5,2.8175,90.0,110.4036
1,4,sample 1 replicate 4,92,5.0,4.55,3.0074,91.0,117.8448
1,4,sample 1 replicate 4,93,5.0,4.6,3.2244,92.0,126.348
1,4,sample 1 replicate 4,94,5.0,4.65,3.4853,93.0,136.5713
1,4,sample 1 replicate 4,95,5.0,4.7,3.7483,94.0,146.877
1,4,sample 1 replicate 4,96,5.0,4.75,1.4588,95.0,57.163
2,4,sample 2 replicate 4,1,5.099999999999998,0.0,-0.0313,0.0,-1.2265
2,4,sample 2 replicate 4,2,5.099999999999998,0.05,0.0605,0.9804,2.3707
2,4,sample 2 replicate 4,3,5.099999999999998,0.1,0.0021,1.9608,0.0823
2,4,sample 2 replicate 4,4,5.099999999999998,0.15,0.0731,2.9412,2.8644
2,4,sample 2 replicate 4,5,5.099999999999998,0.2,0.0417,3.9216,1.634
2,4,sample 2 replicate 4,6,5.099999999999998,0.25,0.0626,4.902,2.453
2,4,sample 2 replicate 4,7,5.099999999999998,0.3,0.048,5.8824,1.8809
2,4,sample 2 replicate 4,8,5.099999999999998,0.35,0.0751,6.8627,2.9428
2,4,sample 2 replicate 4,9,5.099999999999998,0.4,0.0731,7.8431,2.8644
2,4,sample 2 replicate 4,10,5.099999999999998,0.45,0.0647,8.8235,2.5353
2,4,sample 2 replicate 4,11,5.099999999999998,0.5,0.0417,9.8039,1.634
2,4,sample 2 replicate 4,12,5.099999999999998,0.55,0.0814,10.7843,3.1897
2,4,sample 2 replicate 4,13,5.099999999999998,0.6,0.0084,11.7647,0.3292
2,4,sample 2 replicate 4,14,5.099999999999998,0.65,0.0584,12.7451,2.2884
2,4,sample 2 replicate 4,15,5.099999999999998,0.7,0.0501,13.7255,1.9632
2,4,sample 2 replicate 4,16,5.099999999999998,0.75,0.0751,14.7059,2.9428
2,4,sample 2 replicate 4,17,5.099999999999998,0.8,0.0793,15.6863,3.1074
2,4,sample 2 replicate 4,18,5.099999999999998,0.85,0.0793,16.6667,3.1074
2,4,sample 2 replicate 4,19,5.099999999999998,0.9,0.071,17.6471,2.7821
2,4,sample 2 replicate 4,20,5.099999999999998,0.95,0.0918,18.6275,3.5972
2,4,sample 2 replicate 4,21,5.099999999999998,1.0,0.0835,19.6078,3.2719
2,4,sample 2 replicate 4,22,5.099999999999998,1.05,0.0897,20.5882,3.5149
2,4,sample 2 replicate 4,23,5.099999999999998,1.1,0.0731,21.5686,2.8644
2,4,sample 2 replicate 4,24,5.099999999999998,1.15,0.0897,22.549,3.5149
2,4,sample 2 replicate 4,25,5.099999999999998,1.2,0.0939,23.5294,3.6795
2,4,sample 2 replicate 4,26,5.099999999999998,1.25,0.0856,24.5098,3.3542
2,4,sample 2 replicate 4,27,5.099999999999998,1.3,0.096,25.4902,3.7618
2,4,sample 2 replicate 4,28,5.099999999999998,1.35,0.1023,26.4706,4.0086
2,4,sample 2 replicate 4,29,5.099999999999998,1.4,0.1044,27.451,4.0909
2,4,sample 2 replicate 4,30,5.099999999999998,1.45,0.1064,28.4314,4.1693
2,4,sample 2 replicate 4,31,5.099999999999998,1.5,0.1023,29.4118,4.0086
2,4,sample 2 replicate 4,32,5.099999999999998,1.55,0.1148,30.3922,4.4984
2,4,sample 2 replicate 4,33,5.099999999999998,1.6,0.1127,31.3725,4.4161
2,4,sample 2 replicate 4,34,5.099999999999998,1.65,0.1064,32.3529,4.1693
2,4,sample 2 replicate 4,35,5.099999999999998,1.7,0.1064,33.3333,4.1693
2,4,sample 2 replicate 4,36,5.099999999999998,1.75,0.1231,34.3137,4.8237
2,4,sample 2 replicate 4,37,5.099999999999998,1.8,0.119,35.2941,4.663
2,4,sample 2 replicate 4,38,5.099999999999998,1.85,0.1231,36.2745,4.8237
2,4,sample 2 replicate 4,39,5.099999999999998,1.9,0.1127,37.2549,4.4161
2,4,sample 2 replicate 4,40,5.099999999999998,1.95,0.1357,38.2353,5.3174
2,4,sample 2 replicate 4,41,5.099999999999998,2.0,0.1315,39.2157,5.1528
2,4,sample 2 replicate 4,42,5.099999999999998,2.05,0.1419,40.1961,5.5603
2,4,sample 2 replicate 4,43,5.099999999999998,2.1,0.1106,41.1765,4.3339
2,4,sample 2 replicate 4,44,5.099999999999998,2.15,0.1774,42.1569,6.9514
2,4,sample 2 replicate 4,45,5.099999999999998,2.2,0.1565,43.1373,6.1324
2,4,sample 2 replicate 4,46,5.099999999999998,2.25,0.1732,44.1176,6.7868
2,4,sample 2 replicate 4,47,5.099999999999998,2.3,0.1711,45.098,6.7045
2,4,sample 2 replicate 4,48,5.099999999999998,2.35,0.192,46.0784,7.5235
2,4,sample 2 replicate 4,49,5.099999999999998,2.4,0.1962,47.0588,7.6881
2,4,sample 2 replicate 4,50,5.099999999999998,2.45,0.192,48.0392,7.5235
2,4,sample 2 replicate 4,51,5.099999999999998,2.5,0.1941,49.0196,7.6058
2,4,sample 2 replicate 4,52,5.099999999999998,2.55,0.215,50.0,8.4248
2,4,sample 2 replicate 4,53,5.099999999999998,2.6,0.1878,50.9804,7.3589
2,4,sample 2 replicate 4,54,5.099999999999998,2.65,0.2233,51.9608,8.75
2,4,sample 2 replicate 4,55,5.099999999999998,2.7,0.2296,52.9412,8.9969
2,4,sample 2 replicate 4,56,5.099999999999998,2.75,0.2484,53.9216,9.7335
2,4,sample 2 replicate 4,57,5.099999999999998,2.8,0.2943,54.902,11.5321
2,4,sample 2 replicate 4,58,5.099999999999998,2.85,0.3277,55.8824,12.8409
2,4,sample 2 replicate 4,59,5.099999999999998,2.9,0.3652,56.8627,14.3103
2,4,sample 2 replicate 4,60,5.099999999999998,2.95,0.4758,57.8431,18.6442
2,4,sample 2 replicate 4,61,5.099999999999998,3.0,0.5113,58.8235,20.0353
2,4,sample 2 replicate 4,62,5.099999999999998,3.05,0.6199,59.8039,24.2908
2,4,sample 2 replicate 4,63,5.099999999999998,3.1,0.6428,60.7843,25.1881
2,4,sample 2 replicate 4,64,5.099999999999998,3.15,0.7576,61.7647,29.6865
2,4,sample 2 replicate 4,65,5.099999999999998,3.2,0.8411,62.7451,32.9585
2,4,sample 2 replicate 4,66,5.099999999999998,3.25,0.8932,63.7255,35.0
2,4,sample 2 replicate 4,67,5.099999999999998,3.3,0.9308,64.7059,36.4734
2,4,sample 2 replicate 4,68,5.099999999999998,3.35,1.0331,65.6863,40.482
2,4,sample 2 replicate 4,69,5.099999999999998,3.4,1.0769,66.6667,42.1983
2,4,sample 2 replicate 4,70,5.099999999999998,3.45,1.1395,67.6471,44.6513
2,4,sample 2 replicate 4,71,5.099999999999998,3.5,1.1896,68.6275,46.6144
2,4,sample 2 replicate 4,72,5.099999999999998,3.55,1.271,69.6078,49.8041
2,4,sample 2 replicate 4,73,5.099999999999998,3.6,1.3294,70.5882,52.0925
2,4,sample 2 replicate 4,74,5.099999999999998,3.65,1.3879,71.5686,54.3848
2,4,sample 2 replicate 4,75,5.099999999999998,3.7,1.44,72.549,56.4263
2,4,sample 2 replicate 4,76,5.099999999999998,3.75,1.5611,73.5294,61.1716
2,4,sample 2 replicate 4,77,5.099999999999998,3.8,1.6279,74.5098,63.7892
2,4,sample 2 replicate 4,78,5.099999999999998,3.85,1.7218,75.4902,67.4687
2,4,sample 2 replicate 4,79,5.099999999999998,3.9,1.7927,76.4706,70.2469
2,4,sample 2 replicate 4,80,5.099999999999998,3.95,1.8929,77.451,74.1732
2,4,sample 2 replicate 4,81,5.099999999999998,4.0,1.9994,78.4314,78.3464
2,4,sample 2 replicate 4,82,5.099999999999998,4.05,2.0891,79.4118,81.8613
2,4,sample 2 replicate 4,83,5.099999999999998,4.1,2.2081,80.3922,86.5243
2,4,sample 2 replicate 4,84,5.099999999999998,4.15,2.3542,81.3725,92.2492
2,4,sample 2 replicate 4,85,5.099999999999998,4.2,2.4877,82.3529,97.4804
2,4,sample 2 replicate 4,86,5.099999999999998,4.25,2.6443,83.3333,103.6168
2,4,sample 2 replicate 4,87,5.099999999999998,4.3,2.5629,84.3137,100.4271
2,4,sample 2 replicate 4,88,5.099999999999998,4.35,2.903,85.2941,113.7539
2,4,sample 2 replicate 4,89,5.099999999999998,4.4,3.2057,86.2745,125.6152
2,4,sample 2 replicate 4,90,5.099999999999998,4.45,3.5354,87.2549,138.5345
2,4,sample 2 replicate 4,91,5.099999999999998,4.5,3.8756,88.2353,151.8652
2,4,sample 2 replicate 4,92,5.099999999999998,4.55,4.2471,89.2157,166.4224
2,4,sample 2 replicate 4,93,5.099999999999998,4.6,1.7176,90.1961,67.3041
3,4,sample 3 replicate 4,1,6.1,0.0,-0.0042,0.0,-0.1646
3,4,sample 3 replicate 4,2,6.1,0.05,0.0146,0.8197,0.5721
3,4,sample 3 replicate 4,3,6.1,0.1,0.0042,1.6393,0.1646
3,4,sample 3 replicate 4,4,6.1,0.15,0.0334,2.459,1.3088
3,4,sample 3 replicate 4,5,6.1,0.2,0.025,3.2787,0.9796
3,4,sample 3 replicate 4,6,6.1,0.25,-0.0083,4.0984,-0.3252
3,4,sample 3 replicate 4,7,6.1,0.3,0.0188,4.918,0.7367
3,4,sample 3 replicate 4,8,6.1,0.35,0.0689,5.7377,2.6998
3,4,sample 3 replicate 4,9,6.1,0.4,0.0543,6.5574,2.1277
3,4,sample 3 replicate 4,10,6.1,0.45,0.071,7.377,2.7821
3,4,sample 3 replicate 4,11,6.1,0.5,0.0459,8.1967,1.7986
3,4,sample 3 replicate 4,12,6.1,0.55,0.0731,9.0164,2.8644
3,4,sample 3 replicate 4,13,6.1,0.6,0.0584,9.8361,2.2884
3,4,sample 3 replicate 4,14,6.1,0.65,0.0584,10.6557,2.2884
3,4,sample 3 replicate 4,15,6.1,0.7,0.0438,11.4754,1.7163
3,4,sample 3 replicate 4,16,6.1,0.75,0.0877,12.2951,3.4365
3,4,sample 3 replicate 4,17,6.1,0.8,0.0751,13.1148,2.9428
3,4,sample 3 replicate 4,18,6.1,0.85,0.0918,13.9344,3.5972
3,4,sample 3 replicate 4,19,6.1,0.9,0.0939,14.7541,3.6795
3,4,sample 3 replicate 4,20,6.1,0.95,0.1044,15.5738,4.0909
3,4,sample 3 replicate 4,21,6.1,1.0,0.1085,16.3934,4.2516
3,4,sample 3 replicate 4,22,6.1,1.05,0.1085,17.2131,4.2516
3,4,sample 3 replicate 4,23,6.1,1.1,0.1002,18.0328,3.9263
3,4,sample 3 replicate 4,24,6.1,1.15,0.1231,18.8525,4.8237
3,4,sample 3 replicate 4,25,6.1,1.2,0.1023,19.6721,4.0086
3,4,sample 3 replicate 4,26,6.1,1.25,0.1085,20.4918,4.2516
3,4,sample 3 replicate 4,27,6.1,1.3,0.121,21.3115,4.7414
3,4,sample 3 replicate 4,28,6.1,1.35,0.1419,22.1311,5.5603
3,4,sample 3 replicate 4,29,6.1,1.4,0.1628,22.9508,6.3793
3,4,sample 3 replicate 4,30,6.1,1.45,0.1252,23.7705,4.906
3,4,sample 3 replicate 4,31,6.1,1.5,0.1273,24.5902,4.9882
3,4,sample 3 replicate 4,32,6.1,1.55,0.167,25.4098,6.5439
3,4,sample 3 replicate 4,33,6.1,1.6,0.1044,26.2295,4.0909
1,5,sample 1 replicate 5,1,2.3000000000000007,0.0,-0.0125,0.0,-0.4898
1,5,sample 1 replicate 5,2,2.3000000000000007,0.05,0.0063,2.1739,0.2469
1,5,sample 1 replicate 5,3,2.3000000000000007,0.1,0.0271,4.3478,1.0619
1,5,sample 1 replicate 5,4,2.3000000000000007,0.15,0.0626,6.5217,2.453
1,5,sample 1 replicate 5,5,2.3000000000000007,0.2,0.0897,8.6957,3.5149
1,5,sample 1 replicate 5,6,2.3000000000000007,0.25,0.1085,10.8696,4.2516
1,5,sample 1 replicate 5,7,2.3000000000000007,0.3,0.1837,13.0435,7.1983
1,5,sample 1 replicate 5,8,2.3000000000000007,0.35,0.2358,15.2174,9.2398
1,5,sample 1 replicate 5,9,2.3000000000000007,0.4,0.3214,17.3913,12.594
1,5,sample 1 replicate 5,10,2.3000000000000007,0.45,0.3715,19.5652,14.5572
1,5,sample 1 replicate 5,11,2.3000000000000007,0.5,0.4445,21.7391,17.4177
1,5,sample 1 replicate 5,12,2.3000000000000007,0.55,0.4884,23.913,19.1379
1,5,sample 1 replicate 5,13,2.3000000000000007,0.6,0.5176,26.087,20.2821
1,5,sample 1 replicate 5,14,2.3000000000000007,0.65,0.6136,28.2609,24.0439
1,5,sample 1 replicate 5,15,2.3000000000000007,0.7,0.6428,30.4348,25.1881
1,5,sample 1 replicate 5,16,2.3000000000000007,0.75,0.7346,32.6087,28.7853
1,5,sample 1 replicate 5,17,2.3000000000000007,0.8,0.7701,34.7826,30.1763
1,5,sample 1 replicate 5,18,2.3000000000000007,0.85,0.8494,36.9565,33.2837
1,5,sample 1 replicate 5,19,2.3000000000000007,0.9,0.8974,39.1304,35.1646
1,5,sample 1 replicate 5,20,2.3000000000000007,0.95,0.9663,41.3043,37.8644
1,5,sample 1 replicate 5,21,2.3000000000000007,1.0,1.0477,43.4783,41.0541
1,5,sample 1 replicate 5,22,2.3000000000000007,1.05,1.1103,45.6522,43.5071
1,5,sample 1 replicate 5,23,2.3000000000000007,1.1,1.1771,47.8261,46.1246
1,5,sample 1 replicate 5,24,2.3000000000000007,1.15,1.2459,50.0,48.8205
1,5,sample 1 replicate 5,25,2.3000000000000007,1.2,1.3211,52.1739,51.7672
1,5,sample 1 replicate 5,26,2.3000000000000007,1.25,1.3941,54.3478,54.6277
1,5,sample 1 replicate 5,27,2.3000000000000007,1.3,1.4755,56.5217,57.8174
1,5,sample 1 replicate 5,28,2.3000000000000007,1.35,1.5757,58.6957,61.7437
1,5,sample 1 replicate 5,29,2.3000000000000007,1.4,1.6675,60.8696,65.3409
1,5,sample 1 replicate 5,30,2.3000000000000007,1.45,1.7761,63.0435,69.5964
1,5,sample 1 replicate 5,31,2.3000000000000007,1.5,1.895,65.2174,74.2555
1,5,sample 1 replicate 5,32,2.3000000000000007,1.55,2.0223,67.3913,79.2437
1,5,sample 1 replicate 5,33,2.3000000000000007,1.6,2.1663,69.5652,84.8864
1,5,sample 1 replicate 5,34,2.3000000000000007,1.65,2.3187,71.7391,90.8582
1,5,sample 1 replicate 5,35,2.3000000000000007,1.7,2.494,73.913,97.7273
1,5,sample 1 replicate 5,36,2.3000000000000007,1.75,2.7173,76.087,106.4773
1,5,sample 1 replicate 5,37,2.3000000000000007,1.8,2.9615,78.2609,116.0462
1,5,sample 1 replicate 5,38,2.3000000000000007,1.85,3.2244,80.4348,126.348
1,5,sample 1 replicate 5,39,2.3000000000000007,1.9,3.4958,82.6087,136.9828
1,5,sample 1 replicate 5,40,2.3000000000000007,1.95,3.8318,84.7826,150.1489
1,5,sample 1 replicate 5,41,2.3000000000000007,2.0,4.1719,86.9565,163.4757
1,5,sample 1 replicate 5,42,2.3000000000000007,2.05,4.6332,89.1304,181.5517
1,5,sample 1 replicate 5,43,2.3000000000000007,2.1,5.0798,91.3043,199.0517
1,5,sample 1 replicate 5,44,2.3000000000000007,2.15,5.5682,93.4783,218.1897
1,5,sample 1 replicate 5,45,2.3000000000000007,2.2,6.2193,95.6522,243.703
1,5,sample 1 replicate 5,46,2.3000000000000007,2.25,6.9498,97.8261,272.3276
1,5,sample 1 replicate 5,47,2.3000000000000007,2.3,7.747,100.0,303.5658
1,5,sample 1 replicate 5,48,2.3000000000000007,2.35,8.6048,102.1739,337.1787
1,5,sample 1 replicate 5,49,2.3000000000000007,2.4,1.8241,104.3478,71.4773
2,5,sample 2 replicate 5,1,3.3999999999999986,0.0,-0.0125,0.0,-0.4898
2,5,sample 2 replicate 5,2,3.3999999999999986,0.05,0.0417,1.4706,1.634
2,5,sample 2 replicate 5,3,3.3999999999999986,0.1,0.0063,2.9412,0.2469
2,5,sample 2 replicate 5,4,3.3999999999999986,0.15,0.0292,4.4118,1.1442
2,5,sample 2 replicate 5,5,3.3999999999999986,0.2,-0.0167,5.8824,-0.6544
2,5,sample 2 replicate 5,6,3.3999999999999986,0.25,0.0146,7.3529,0.5721
2,5,sample 2 replicate 5,7,3.3999999999999986,0.3,-0.0021,8.8235,-0.0823
2,5,sample 2 replicate 5,8,3.3999999999999986,0.35,0.0104,10.2941,0.4075
2,5,sample 2 replicate 5,9,3.3999999999999986,0.4,-0.0021,11.7647,-0.0823
2,5,sample 2 replicate 5,10,3.3999999999999986,0.45,-0.0042,13.2353,-0.1646
2,5,sample 2 replicate 5,11,3.3999999999999986,0.5,0.0188,14.7059,0.7367
2,5,sample 2 replicate 5,12,3.3999999999999986,0.55,0.0355,16.1765,1.3911
2,5,sample 2 replicate 5,13,3.3999999999999986,0.6,0.0188,17.6471,0.7367
2,5,sample 2 replicate 5,14,3.3999999999999986,0.65,0.0459,19.1176,1.7986
2,5,sample 2 replicate 5,15,3.3999999999999986,0.7,0.0188,20.5882,0.7367
2,5,sample 2 replicate 5,16,3.3999999999999986,0.75,0.0584,22.0588,2.2884
2,5,sample 2 replicate 5,17,3.3999999999999986,0.8,0.0397,23.5294,1.5556
2,5,sample 2 replicate 5,18,3.3999999999999986,0.85,0.0501,25.0,1.9632
2,5,sample 2 replicate 5,19,3.3999999999999986,0.9,0.0188,26.4706,0.7367
2,5,sample 2 replicate 5,20,3.3999999999999986,0.95,0.0605,27.9412,2.3707
2,5,sample 2 replicate 5,21,3.3999999999999986,1.0,0.023,29.4118,0.9013
2,5,sample 2 replicate 5,22,3.3999999999999986,1.05,0.048,30.8824,1.8809
2,5,sample 2 replicate 5,23,3.3999999999999986,1.1,0.025,32.3529,0.9796
2,5,sample 2 replicate 5,24,3.3999999999999986,1.15,0.0459,33.8235,1.7986
2,5,sample 2 replicate 5,25,3.3999999999999986,1.2,0.025,35.2941,0.9796
2,5,sample 2 replicate 5,26,3.3999999999999986,1.25,0.0438,36.7647,1.7163
2,5,sample 2 replicate 5,27,3.3999999999999986,1.3,-0.0042,38.2353,-0.1646
2,5,sample 2 replicate 5,28,3.3999999999999986,1.35,0.0543,39.7059,2.1277
2,5,sample 2 replicate 5,29,3.3999999999999986,1.4,0.0146,41.1765,0.5721
2,5,sample 2 replicate 5,30,3.3999999999999986,1.45,0.0522,42.6471,2.0455
2,5,sample 2 replicate 5,31,3.3999999999999986,1.5,0.023,44.1176,0.9013
2,5,sample 2 replicate 5,32,3.3999999999999986,1.55,0.0501,45.5882,1.9632
2,5,sample 2 replicate 5,33,3.3999999999999986,1.6,0.0459,47.0588,1.7986
2,5,sample 2 replicate 5,34,3.3999999999999986,1.65,0.0397,48.5294,1.5556
2,5,sample 2 replicate 5,35,3.3999999999999986,1.7,0.0,50.0,0.0
2,5,sample 2 replicate 5,36,3.3999999999999986,1.75,0.0647,51.4706,2.5353
2,5,sample 2 replicate 5,37,3.3999999999999986,1.8,-0.0021,52.9412,-0.0823
2,5,sample 2 replicate 5,38,3.3999999999999986,1.85,0.0584,54.4118,2.2884
2,5,sample 2 replicate 5,39,3.3999999999999986,1.9,0.0584,55.8824,2.2884
2,5,sample 2 replicate 5,40,3.3999999999999986,1.95,0.0897,57.3529,3.5149
2,5,sample 2 replicate 5,41,3.3999999999999986,2.0,0.0981,58.8235,3.844
2,5,sample 2 replicate 5,42,3.3999999999999986,2.05,0.1315,60.2941,5.1528
2,5,sample 2 replicate 5,43,3.3999999999999986,2.1,0.1941,61.7647,7.6058
2,5,sample 2 replicate 5,44,3.3999999999999986,2.15,0.2713,63.2353,10.6309
2,5,sample 2 replicate 5,45,3.3999999999999986,2.2,0.3527,64.7059,13.8205
2,5,sample 2 replicate 5,46,3.3999999999999986,2.25,0.432,66.1765,16.9279
2,5,sample 2 replicate 5,47,3.3999999999999986,2.3,0.4884,67.6471,19.1379
2,5,sample 2 replicate 5,48,3.3999999999999986,2.35,0.5322,69.1176,20.8542
2,5,sample 2 replicate 5,49,3.3999999999999986,2.4,0.6282,70.5882,24.616
2,5,sample 2 replicate 5,50,3.3999999999999986,2.45,0.6908,72.0588,27.069
2,5,sample 2 replicate 5,51,3.3999999999999986,2.5,0.7618,73.5294,29.8511
2,5,sample 2 replicate 5,52,3.3999999999999986,2.55,0.8181,75.0,32.0572
2,5,sample 2 replicate 5,53,3.3999999999999986,2.6,0.8912,76.4706,34.9216
2,5,sample 2 replicate 5,54,3.3999999999999986,2.65,0.9642,77.9412,37.7821
2,5,sample 2 replicate 5,55,3.3999999999999986,2.7,1.0352,79.4118,40.5643
2,5,sample 2 replicate 5,56,3.3999999999999986,2.75,1.0999,80.8824,43.0995
2,5,sample 2 replicate 5,57,3.3999999999999986,2.8,1.1583,82.3529,45.3879
2,5,sample 2 replicate 5,58,3.3999999999999986,2.85,1.2251,83.8235,48.0055
2,5,sample 2 replicate 5,59,3.3999999999999986,2.9,1.271,85.2941,49.8041
2,5,sample 2 replicate 5,60,3.3999999999999986,2.95,1.3774,86.7647,53.9734
2,5,sample 2 replicate 5,61,3.3999999999999986,3.0,1.4526,88.2353,56.9201
2,5,sample 2 replicate 5,62,3.3999999999999986,3.05,1.5381,89.7059,60.2704
2,5,sample 2 replicate 5,63,3.3999999999999986,3.1,1.6237,91.1765,63.6246
2,5,sample 2 replicate 5,64,3.3999999999999986,3.15,1.726,92.6471,67.6332
2,5,sample 2 replicate 5,65,3.3999999999999986,3.2,1.8178,94.1176,71.2304
2,5,sample 2 replicate 5,66,3.3999999999999986,3.25,1.9201,95.5882,75.239
2,5,sample 2 replicate 5,67,3.3999999999999986,3.3,2.0202,97.0588,79.1614
2,5,sample 2 replicate 5,68,3.3999999999999986,3.35,2.1622,98.5294,84.7257
2,5,sample 2 replicate 5,69,3.3999999999999986,3.4,2.2978,100.0,90.0392
2,5,sample 2 replicate 5,70,3.3999999999999986,3.45,2.4397,101.4706,95.5995
2,5,sample 2 replicate 5,71,3.3999999999999986,3.5,2.6171,102.9412,102.5509
2,5,sample 2 replicate 5,72,3.3999999999999986,3.55,2.8008,104.4118,109.7492
2,5,sample 2 replicate 5,73,3.3999999999999986,3.6,3.0074,105.8824,117.8448
2,5,sample 2 replicate 5,74,3.3999999999999986,3.65,3.214,107.3529,125.9404
2,5,sample 2 replicate 5,75,3.3999999999999986,3.7,3.4791,108.8235,136.3284
2,5,sample 2 replicate 5,76,3.3999999999999986,3.75,3.7545,110.2941,147.1199
2,5,sample 2 replicate 5,77,3.3999999999999986,3.8,4.0488,111.7647,158.652
2,5,sample 2 replicate 5,78,3.3999999999999986,3.85,4.4099,113.2353,172.8017
2,5,sample 2 replicate 5,79,3.3999999999999986,3.9,4.7981,114.7059,188.0133
2,5,sample 2 replicate 5,80,3.3999999999999986,3.95,5.2134,116.1765,204.2868
2,5,sample 2 replicate 5,81,3.3999999999999986,4.0,5.7122,117.6471,223.8323
2,5,sample 2 replicate 5,82,3.3999999999999986,4.05,6.3111,119.1176,247.3002
2,5,sample 2 replicate 5,83,3.3999999999999986,4.1,6.9832,120.5882,273.6364
2,5,sample 2 replicate 5,84,3.3999999999999986,4.15,7.7261,122.0588,302.7469
2,5,sample 2 replicate 5,85,3.3999999999999986,4.2,8.4629,123.5294,331.6183
2,5,sample 2 replicate 5,86,3.3999999999999986,4.25,9.2935,125.0,364.1654
2,5,sample 2 replicate 5,87,3.3999999999999986,4.3,10.2702,126.4706,402.4373
3,5,sample 3 replicate 5,1,2.5,0.0,0.0021,0.0,0.0823
3,5,sample 3 replicate 5,2,2.5,0.05,0.0313,2.0,1.2265
3,5,sample 3 replicate 5,3,2.5,0.1,0.0501,4.0,1.9632
3,5,sample 3 replicate 5,4,2.5,0.15,0.0626,6.0,2.453
3,5,sample 3 replicate 5,5,2.5,0.2,0.0042,8.0,0.1646
3,5,sample 3 replicate 5,6,2.5,0.25,0.0271,10.0,1.0619
3,5,sample 3 replicate 5,7,2.5,0.3,0.0584,12.0,2.2884
3,5,sample 3 replicate 5,8,2.5,0.35,0.0835,14.0,3.2719
3,5,sample 3 replicate 5,9,2.5,0.4,0.1002,16.0,3.9263
3,5,sample 3 replicate 5,10,2.5,0.45,0.1148,18.0,4.4984
3,5,sample 3 replicate 5,11,2.5,0.5,0.1169,20.0,4.5807
3,5,sample 3 replicate 5,12,2.5,0.55,0.2275,22.0,8.9146
3,5,sample 3 replicate 5,13,2.5,0.6,0.2504,24.0,9.8119
3,5,sample 3 replicate 5,14,2.5,0.65,0.3548,26.0,13.9028
3,5,sample 3 replicate 5,15,2.5,0.7,0.4049,28.0,15.866
3,5,sample 3 replicate 5,16,2.5,0.75,0.4967,30.0,19.4632
3,5,sample 3 replicate 5,17,2.5,0.8,0.5718,32.0,22.406
3,5,sample 3 replicate 5,18,2.5,0.85,0.6031,34.0,23.6324
3,5,sample 3 replicate 5,19,2.5,0.9,0.7305,36.0,28.6246
3,5,sample 3 replicate 5,20,2.5,0.95,0.7785,38.0,30.5055
3,5,sample 3 replicate 5,21,2.5,1.0,0.8807,40.0,34.5102
3,5,sample 3 replicate 5,22,2.5,1.05,0.8619,42.0,33.7735
3,5,sample 3 replicate 5,23,2.5,1.1,0.9266,44.0,36.3088
3,5,sample 3 replicate 5,24,2.5,1.15,1.0206,46.0,39.9922
3,5,sample 3 replicate 5,25,2.5,1.2,1.079,48.0,42.2806
3,5,sample 3 replicate 5,26,2.5,1.25,1.1312,50.0,44.326
3,5,sample 3 replicate 5,27,2.5,1.3,1.2105,52.0,47.4334
3,5,sample 3 replicate 5,28,2.5,1.35,1.3023,54.0,51.0306
3,5,sample 3 replicate 5,29,2.5,1.4,1.3691,56.0,53.6481
3,5,sample 3 replicate 5,30,2.5,1.45,1.4567,58.0,57.0807
3,5,sample 3 replicate 5,31,2.5,1.5,1.5548,60.0,60.9248
3,5,sample 3 replicate 5,32,2.5,1.55,1.6529,62.0,64.7688
3,5,sample 3 replicate 5,33,2.5,1.6,1.7552,64.0,68.7774
3,5,sample 3 replicate 5,34,2.5,1.65,1.8679,66.0,73.1936
3,5,sample 3 replicate 5,35,2.5,1.7,1.9952,68.0,78.1818
3,5,sample 3 replicate 5,36,2.5,1.75,2.1267,70.0,83.3346
3,5,sample 3 replicate 5,37,2.5,1.8,2.2665,72.0,88.8127
3,5,sample 3 replicate 5,38,2.5,1.85,2.4209,74.0,94.8629
3,5,sample 3 replicate 5,39,2.5,1.9,2.5858,76.0,101.3245
3,5,sample 3 replicate 5,40,2.5,1.95,2.7674,78.0,108.4404
3,5,sample 3 replicate 5,41,2.5,2.0,2.9615,80.0,116.0462
3,5,sample 3 replicate 5,42,2.5,2.05,3.1785,82.0,124.5494
3,5,sample 3 replicate 5,43,2.5,2.1,3.4185,84.0,133.9538
3,5,sample 3 replicate 5,44,2.5,2.15,3.669,86.0,143.7696
3,5,sample 3 replicate 5,45,2.5,2.2,3.9361,88.0,154.2359
3,5,sample 3 replicate 5,46,2.5,2.25,4.2638,90.0,167.0768
3,5,sample 3 replicate 5,47,2.5,2.3,4.6311,92.0,181.4694
3,5,sample 3 replicate 5,48,2.5,2.35,5.0631,94.0,198.3973
3,5,sample 3 replicate 5,49,2.5,2.4,5.5849,96.0,218.844
3,5,sample 3 replicate 5,50,2.5,2.45,6.165,98.0,241.5752
3,5,sample 3 replicate 5,51,2.5,2.5,6.8767,100.0,269.4632
3,5,sample 3 replicate 5,52,2.5,2.55,7.6573,102.0,300.0509
3,5,sample 3 replicate 5,53,2.5,2.6,1.9305,104.0,75.6466
