sample,replicate,sample_label,point_index,height,distance_mm,force_N,strain_percent,stress_mPa
1,1,sample 1 replicate 1,1,-0.15000000000000213,0.0,0.0021,-0.0,0.0082
1,1,sample 1 replicate 1,2,-0.15000000000000213,0.05,0.0355,-33.3333,0.1391
1,1,sample 1 replicate 1,3,-0.15000000000000213,0.1,0.0897,-66.6667,0.3515
1,1,sample 1 replicate 1,4,-0.15000000000000213,0.15,0.6303,-100.0,2.4698
1,1,sample 1 replicate 1,5,-0.15000000000000213,0.2,1.2793,-133.3333,5.0129
1,1,sample 1 replicate 1,6,-0.15000000000000213,0.25,2.0912,-166.6667,8.1944
1,1,sample 1 replicate 1,7,-0.15000000000000213,0.3,3.0178,-200.0,11.8252
1,1,sample 1 replicate 1,8,-0.15000000000000213,0.35,4.0801,-233.3333,15.9879
1,1,sample 1 replicate 1,9,-0.15000000000000213,0.4,5.1695,-266.6667,20.2567
2,1,sample 2 replicate 1,1,5.850000000000001,0.0,-0.0021,0.0,-0.0082
2,1,sample 2 replicate 1,2,5.850000000000001,0.05,0.0,0.8547,0.0
2,1,sample 2 replicate 1,3,5.850000000000001,0.1,0.0104,1.7094,0.0408
2,1,sample 2 replicate 1,4,5.850000000000001,0.15,0.0313,2.5641,0.1226
2,1,sample 2 replicate 1,5,5.850000000000001,0.2,0.0271,3.4188,0.1062
2,1,sample 2 replicate 1,6,5.850000000000001,0.25,0.0459,4.2735,0.1799
2,1,sample 2 replicate 1,7,5.850000000000001,0.3,0.073,5.1282,0.2861
2,1,sample 2 replicate 1,8,5.850000000000001,0.35,0.0897,5.9829,0.3515
2,1,sample 2 replicate 1,9,5.850000000000001,0.4,0.1085,6.8376,0.4252
2,1,sample 2 replicate 1,10,5.850000000000001,0.45,0.119,7.6923,0.4663
2,1,sample 2 replicate 1,11,5.850000000000001,0.5,0.1273,8.547,0.4988
2,1,sample 2 replicate 1,12,5.850000000000001,0.55,0.1315,9.4017,0.5153
2,1,sample 2 replicate 1,13,5.850000000000001,0.6,0.1419,10.2564,0.556
2,1,sample 2 replicate 1,14,5.850000000000001,0.65,0.1649,11.1111,0.6462
2,1,sample 2 replicate 1,15,5.850000000000001,0.7,0.1753,11.9658,0.6869
2,1,sample 2 replicate 1,16,5.850000000000001,0.75,0.1732,12.8205,0.6787
2,1,sample 2 replicate 1,17,5.850000000000001,0.8,0.1419,13.6752,0.556
2,1,sample 2 replicate 1,18,5.850000000000001,0.85,0.0543,14.5299,0.2128
2,1,sample 2 replicate 1,19,5.850000000000001,0.9,0.0522,15.3846,0.2045
2,1,sample 2 replicate 1,20,5.850000000000001,0.95,0.0584,16.2393,0.2288
2,1,sample 2 replicate 1,21,5.850000000000001,1.0,0.0543,17.094,0.2128
2,1,sample 2 replicate 1,22,5.850000000000001,1.05,0.0605,17.9487,0.2371
2,1,sample 2 replicate 1,23,5.850000000000001,1.1,0.0543,18.8034,0.2128
2,1,sample 2 replicate 1,24,5.850000000000001,1.15,0.0647,19.6581,0.2535
2,1,sample 2 replicate 1,25,5.850000000000001,1.2,0.0647,20.5128,0.2535
2,1,sample 2 replicate 1,26,5.850000000000001,1.25,0.0626,21.3675,0.2453
2,1,sample 2 replicate 1,27,5.850000000000001,1.3,0.0668,22.2222,0.2618
2,1,sample 2 replicate 1,28,5.850000000000001,1.35,0.0668,23.0769,0.2618
2,1,sample 2 replicate 1,29,5.850000000000001,1.4,0.073,23.9316,0.2861
2,1,sample 2 replicate 1,30,5.850000000000001,1.45,0.071,24.7863,0.2782
2,1,sample 2 replicate 1,31,5.850000000000001,1.5,0.071,25.641,0.2782
2,1,sample 2 replicate 1,32,5.850000000000001,1.55,0.0751,26.4957,0.2943
2,1,sample 2 replicate 1,33,5.850000000000001,1.6,0.0751,27.3504,0.2943
2,1,sample 2 replicate 1,34,5.850000000000001,1.65,0.0793,28.2051,0.3107
2,1,sample 2 replicate 1,35,5.850000000000001,1.7,0.0793,29.0598,0.3107
2,1,sample 2 replicate 1,36,5.850000000000001,1.75,0.0835,29.9145,0.3272
2,1,sample 2 replicate 1,37,5.850000000000001,1.8,0.0856,30.7692,0.3354
2,1,sample 2 replicate 1,38,5.850000000000001,1.85,0.0772,31.6239,0.3025
2,1,sample 2 replicate 1,39,5.850000000000001,1.9,0.0835,32.4786,0.3272
2,1,sample 2 replicate 1,40,5.850000000000001,1.95,0.0835,33.3333,0.3272
2,1,sample 2 replicate 1,41,5.850000000000001,2.0,0.0877,34.188,0.3437
2,1,sample 2 replicate 1,42,5.850000000000001,2.05,0.0856,35.0427,0.3354
2,1,sample 2 replicate 1,43,5.850000000000001,2.1,0.0939,35.8974,0.3679
2,1,sample 2 replicate 1,44,5.850000000000001,2.15,0.0897,36.7521,0.3515
2,1,sample 2 replicate 1,45,5.850000000000001,2.2,0.0877,37.6068,0.3437
2,1,sample 2 replicate 1,46,5.850000000000001,2.25,0.1002,38.4615,0.3926
2,1,sample 2 replicate 1,47,5.850000000000001,2.3,0.0897,39.3162,0.3515
2,1,sample 2 replicate 1,48,5.850000000000001,2.35,0.0939,40.1709,0.3679
2,1,sample 2 replicate 1,49,5.850000000000001,2.4,0.0918,41.0256,0.3597
2,1,sample 2 replicate 1,50,5.850000000000001,2.45,0.0939,41.8803,0.3679
2,1,sample 2 replicate 1,51,5.850000000000001,2.5,0.0897,42.735,0.3515
2,1,sample 2 replicate 1,52,5.850000000000001,2.55,0.0939,43.5897,0.3679
2,1,sample 2 replicate 1,53,5.850000000000001,2.6,0.0981,44.4444,0.3844
2,1,sample 2 replicate 1,54,5.850000000000001,2.65,0.0981,45.2991,0.3844
2,1,sample 2 replicate 1,55,5.850000000000001,2.7,0.1002,46.1538,0.3926
2,1,sample 2 replicate 1,56,5.850000000000001,2.75,0.1044,47.0085,0.4091
2,1,sample 2 replicate 1,57,5.850000000000001,2.8,0.1023,47.8632,0.4009
2,1,sample 2 replicate 1,58,5.850000000000001,2.85,0.1064,48.7179,0.4169
2,1,sample 2 replicate 1,59,5.850000000000001,2.9,0.1044,49.5726,0.4091
2,1,sample 2 replicate 1,60,5.850000000000001,2.95,0.1127,50.4274,0.4416
2,1,sample 2 replicate 1,61,5.850000000000001,3.0,0.1106,51.2821,0.4334
2,1,sample 2 replicate 1,62,5.850000000000001,3.05,0.1127,52.1368,0.4416
2,1,sample 2 replicate 1,63,5.850000000000001,3.1,0.1106,52.9915,0.4334
2,1,sample 2 replicate 1,64,5.850000000000001,3.15,0.1169,53.8462,0.4581
2,1,sample 2 replicate 1,65,5.850000000000001,3.2,0.1148,54.7009,0.4498
2,1,sample 2 replicate 1,66,5.850000000000001,3.25,0.121,55.5556,0.4741
2,1,sample 2 replicate 1,67,5.850000000000001,3.3,0.119,56.4103,0.4663
2,1,sample 2 replicate 1,68,5.850000000000001,3.35,0.1336,57.265,0.5235
2,1,sample 2 replicate 1,69,5.850000000000001,3.4,0.1377,58.1197,0.5396
2,1,sample 2 replicate 1,70,5.850000000000001,3.45,0.1315,58.9744,0.5153
2,1,sample 2 replicate 1,71,5.850000000000001,3.5,0.1252,59.8291,0.4906
2,1,sample 2 replicate 1,72,5.850000000000001,3.55,0.1231,60.6838,0.4824
2,1,sample 2 replicate 1,73,5.850000000000001,3.6,0.121,61.5385,0.4741
2,1,sample 2 replicate 1,74,5.850000000000001,3.65,0.1231,62.3932,0.4824
2,1,sample 2 replicate 1,75,5.850000000000001,3.7,0.1273,63.2479,0.4988
2,1,sample 2 replicate 1,76,5.850000000000001,3.75,0.1252,64.1026,0.4906
2,1,sample 2 replicate 1,77,5.850000000000001,3.8,0.1273,64.9573,0.4988
2,1,sample 2 replicate 1,78,5.850000000000001,3.85,0.1252,65.812,0.4906
2,1,sample 2 replicate 1,79,5.850000000000001,3.9,0.1336,66.6667,0.5235
2,1,sample 2 replicate 1,80,5.850000000000001,3.95,0.1336,67.5214,0.5235
2,1,sample 2 replicate 1,81,5.850000000000001,4.0,0.1377,68.3761,0.5396
2,1,sample 2 replicate 1,82,5.850000000000001,4.05,0.1023,69.2308,0.4009
2,1,sample 2 replicate 1,83,5.850000000000001,4.1,0.1148,70.0855,0.4498
2,1,sample 2 replicate 1,84,5.850000000000001,4.15,0.1252,70.9402,0.4906
2,1,sample 2 replicate 1,85,5.850000000000001,4.2,0.1294,71.7949,0.5071
2,1,sample 2 replicate 1,86,5.850000000000001,4.25,0.1252,72.6496,0.4906
2,1,sample 2 replicate 1,87,5.850000000000001,4.3,0.1294,73.5043,0.5071
2,1,sample 2 replicate 1,88,5.850000000000001,4.35,0.1315,74.359,0.5153
2,1,sample 2 replicate 1,89,5.850000000000001,4.4,0.1357,75.2137,0.5317
2,1,sample 2 replicate 1,90,5.850000000000001,4.45,0.1336,76.0684,0.5235
2,1,sample 2 replicate 1,91,5.850000000000001,4.5,0.1461,76.9231,0.5725
2,1,sample 2 replicate 1,92,5.850000000000001,4.55,0.1628,77.7778,0.6379
2,1,sample 2 replicate 1,93,5.850000000000001,4.6,0.1795,78.6325,0.7034
2,1,sample 2 replicate 1,94,5.850000000000001,4.65,0.1878,79.4872,0.7359
2,1,sample 2 replicate 1,95,5.850000000000001,4.7,0.1941,80.3419,0.7606
2,1,sample 2 replicate 1,96,5.850000000000001,4.75,0.1983,81.1966,0.777
2,1,sample 2 replicate 1,97,5.850000000000001,4.8,0.2108,82.0513,0.826
2,1,sample 2 replicate 1,98,5.850000000000001,4.85,0.2275,82.906,0.8915
2,1,sample 2 replicate 1,99,5.850000000000001,4.9,0.2337,83.7607,0.9158
2,1,sample 2 replicate 1,100,5.850000000000001,4.95,0.1774,84.6154,0.6951
2,1,sample 2 replicate 1,101,5.850000000000001,5.0,0.1336,85.4701,0.5235
2,1,sample 2 replicate 1,102,5.850000000000001,5.05,0.1252,86.3248,0.4906
2,1,sample 2 replicate 1,103,5.850000000000001,5.1,0.1085,87.1795,0.4252
2,1,sample 2 replicate 1,104,5.850000000000001,5.15,0.1064,88.0342,0.4169
2,1,sample 2 replicate 1,105,5.850000000000001,5.2,0.1169,88.8889,0.4581
2,1,sample 2 replicate 1,106,5.850000000000001,5.25,0.1252,89.7436,0.4906
2,1,sample 2 replicate 1,107,5.850000000000001,5.3,0.1273,90.5983,0.4988
2,1,sample 2 replicate 1,108,5.850000000000001,5.35,0.1315,91.453,0.5153
2,1,sample 2 replicate 1,109,5.850000000000001,5.4,0.1294,92.3077,0.5071
2,1,sample 2 replicate 1,110,5.850000000000001,5.45,0.1377,93.1624,0.5396
2,1,sample 2 replicate 1,111,5.850000000000001,5.5,0.1524,94.0171,0.5972
2,1,sample 2 replicate 1,112,5.850000000000001,5.55,0.1482,94.8718,0.5807
2,1,sample 2 replicate 1,113,5.850000000000001,5.6,0.1482,95.7265,0.5807
2,1,sample 2 replicate 1,114,5.850000000000001,5.65,0.1816,96.5812,0.7116
2,1,sample 2 replicate 1,115,5.850000000000001,5.7,0.2129,97.4359,0.8342
2,1,sample 2 replicate 1,116,5.850000000000001,5.75,0.2484,98.2906,0.9734
2,1,sample 2 replicate 1,117,5.850000000000001,5.8,0.2567,99.1453,1.0059
2,1,sample 2 replicate 1,118,5.850000000000001,5.85,0.2671,100.0,1.0466
2,1,sample 2 replicate 1,119,5.850000000000001,5.9,0.2734,100.8547,1.0713
2,1,sample 2 replicate 1,120,5.850000000000001,5.95,0.3214,101.7094,1.2594
2,1,sample 2 replicate 1,121,5.850000000000001,6.0,0.3548,102.5641,1.3903
2,1,sample 2 replicate 1,122,5.850000000000001,6.05,0.4341,103.4188,1.701
2,1,sample 2 replicate 1,123,5.850000000000001,6.1,0.6219,104.2735,2.4369
2,1,sample 2 replicate 1,124,5.850000000000001,6.15,0.9454,105.1282,3.7045
2,1,sample 2 replicate 1,125,5.850000000000001,6.2,1.5006,105.9829,5.8801
2,1,sample 2 replicate 1,126,5.850000000000001,6.25,2.3917,106.8376,9.3719
2,1,sample 2 replicate 1,127,5.850000000000001,6.3,3.3058,107.6923,12.9538
2,1,sample 2 replicate 1,128,5.850000000000001,6.35,4.3431,108.547,17.0184
2,1,sample 2 replicate 1,129,5.850000000000001,6.4,5.445,109.4017,21.3362
3,1,sample 3 replicate 1,1,6.200000000000001,0.0,0.0,0.0,0.0
3,1,sample 3 replicate 1,2,6.200000000000001,0.05,0.0083,0.8065,0.0325
3,1,sample 3 replicate 1,3,6.200000000000001,0.1,0.0125,1.6129,0.049
3,1,sample 3 replicate 1,4,6.200000000000001,0.15,0.0167,2.4194,0.0654
3,1,sample 3 replicate 1,5,6.200000000000001,0.2,0.048,3.2258,0.1881
3,1,sample 3 replicate 1,6,6.200000000000001,0.25,0.0772,4.0323,0.3025
3,1,sample 3 replicate 1,7,6.200000000000001,0.3,0.0981,4.8387,0.3844
3,1,sample 3 replicate 1,8,6.200000000000001,0.35,0.1148,5.6452,0.4498
3,1,sample 3 replicate 1,9,6.200000000000001,0.4,0.1169,6.4516,0.4581
3,1,sample 3 replicate 1,10,6.200000000000001,0.45,0.1294,7.2581,0.5071
3,1,sample 3 replicate 1,11,6.200000000000001,0.5,0.1398,8.0645,0.5478
3,1,sample 3 replicate 1,12,6.200000000000001,0.55,0.1565,8.871,0.6132
3,1,sample 3 replicate 1,13,6.200000000000001,0.6,0.1816,9.6774,0.7116
3,1,sample 3 replicate 1,14,6.200000000000001,0.65,0.1962,10.4839,0.7688
3,1,sample 3 replicate 1,15,6.200000000000001,0.7,0.1899,11.2903,0.7441
3,1,sample 3 replicate 1,16,6.200000000000001,0.75,0.1044,12.0968,0.4091
1,2,sample 1 replicate 2,1,6.35,0.0,0.0021,0.0,0.0082
1,2,sample 1 replicate 2,2,6.35,0.05,0.0313,0.7874,0.1226
1,2,sample 1 replicate 2,3,6.35,0.1,0.0501,1.5748,0.1963
1,2,sample 1 replicate 2,4,6.35,0.15,0.0689,2.3622,0.27
1,2,sample 1 replicate 2,5,6.35,0.2,0.0772,3.1496,0.3025
1,2,sample 1 replicate 2,6,6.35,0.25,0.1002,3.937,0.3926
1,2,sample 1 replicate 2,7,6.35,0.3,0.1064,4.7244,0.4169
1,2,sample 1 replicate 2,8,6.35,0.35,0.1148,5.5118,0.4498
1,2,sample 1 replicate 2,9,6.35,0.4,0.1169,6.2992,0.4581
1,2,sample 1 replicate 2,10,6.35,0.45,0.121,7.0866,0.4741
1,2,sample 1 replicate 2,11,6.35,0.5,0.121,7.874,0.4741
1,2,sample 1 replicate 2,12,6.35,0.55,0.1231,8.6614,0.4824
1,2,sample 1 replicate 2,13,6.35,0.6,0.1294,9.4488,0.5071
1,2,sample 1 replicate 2,14,6.35,0.65,0.1252,10.2362,0.4906
1,2,sample 1 replicate 2,15,6.35,0.7,0.1294,11.0236,0.5071
1,2,sample 1 replicate 2,16,6.35,0.75,0.1336,11.811,0.5235
1,2,sample 1 replicate 2,17,6.35,0.8,0.1315,12.5984,0.5153
1,2,sample 1 replicate 2,18,6.35,0.85,0.144,13.3858,0.5643
1,2,sample 1 replicate 2,19,6.35,0.9,0.144,14.1732,0.5643
1,2,sample 1 replicate 2,20,6.35,0.95,0.1524,14.9606,0.5972
1,2,sample 1 replicate 2,21,6.35,1.0,0.1607,15.748,0.6297
1,2,sample 1 replicate 2,22,6.35,1.05,0.1628,16.5354,0.6379
1,2,sample 1 replicate 2,23,6.35,1.1,0.167,17.3228,0.6544
1,2,sample 1 replicate 2,24,6.35,1.15,0.167,18.1102,0.6544
1,2,sample 1 replicate 2,25,6.35,1.2,0.1795,18.8976,0.7034
1,2,sample 1 replicate 2,26,6.35,1.25,0.1857,19.685,0.7277
1,2,sample 1 replicate 2,27,6.35,1.3,0.1878,20.4724,0.7359
1,2,sample 1 replicate 2,28,6.35,1.35,0.1962,21.2598,0.7688
1,2,sample 1 replicate 2,29,6.35,1.4,0.2004,22.0472,0.7853
1,2,sample 1 replicate 2,30,6.35,1.45,0.1503,22.8346,0.5889
1,2,sample 1 replicate 2,31,6.35,1.5,0.1482,23.622,0.5807
1,2,sample 1 replicate 2,32,6.35,1.55,0.1461,24.4094,0.5725
1,2,sample 1 replicate 2,33,6.35,1.6,0.1503,25.1969,0.5889
1,2,sample 1 replicate 2,34,6.35,1.65,0.1691,25.9843,0.6626
1,2,sample 1 replicate 2,35,6.35,1.7,0.1711,26.7717,0.6705
1,2,sample 1 replicate 2,36,6.35,1.75,0.1857,27.5591,0.7277
1,2,sample 1 replicate 2,37,6.35,1.8,0.1962,28.3465,0.7688
1,2,sample 1 replicate 2,38,6.35,1.85,0.2024,29.1339,0.7931
1,2,sample 1 replicate 2,39,6.35,1.9,0.2087,29.9213,0.8178
1,2,sample 1 replicate 2,40,6.35,1.95,0.2087,30.7087,0.8178
1,2,sample 1 replicate 2,41,6.35,2.0,0.2212,31.4961,0.8668
1,2,sample 1 replicate 2,42,6.35,2.05,0.2045,32.2835,0.8013
1,2,sample 1 replicate 2,43,6.35,2.1,0.2004,33.0709,0.7853
1,2,sample 1 replicate 2,44,6.35,2.15,0.2004,33.8583,0.7853
1,2,sample 1 replicate 2,45,6.35,2.2,0.2087,34.6457,0.8178
1,2,sample 1 replicate 2,46,6.35,2.25,0.2129,35.4331,0.8342
1,2,sample 1 replicate 2,47,6.35,2.3,0.215,36.2205,0.8425
1,2,sample 1 replicate 2,48,6.35,2.35,0.2233,37.0079,0.875
1,2,sample 1 replicate 2,49,6.35,2.4,0.2358,37.7953,0.924
1,2,sample 1 replicate 2,50,6.35,2.45,0.2463,38.5827,0.9651
1,2,sample 1 replicate 2,51,6.35,2.5,0.3381,39.3701,1.3248
1,2,sample 1 replicate 2,52,6.35,2.55,0.4049,40.1575,1.5866
1,2,sample 1 replicate 2,53,6.35,2.6,0.4675,40.9449,1.8319
1,2,sample 1 replicate 2,54,6.35,2.65,0.5259,41.7323,2.0607
1,2,sample 1 replicate 2,55,6.35,2.7,0.6094,42.5197,2.3879
1,2,sample 1 replicate 2,56,6.35,2.75,0.6553,43.3071,2.5678
1,2,sample 1 replicate 2,57,6.35,2.8,0.7284,44.0945,2.8542
1,2,sample 1 replicate 2,58,6.35,2.85,0.7868,44.8819,3.0831
1,2,sample 1 replicate 2,59,6.35,2.9,0.8411,45.6693,3.2958
1,2,sample 1 replicate 2,60,6.35,2.95,0.8974,46.4567,3.5165
1,2,sample 1 replicate 2,61,6.35,3.0,0.9225,47.2441,3.6148
1,2,sample 1 replicate 2,62,6.35,3.05,0.7868,48.0315,3.0831
1,2,sample 1 replicate 2,63,6.35,3.1,0.3464,48.8189,1.3574
2,2,sample 2 replicate 2,1,7.85,0.0,-0.0063,0.0,-0.0247
2,2,sample 2 replicate 2,2,7.85,0.05,0.0104,0.6369,0.0408
2,2,sample 2 replicate 2,3,7.85,0.1,0.0376,1.2739,0.1473
2,2,sample 2 replicate 2,4,7.85,0.15,0.0584,1.9108,0.2288
2,2,sample 2 replicate 2,5,7.85,0.2,0.0835,2.5478,0.3272
2,2,sample 2 replicate 2,6,7.85,0.25,0.0918,3.1847,0.3597
2,2,sample 2 replicate 2,7,7.85,0.3,0.1106,3.8217,0.4334
2,2,sample 2 replicate 2,8,7.85,0.35,0.1252,4.4586,0.4906
2,2,sample 2 replicate 2,9,7.85,0.4,0.1169,5.0955,0.4581
2,2,sample 2 replicate 2,10,7.85,0.45,0.121,5.7325,0.4741
2,2,sample 2 replicate 2,11,7.85,0.5,0.1231,6.3694,0.4824
2,2,sample 2 replicate 2,12,7.85,0.55,0.1252,7.0064,0.4906
2,2,sample 2 replicate 2,13,7.85,0.6,0.1294,7.6433,0.5071
2,2,sample 2 replicate 2,14,7.85,0.65,0.1294,8.2803,0.5071
2,2,sample 2 replicate 2,15,7.85,0.7,0.1294,8.9172,0.5071
2,2,sample 2 replicate 2,16,7.85,0.75,0.1336,9.5541,0.5235
2,2,sample 2 replicate 2,17,7.85,0.8,0.1357,10.1911,0.5317
2,2,sample 2 replicate 2,18,7.85,0.85,0.144,10.828,0.5643
2,2,sample 2 replicate 2,19,7.85,0.9,0.1586,11.465,0.6215
2,2,sample 2 replicate 2,20,7.85,0.95,0.1607,12.1019,0.6297
2,2,sample 2 replicate 2,21,7.85,1.0,0.1628,12.7389,0.6379
2,2,sample 2 replicate 2,22,7.85,1.05,0.167,13.3758,0.6544
2,2,sample 2 replicate 2,23,7.85,1.1,0.1273,14.0127,0.4988
2,2,sample 2 replicate 2,24,7.85,1.15,0.1315,14.6497,0.5153
2,2,sample 2 replicate 2,25,7.85,1.2,0.1357,15.2866,0.5317
2,2,sample 2 replicate 2,26,7.85,1.25,0.144,15.9236,0.5643
2,2,sample 2 replicate 2,27,7.85,1.3,0.144,16.5605,0.5643
2,2,sample 2 replicate 2,28,7.85,1.35,0.1482,17.1975,0.5807
2,2,sample 2 replicate 2,29,7.85,1.4,0.1565,17.8344,0.6132
2,2,sample 2 replicate 2,30,7.85,1.45,0.1649,18.4713,0.6462
2,2,sample 2 replicate 2,31,7.85,1.5,0.1649,19.1083,0.6462
2,2,sample 2 replicate 2,32,7.85,1.55,0.1857,19.7452,0.7277
2,2,sample 2 replicate 2,33,7.85,1.6,0.1899,20.3822,0.7441
2,2,sample 2 replicate 2,34,7.85,1.65,0.1899,21.0191,0.7441
2,2,sample 2 replicate 2,35,7.85,1.7,0.1878,21.6561,0.7359
2,2,sample 2 replicate 2,36,7.85,1.75,0.1983,22.293,0.777
2,2,sample 2 replicate 2,37,7.85,1.8,0.2066,22.9299,0.8096
2,2,sample 2 replicate 2,38,7.85,1.85,0.2087,23.5669,0.8178
2,2,sample 2 replicate 2,39,7.85,1.9,0.2108,24.2038,0.826
2,2,sample 2 replicate 2,40,7.85,1.95,0.215,24.8408,0.8425
2,2,sample 2 replicate 2,41,7.85,2.0,0.217,25.4777,0.8503
2,2,sample 2 replicate 2,42,7.85,2.05,0.2212,26.1146,0.8668
2,2,sample 2 replicate 2,43,7.85,2.1,0.2275,26.7516,0.8915
2,2,sample 2 replicate 2,44,7.85,2.15,0.2254,27.3885,0.8832
2,2,sample 2 replicate 2,45,7.85,2.2,0.2317,28.0255,0.9079
2,2,sample 2 replicate 2,46,7.85,2.25,0.24,28.6624,0.9404
2,2,sample 2 replicate 2,47,7.85,2.3,0.2421,29.2994,0.9487
2,2,sample 2 replicate 2,48,7.85,2.35,0.2421,29.9363,0.9487
2,2,sample 2 replicate 2,49,7.85,2.4,0.2442,30.5732,0.9569
2,2,sample 2 replicate 2,50,7.85,2.45,0.2463,31.2102,0.9651
2,2,sample 2 replicate 2,51,7.85,2.5,0.2525,31.8471,0.9894
2,2,sample 2 replicate 2,52,7.85,2.55,0.2567,32.4841,1.0059
2,2,sample 2 replicate 2,53,7.85,2.6,0.2609,33.121,1.0223
2,2,sample 2 replicate 2,54,7.85,2.65,0.2651,33.758,1.0388
2,2,sample 2 replicate 2,55,7.85,2.7,0.3903,34.3949,1.5294
2,2,sample 2 replicate 2,56,7.85,2.75,0.4612,35.0318,1.8072
2,2,sample 2 replicate 2,57,7.85,2.8,0.5071,35.6688,1.9871
2,2,sample 2 replicate 2,58,7.85,2.85,0.5447,36.3057,2.1344
2,2,sample 2 replicate 2,59,7.85,2.9,0.6073,36.9427,2.3797
2,2,sample 2 replicate 2,60,7.85,2.95,0.6595,37.5796,2.5842
2,2,sample 2 replicate 2,61,7.85,3.0,0.7367,38.2166,2.8868
2,2,sample 2 replicate 2,62,7.85,3.05,0.7952,38.8535,3.116
2,2,sample 2 replicate 2,63,7.85,3.1,0.8327,39.4904,3.2629
2,2,sample 2 replicate 2,64,7.85,3.15,0.8599,40.1274,3.3695
2,2,sample 2 replicate 2,65,7.85,3.2,0.7868,40.7643,3.0831
2,2,sample 2 replicate 2,66,7.85,3.25,0.6699,41.4013,2.625
2,2,sample 2 replicate 2,67,7.85,3.3,0.3694,42.0382,1.4475
3,2,sample 3 replicate 2,1,8.35,0.0,0.0,0.0,0.0
3,2,sample 3 replicate 2,2,8.35,0.05,0.0167,0.5988,0.0654
3,2,sample 3 replicate 2,3,8.35,0.1,0.0501,1.1976,0.1963
3,2,sample 3 replicate 2,4,8.35,0.15,0.0751,1.7964,0.2943
3,2,sample 3 replicate 2,5,8.35,0.2,0.1002,2.3952,0.3926
3,2,sample 3 replicate 2,6,8.35,0.25,0.1044,2.994,0.4091
3,2,sample 3 replicate 2,7,8.35,0.3,0.1148,3.5928,0.4498
3,2,sample 3 replicate 2,8,8.35,0.35,0.119,4.1916,0.4663
3,2,sample 3 replicate 2,9,8.35,0.4,0.119,4.7904,0.4663
3,2,sample 3 replicate 2,10,8.35,0.45,0.1273,5.3892,0.4988
3,2,sample 3 replicate 2,11,8.35,0.5,0.1294,5.988,0.5071
3,2,sample 3 replicate 2,12,8.35,0.55,0.1357,6.5868,0.5317
3,2,sample 3 replicate 2,13,8.35,0.6,0.1419,7.1856,0.556
3,2,sample 3 replicate 2,14,8.35,0.65,0.1419,7.7844,0.556
3,2,sample 3 replicate 2,15,8.35,0.7,0.1273,8.3832,0.4988
3,2,sample 3 replicate 2,16,8.35,0.75,0.1273,8.982,0.4988
3,2,sample 3 replicate 2,17,8.35,0.8,0.1315,9.5808,0.5153
3,2,sample 3 replicate 2,18,8.35,0.85,0.1377,10.1796,0.5396
3,2,sample 3 replicate 2,19,8.35,0.9,0.144,10.7784,0.5643
3,2,sample 3 replicate 2,20,8.35,0.95,0.1419,11.3772,0.556
3,2,sample 3 replicate 2,21,8.35,1.0,0.1544,11.976,0.605
3,2,sample 3 replicate 2,22,8.35,1.05,0.1628,12.5749,0.6379
3,2,sample 3 replicate 2,23,8.35,1.1,0.1711,13.1737,0.6705
3,2,sample 3 replicate 2,24,8.35,1.15,0.1816,13.7725,0.7116
3,2,sample 3 replicate 2,25,8.35,1.2,0.1878,14.3713,0.7359
3,2,sample 3 replicate 2,26,8.35,1.25,0.1899,14.9701,0.7441
3,2,sample 3 replicate 2,27,8.35,1.3,0.1899,15.5689,0.7441
3,2,sample 3 replicate 2,28,8.35,1.35,0.2024,16.1677,0.7931
3,2,sample 3 replicate 2,29,8.35,1.4,0.2024,16.7665,0.7931
3,2,sample 3 replicate 2,30,8.35,1.45,0.2004,17.3653,0.7853
3,2,sample 3 replicate 2,31,8.35,1.5,0.2087,17.9641,0.8178
3,2,sample 3 replicate 2,32,8.35,1.55,0.2108,18.5629,0.826
3,2,sample 3 replicate 2,33,8.35,1.6,0.2108,19.1617,0.826
3,2,sample 3 replicate 2,34,8.35,1.65,0.217,19.7605,0.8503
3,2,sample 3 replicate 2,35,8.35,1.7,0.2275,20.3593,0.8915
3,2,sample 3 replicate 2,36,8.35,1.75,0.2275,20.9581,0.8915
3,2,sample 3 replicate 2,37,8.35,1.8,0.2254,21.5569,0.8832
3,2,sample 3 replicate 2,38,8.35,1.85,0.2296,22.1557,0.8997
3,2,sample 3 replicate 2,39,8.35,1.9,0.2317,22.7545,0.9079
3,2,sample 3 replicate 2,40,8.35,1.95,0.2358,23.3533,0.924
3,2,sample 3 replicate 2,41,8.35,2.0,0.2358,23.9521,0.924
3,2,sample 3 replicate 2,42,8.35,2.05,0.2379,24.5509,0.9322
3,2,sample 3 replicate 2,43,8.35,2.1,0.2463,25.1497,0.9651
3,2,sample 3 replicate 2,44,8.35,2.15,0.2484,25.7485,0.9734
3,2,sample 3 replicate 2,45,8.35,2.2,0.2525,26.3473,0.9894
3,2,sample 3 replicate 2,46,8.35,2.25,0.2588,26.9461,1.0141
3,2,sample 3 replicate 2,47,8.35,2.3,0.2588,27.5449,1.0141
3,2,sample 3 replicate 2,48,8.35,2.35,0.2671,28.1437,1.0466
3,2,sample 3 replicate 2,49,8.35,2.4,0.2651,28.7425,1.0388
3,2,sample 3 replicate 2,50,8.35,2.45,0.2713,29.3413,1.0631
3,2,sample 3 replicate 2,51,8.35,2.5,0.2734,29.9401,1.0713
3,2,sample 3 replicate 2,52,8.35,2.55,0.2755,30.5389,1.0795
3,2,sample 3 replicate 2,53,8.35,2.6,0.2838,31.1377,1.1121
3,2,sample 3 replicate 2,54,8.35,2.65,0.3026,31.7365,1.1857
3,2,sample 3 replicate 2,55,8.35,2.7,0.3715,32.3353,1.4557
3,2,sample 3 replicate 2,56,8.35,2.75,0.4466,32.9341,1.75
3,2,sample 3 replicate 2,57,8.35,2.8,0.5134,33.5329,2.0118
3,2,sample 3 replicate 2,58,8.35,2.85,0.5698,34.1317,2.2328
3,2,sample 3 replicate 2,59,8.35,2.9,0.6011,34.7305,2.3554
3,2,sample 3 replicate 2,60,8.35,2.95,0.6386,35.3293,2.5024
3,2,sample 3 replicate 2,61,8.35,3.0,0.6491,35.9281,2.5435
3,2,sample 3 replicate 2,62,8.35,3.05,0.6365,36.5269,2.4941
3,2,sample 3 replicate 2,63,8.35,3.1,0.6031,37.1257,2.3632
3,2,sample 3 replicate 2,64,8.35,3.15,0.5906,37.7246,2.3143
3,2,sample 3 replicate 2,65,8.35,3.2,0.5885,38.3234,2.306
3,2,sample 3 replicate 2,66,8.35,3.25,0.5385,38.9222,2.1101
3,2,sample 3 replicate 2,67,8.35,3.3,0.3611,39.521,1.415
3,2,sample 3 replicate 2,68,8.35,3.35,0.3444,40.1198,1.3495
3,2,sample 3 replicate 2,69,8.35,3.4,0.3381,40.7186,1.3248
3,2,sample 3 replicate 2,70,8.35,3.45,0.3339,41.3174,1.3084
3,2,sample 3 replicate 2,71,8.35,3.5,0.3298,41.9162,1.2923
3,2,sample 3 replicate 2,72,8.35,3.55,0.3277,42.515,1.2841
3,2,sample 3 replicate 2,73,8.35,3.6,0.336,43.1138,1.3166
3,2,sample 3 replicate 2,74,8.35,3.65,0.3423,43.7126,1.3413
3,2,sample 3 replicate 2,75,8.35,3.7,0.3423,44.3114,1.3413
3,2,sample 3 replicate 2,76,8.35,3.75,0.3423,44.9102,1.3413
3,2,sample 3 replicate 2,77,8.35,3.8,0.3444,45.509,1.3495
3,2,sample 3 replicate 2,78,8.35,3.85,0.3569,46.1078,1.3985
3,2,sample 3 replicate 2,79,8.35,3.9,0.359,46.7066,1.4067
3,2,sample 3 replicate 2,80,8.35,3.95,0.3673,47.3054,1.4393
3,2,sample 3 replicate 2,81,8.35,4.0,0.3631,47.9042,1.4228
3,2,sample 3 replicate 2,82,8.35,4.05,0.3715,48.503,1.4557
3,2,sample 3 replicate 2,83,8.35,4.1,0.3736,49.1018,1.4639
3,2,sample 3 replicate 2,84,8.35,4.15,0.3778,49.7006,1.4804
3,2,sample 3 replicate 2,85,8.35,4.2,0.3757,50.2994,1.4722
3,2,sample 3 replicate 2,86,8.35,4.25,0.3757,50.8982,1.4722
3,2,sample 3 replicate 2,87,8.35,4.3,0.3798,51.497,1.4882
3,2,sample 3 replicate 2,88,8.35,4.35,0.3861,52.0958,1.5129
3,2,sample 3 replicate 2,89,8.35,4.4,0.3882,52.6946,1.5212
3,2,sample 3 replicate 2,90,8.35,4.45,0.3861,53.2934,1.5129
3,2,sample 3 replicate 2,91,8.35,4.5,0.3861,53.8922,1.5129
3,2,sample 3 replicate 2,92,8.35,4.55,0.3903,54.491,1.5294
3,2,sample 3 replicate 2,93,8.35,4.6,0.3882,55.0898,1.5212
3,2,sample 3 replicate 2,94,8.35,4.65,0.3965,55.6886,1.5537
3,2,sample 3 replicate 2,95,8.35,4.7,0.4007,56.2874,1.5701
3,2,sample 3 replicate 2,96,8.35,4.75,0.4049,56.8862,1.5866
3,2,sample 3 replicate 2,97,8.35,4.8,0.4132,57.485,1.6191
3,2,sample 3 replicate 2,98,8.35,4.85,0.4216,58.0838,1.652
3,2,sample 3 replicate 2,99,8.35,4.9,0.4299,58.6826,1.6846
3,2,sample 3 replicate 2,100,8.35,4.95,0.4383,59.2814,1.7175
3,2,sample 3 replicate 2,101,8.35,5.0,0.4383,59.8802,1.7175
3,2,sample 3 replicate 2,102,8.35,5.05,0.4466,60.479,1.75
3,2,sample 3 replicate 2,103,8.35,5.1,0.4529,61.0778,1.7747
3,2,sample 3 replicate 2,104,8.35,5.15,0.4571,61.6766,1.7911
3,2,sample 3 replicate 2,105,8.35,5.2,0.4612,62.2754,1.8072
3,2,sample 3 replicate 2,106,8.35,5.25,0.4675,62.8743,1.8319
3,2,sample 3 replicate 2,107,8.35,5.3,0.4675,63.4731,1.8319
3,2,sample 3 replicate 2,108,8.35,5.35,0.4758,64.0719,1.8644
3,2,sample 3 replicate 2,109,8.35,5.4,0.4821,64.6707,1.8891
3,2,sample 3 replicate 2,110,8.35,5.45,0.4967,65.2695,1.9463
3,2,sample 3 replicate 2,111,8.35,5.5,0.4967,65.8683,1.9463
3,2,sample 3 replicate 2,112,8.35,5.55,0.5092,66.4671,1.9953
3,2,sample 3 replicate 2,113,8.35,5.6,0.5134,67.0659,2.0118
3,2,sample 3 replicate 2,114,8.35,5.65,0.5238,67.6647,2.0525
3,2,sample 3 replicate 2,115,8.35,5.7,0.5238,68.2635,2.0525
3,2,sample 3 replicate 2,116,8.35,5.75,0.5322,68.8623,2.0854
3,2,sample 3 replicate 2,117,8.35,5.8,0.5405,69.4611,2.1179
3,2,sample 3 replicate 2,118,8.35,5.85,0.551,70.0599,2.1591
3,2,sample 3 replicate 2,119,8.35,5.9,0.5739,70.6587,2.2488
3,2,sample 3 replicate 2,120,8.35,5.95,0.576,71.2575,2.2571
3,2,sample 3 replicate 2,121,8.35,6.0,0.5906,71.8563,2.3143
3,2,sample 3 replicate 2,122,8.35,6.05,0.5927,72.4551,2.3225
3,2,sample 3 replicate 2,123,8.35,6.1,0.599,73.0539,2.3472
3,2,sample 3 replicate 2,124,8.35,6.15,0.6073,73.6527,2.3797
3,2,sample 3 replicate 2,125,8.35,6.2,0.6198,74.2515,2.4287
3,2,sample 3 replicate 2,126,8.35,6.25,0.6261,74.8503,2.4534
3,2,sample 3 replicate 2,127,8.35,6.3,0.6365,75.4491,2.4941
3,2,sample 3 replicate 2,128,8.35,6.35,0.6449,76.0479,2.527
3,2,sample 3 replicate 2,129,8.35,6.4,0.6512,76.6467,2.5517
3,2,sample 3 replicate 2,130,8.35,6.45,0.6574,77.2455,2.576
3,2,sample 3 replicate 2,131,8.35,6.5,0.6595,77.8443,2.5842
3,2,sample 3 replicate 2,132,8.35,6.55,0.7012,78.4431,2.7476
3,2,sample 3 replicate 2,133,8.35,6.6,0.7492,79.0419,2.9357
3,2,sample 3 replicate 2,134,8.35,6.65,0.7826,79.6407,3.0666
3,2,sample 3 replicate 2,135,8.35,6.7,0.791,80.2395,3.0995
3,2,sample 3 replicate 2,136,8.35,6.75,0.7972,80.8383,3.1238
3,2,sample 3 replicate 2,137,8.35,6.8,0.8285,81.4371,3.2465
3,2,sample 3 replicate 2,138,8.35,6.85,0.8557,82.0359,3.3531
3,2,sample 3 replicate 2,139,8.35,6.9,0.8703,82.6347,3.4103
3,2,sample 3 replicate 2,140,8.35,6.95,0.8849,83.2335,3.4675
3,2,sample 3 replicate 2,141,8.35,7.0,0.912,83.8323,3.5737
3,2,sample 3 replicate 2,142,8.35,7.05,0.9246,84.4311,3.623
3,2,sample 3 replicate 2,143,8.35,7.1,0.6658,85.0299,2.6089
3,2,sample 3 replicate 2,144,8.35,7.15,0.5844,85.6287,2.29
3,2,sample 3 replicate 2,145,8.35,7.2,0.7638,86.2275,2.9929
3,2,sample 3 replicate 2,146,8.35,7.25,0.887,86.8263,3.4757
3,2,sample 3 replicate 2,147,8.35,7.3,0.9746,87.4251,3.819
3,2,sample 3 replicate 2,148,8.35,7.35,0.935,88.024,3.6638
3,2,sample 3 replicate 2,149,8.35,7.4,0.4988,88.6228,1.9545
1,3,sample 1 replicate 3,1,6.799999999999999,0.0,0.0,0.0,0.0
1,3,sample 1 replicate 3,2,6.799999999999999,0.05,0.0063,0.7353,0.0247
1,3,sample 1 replicate 3,3,6.799999999999999,0.1,0.0417,1.4706,0.1634
1,3,sample 1 replicate 3,4,6.799999999999999,0.15,0.0897,2.2059,0.3515
1,3,sample 1 replicate 3,5,6.799999999999999,0.2,0.1231,2.9412,0.4824
1,3,sample 1 replicate 3,6,6.799999999999999,0.25,0.1524,3.6765,0.5972
1,3,sample 1 replicate 3,7,6.799999999999999,0.3,0.2024,4.4118,0.7931
1,3,sample 1 replicate 3,8,6.799999999999999,0.35,0.2379,5.1471,0.9322
1,3,sample 1 replicate 3,9,6.799999999999999,0.4,0.2588,5.8824,1.0141
1,3,sample 1 replicate 3,10,6.799999999999999,0.45,0.2692,6.6176,1.0549
1,3,sample 1 replicate 3,11,6.799999999999999,0.5,0.2901,7.3529,1.1368
1,3,sample 1 replicate 3,12,6.799999999999999,0.55,0.3172,8.0882,1.2429
1,3,sample 1 replicate 3,13,6.799999999999999,0.6,0.3193,8.8235,1.2512
1,3,sample 1 replicate 3,14,6.799999999999999,0.65,0.3256,9.5588,1.2759
1,3,sample 1 replicate 3,15,6.799999999999999,0.7,0.336,10.2941,1.3166
1,3,sample 1 replicate 3,16,6.799999999999999,0.75,0.3402,11.0294,1.3331
1,3,sample 1 replicate 3,17,6.799999999999999,0.8,0.3506,11.7647,1.3738
1,3,sample 1 replicate 3,18,6.799999999999999,0.85,0.3673,12.5,1.4393
1,3,sample 1 replicate 3,19,6.799999999999999,0.9,0.3757,13.2353,1.4722
1,3,sample 1 replicate 3,20,6.799999999999999,0.95,0.384,13.9706,1.5047
1,3,sample 1 replicate 3,21,6.799999999999999,1.0,0.3903,14.7059,1.5294
1,3,sample 1 replicate 3,22,6.799999999999999,1.05,0.3965,15.4412,1.5537
1,3,sample 1 replicate 3,23,6.799999999999999,1.1,0.4132,16.1765,1.6191
1,3,sample 1 replicate 3,24,6.799999999999999,1.15,0.4341,16.9118,1.701
1,3,sample 1 replicate 3,25,6.799999999999999,1.2,0.4529,17.6471,1.7747
1,3,sample 1 replicate 3,26,6.799999999999999,1.25,0.455,18.3824,1.7829
1,3,sample 1 replicate 3,27,6.799999999999999,1.3,0.4633,19.1176,1.8154
1,3,sample 1 replicate 3,28,6.799999999999999,1.35,0.4696,19.8529,1.8401
1,3,sample 1 replicate 3,29,6.799999999999999,1.4,0.4738,20.5882,1.8566
1,3,sample 1 replicate 3,30,6.799999999999999,1.45,0.4842,21.3235,1.8973
1,3,sample 1 replicate 3,31,6.799999999999999,1.5,0.503,22.0588,1.971
1,3,sample 1 replicate 3,32,6.799999999999999,1.55,0.5113,22.7941,2.0035
1,3,sample 1 replicate 3,33,6.799999999999999,1.6,0.5134,23.5294,2.0118
1,3,sample 1 replicate 3,34,6.799999999999999,1.65,0.5218,24.2647,2.0447
1,3,sample 1 replicate 3,35,6.799999999999999,1.7,0.5218,25.0,2.0447
1,3,sample 1 replicate 3,36,6.799999999999999,1.75,0.528,25.7353,2.069
1,3,sample 1 replicate 3,37,6.799999999999999,1.8,0.5322,26.4706,2.0854
1,3,sample 1 replicate 3,38,6.799999999999999,1.85,0.5343,27.2059,2.0937
1,3,sample 1 replicate 3,39,6.799999999999999,1.9,0.551,27.9412,2.1591
1,3,sample 1 replicate 3,40,6.799999999999999,1.95,0.5489,28.6765,2.1509
1,3,sample 1 replicate 3,41,6.799999999999999,2.0,0.5593,29.4118,2.1916
1,3,sample 1 replicate 3,42,6.799999999999999,2.05,0.5802,30.1471,2.2735
1,3,sample 1 replicate 3,43,6.799999999999999,2.1,0.5948,30.8824,2.3307
1,3,sample 1 replicate 3,44,6.799999999999999,2.15,0.6052,31.6176,2.3715
1,3,sample 1 replicate 3,45,6.799999999999999,2.2,0.6136,32.3529,2.4044
1,3,sample 1 replicate 3,46,6.799999999999999,2.25,0.6386,33.0882,2.5024
1,3,sample 1 replicate 3,47,6.799999999999999,2.3,0.647,33.8235,2.5353
1,3,sample 1 replicate 3,48,6.799999999999999,2.35,0.6532,34.5588,2.5596
1,3,sample 1 replicate 3,49,6.799999999999999,2.4,0.6553,35.2941,2.5678
1,3,sample 1 replicate 3,50,6.799999999999999,2.45,0.6637,36.0294,2.6007
1,3,sample 1 replicate 3,51,6.799999999999999,2.5,0.6762,36.7647,2.6497
1,3,sample 1 replicate 3,52,6.799999999999999,2.55,0.6783,37.5,2.6579
1,3,sample 1 replicate 3,53,6.799999999999999,2.6,0.6992,38.2353,2.7398
1,3,sample 1 replicate 3,54,6.799999999999999,2.65,0.7096,38.9706,2.7806
1,3,sample 1 replicate 3,55,6.799999999999999,2.7,0.7305,39.7059,2.8625
1,3,sample 1 replicate 3,56,6.799999999999999,2.75,0.7722,40.4412,3.0259
1,3,sample 1 replicate 3,57,6.799999999999999,2.8,0.8786,41.1765,3.4428
1,3,sample 1 replicate 3,58,6.799999999999999,2.85,1.1207,41.9118,4.3915
1,3,sample 1 replicate 3,59,6.799999999999999,2.9,1.3378,42.6471,5.2422
1,3,sample 1 replicate 3,60,6.799999999999999,2.95,1.5193,43.3824,5.9534
1,3,sample 1 replicate 3,61,6.799999999999999,3.0,1.6717,44.1176,6.5505
1,3,sample 1 replicate 3,62,6.799999999999999,3.05,1.8199,44.8529,7.1313
1,3,sample 1 replicate 3,63,6.799999999999999,3.1,1.9681,45.5882,7.712
1,3,sample 1 replicate 3,64,6.799999999999999,3.15,2.1016,46.3235,8.2351
1,3,sample 1 replicate 3,65,6.799999999999999,3.2,2.2498,47.0588,8.8158
1,3,sample 1 replicate 3,66,6.799999999999999,3.25,2.4022,47.7941,9.413
1,3,sample 1 replicate 3,67,6.799999999999999,3.3,2.5086,48.5294,9.8299
1,3,sample 1 replicate 3,68,6.799999999999999,3.35,2.5441,49.2647,9.969
1,3,sample 1 replicate 3,69,6.799999999999999,3.4,2.3875,50.0,9.3554
1,3,sample 1 replicate 3,70,6.799999999999999,3.45,2.0745,50.7353,8.1289
1,3,sample 1 replicate 3,71,6.799999999999999,3.5,1.2919,51.4706,5.0623
2,3,sample 2 replicate 3,1,6.799999999999999,0.0,0.0,0.0,0.0
2,3,sample 2 replicate 3,2,6.799999999999999,0.05,0.0083,0.7353,0.0325
2,3,sample 2 replicate 3,3,6.799999999999999,0.1,0.0292,1.4706,0.1144
2,3,sample 2 replicate 3,4,6.799999999999999,0.15,0.0605,2.2059,0.2371
2,3,sample 2 replicate 3,5,6.799999999999999,0.2,0.1044,2.9412,0.4091
2,3,sample 2 replicate 3,6,6.799999999999999,0.25,0.1273,3.6765,0.4988
2,3,sample 2 replicate 3,7,6.799999999999999,0.3,0.167,4.4118,0.6544
2,3,sample 2 replicate 3,8,6.799999999999999,0.35,0.2129,5.1471,0.8342
2,3,sample 2 replicate 3,9,6.799999999999999,0.4,0.2337,5.8824,0.9158
2,3,sample 2 replicate 3,10,6.799999999999999,0.45,0.2588,6.6176,1.0141
2,3,sample 2 replicate 3,11,6.799999999999999,0.5,0.2713,7.3529,1.0631
2,3,sample 2 replicate 3,12,6.799999999999999,0.55,0.3068,8.0882,1.2022
2,3,sample 2 replicate 3,13,6.799999999999999,0.6,0.3235,8.8235,1.2676
2,3,sample 2 replicate 3,14,6.799999999999999,0.65,0.336,9.5588,1.3166
2,3,sample 2 replicate 3,15,6.799999999999999,0.7,0.3485,10.2941,1.3656
2,3,sample 2 replicate 3,16,6.799999999999999,0.75,0.3611,11.0294,1.415
2,3,sample 2 replicate 3,17,6.799999999999999,0.8,0.3736,11.7647,1.4639
2,3,sample 2 replicate 3,18,6.799999999999999,0.85,0.3861,12.5,1.5129
2,3,sample 2 replicate 3,19,6.799999999999999,0.9,0.3924,13.2353,1.5376
2,3,sample 2 replicate 3,20,6.799999999999999,0.95,0.4028,13.9706,1.5784
2,3,sample 2 replicate 3,21,6.799999999999999,1.0,0.4132,14.7059,1.6191
2,3,sample 2 replicate 3,22,6.799999999999999,1.05,0.4153,15.4412,1.6274
2,3,sample 2 replicate 3,23,6.799999999999999,1.1,0.4425,16.1765,1.7339
2,3,sample 2 replicate 3,24,6.799999999999999,1.15,0.4487,16.9118,1.7582
2,3,sample 2 replicate 3,25,6.799999999999999,1.2,0.4612,17.6471,1.8072
2,3,sample 2 replicate 3,26,6.799999999999999,1.25,0.4633,18.3824,1.8154
2,3,sample 2 replicate 3,27,6.799999999999999,1.3,0.4717,19.1176,1.8484
2,3,sample 2 replicate 3,28,6.799999999999999,1.35,0.4717,19.8529,1.8484
2,3,sample 2 replicate 3,29,6.799999999999999,1.4,0.4779,20.5882,1.8726
2,3,sample 2 replicate 3,30,6.799999999999999,1.45,0.4779,21.3235,1.8726
2,3,sample 2 replicate 3,31,6.799999999999999,1.5,0.4967,22.0588,1.9463
2,3,sample 2 replicate 3,32,6.799999999999999,1.55,0.503,22.7941,1.971
2,3,sample 2 replicate 3,33,6.799999999999999,1.6,0.5092,23.5294,1.9953
2,3,sample 2 replicate 3,34,6.799999999999999,1.65,0.5155,24.2647,2.02
2,3,sample 2 replicate 3,35,6.799999999999999,1.7,0.5238,25.0,2.0525
2,3,sample 2 replicate 3,36,6.799999999999999,1.75,0.528,25.7353,2.069
2,3,sample 2 replicate 3,37,6.799999999999999,1.8,0.5322,26.4706,2.0854
2,3,sample 2 replicate 3,38,6.799999999999999,1.85,0.5385,27.2059,2.1101
2,3,sample 2 replicate 3,39,6.799999999999999,1.9,0.551,27.9412,2.1591
2,3,sample 2 replicate 3,40,6.799999999999999,1.95,0.5739,28.6765,2.2488
2,3,sample 2 replicate 3,41,6.799999999999999,2.0,0.5844,29.4118,2.29
2,3,sample 2 replicate 3,42,6.799999999999999,2.05,0.5948,30.1471,2.3307
2,3,sample 2 replicate 3,43,6.799999999999999,2.1,0.6115,30.8824,2.3962
2,3,sample 2 replicate 3,44,6.799999999999999,2.15,0.6282,31.6176,2.4616
2,3,sample 2 replicate 3,45,6.799999999999999,2.2,0.6449,32.3529,2.527
2,3,sample 2 replicate 3,46,6.799999999999999,2.25,0.6428,33.0882,2.5188
2,3,sample 2 replicate 3,47,6.799999999999999,2.3,0.647,33.8235,2.5353
2,3,sample 2 replicate 3,48,6.799999999999999,2.35,0.6532,34.5588,2.5596
2,3,sample 2 replicate 3,49,6.799999999999999,2.4,0.6616,35.2941,2.5925
2,3,sample 2 replicate 3,50,6.799999999999999,2.45,0.6762,36.0294,2.6497
2,3,sample 2 replicate 3,51,6.799999999999999,2.5,0.6887,36.7647,2.6987
2,3,sample 2 replicate 3,52,6.799999999999999,2.55,0.7242,37.5,2.8378
2,3,sample 2 replicate 3,53,6.799999999999999,2.6,0.743,38.2353,2.9114
2,3,sample 2 replicate 3,54,6.799999999999999,2.65,0.7805,38.9706,3.0584
2,3,sample 2 replicate 3,55,6.799999999999999,2.7,0.8035,39.7059,3.1485
2,3,sample 2 replicate 3,56,6.799999999999999,2.75,1.1019,40.4412,4.3178
2,3,sample 2 replicate 3,57,6.799999999999999,2.8,1.2752,41.1765,4.9969
2,3,sample 2 replicate 3,58,6.799999999999999,2.85,1.4567,41.9118,5.7081
2,3,sample 2 replicate 3,59,6.799999999999999,2.9,1.5903,42.6471,6.2316
2,3,sample 2 replicate 3,60,6.799999999999999,2.95,1.6988,43.3824,6.6567
2,3,sample 2 replicate 3,61,6.799999999999999,3.0,1.8261,44.1176,7.1556
2,3,sample 2 replicate 3,62,6.799999999999999,3.05,1.9305,44.8529,7.5647
2,3,sample 2 replicate 3,63,6.799999999999999,3.1,2.0494,45.5882,8.0306
2,3,sample 2 replicate 3,64,6.799999999999999,3.15,2.0348,46.3235,7.9734
2,3,sample 2 replicate 3,65,6.799999999999999,3.2,1.9764,47.0588,7.7445
2,3,sample 2 replicate 3,66,6.799999999999999,3.25,1.9242,47.7941,7.54
2,3,sample 2 replicate 3,67,6.799999999999999,3.3,1.0602,48.5294,4.1544
3,3,sample 3 replicate 3,1,9.299999999999999,0.0,0.0042,0.0,0.0165
3,3,sample 3 replicate 3,2,9.299999999999999,0.05,0.0584,0.5376,0.2288
3,3,sample 3 replicate 3,3,9.299999999999999,0.1,0.1044,1.0753,0.4091
3,3,sample 3 replicate 3,4,9.299999999999999,0.15,0.1357,1.6129,0.5317
3,3,sample 3 replicate 3,5,9.299999999999999,0.2,0.1899,2.1505,0.7441
3,3,sample 3 replicate 3,6,9.299999999999999,0.25,0.2317,2.6882,0.9079
3,3,sample 3 replicate 3,7,9.299999999999999,0.3,0.2567,3.2258,1.0059
3,3,sample 3 replicate 3,8,9.299999999999999,0.35,0.2943,3.7634,1.1532
3,3,sample 3 replicate 3,9,9.299999999999999,0.4,0.3339,4.3011,1.3084
3,3,sample 3 replicate 3,10,9.299999999999999,0.45,0.3548,4.8387,1.3903
3,3,sample 3 replicate 3,11,9.299999999999999,0.5,0.359,5.3763,1.4067
3,3,sample 3 replicate 3,12,9.299999999999999,0.55,0.3715,5.914,1.4557
3,3,sample 3 replicate 3,13,9.299999999999999,0.6,0.384,6.4516,1.5047
3,3,sample 3 replicate 3,14,9.299999999999999,0.65,0.3944,6.9892,1.5455
3,3,sample 3 replicate 3,15,9.299999999999999,0.7,0.3965,7.5269,1.5537
3,3,sample 3 replicate 3,16,9.299999999999999,0.75,0.3986,8.0645,1.5619
3,3,sample 3 replicate 3,17,9.299999999999999,0.8,0.4174,8.6022,1.6356
3,3,sample 3 replicate 3,18,9.299999999999999,0.85,0.432,9.1398,1.6928
3,3,sample 3 replicate 3,19,9.299999999999999,0.9,0.4487,9.6774,1.7582
3,3,sample 3 replicate 3,20,9.299999999999999,0.95,0.4571,10.2151,1.7911
3,3,sample 3 replicate 3,21,9.299999999999999,1.0,0.4654,10.7527,1.8237
3,3,sample 3 replicate 3,22,9.299999999999999,1.05,0.4738,11.2903,1.8566
3,3,sample 3 replicate 3,23,9.299999999999999,1.1,0.4863,11.828,1.9056
3,3,sample 3 replicate 3,24,9.299999999999999,1.15,0.5009,12.3656,1.9628
3,3,sample 3 replicate 3,25,9.299999999999999,1.2,0.5155,12.9032,2.02
3,3,sample 3 replicate 3,26,9.299999999999999,1.25,0.5176,13.4409,2.0282
3,3,sample 3 replicate 3,27,9.299999999999999,1.3,0.5259,13.9785,2.0607
3,3,sample 3 replicate 3,28,9.299999999999999,1.35,0.5343,14.5161,2.0937
3,3,sample 3 replicate 3,29,9.299999999999999,1.4,0.5364,15.0538,2.1019
3,3,sample 3 replicate 3,30,9.299999999999999,1.45,0.5656,15.5914,2.2163
3,3,sample 3 replicate 3,31,9.299999999999999,1.5,0.5844,16.129,2.29
3,3,sample 3 replicate 3,32,9.299999999999999,1.55,0.5969,16.6667,2.3389
3,3,sample 3 replicate 3,33,9.299999999999999,1.6,0.6094,17.2043,2.3879
3,3,sample 3 replicate 3,34,9.299999999999999,1.65,0.6345,17.7419,2.4863
3,3,sample 3 replicate 3,35,9.299999999999999,1.7,0.6407,18.2796,2.5106
3,3,sample 3 replicate 3,36,9.299999999999999,1.75,0.647,18.8172,2.5353
3,3,sample 3 replicate 3,37,9.299999999999999,1.8,0.6574,19.3548,2.576
3,3,sample 3 replicate 3,38,9.299999999999999,1.85,0.6637,19.8925,2.6007
3,3,sample 3 replicate 3,39,9.299999999999999,1.9,0.6699,20.4301,2.625
3,3,sample 3 replicate 3,40,9.299999999999999,1.95,0.6762,20.9677,2.6497
3,3,sample 3 replicate 3,41,9.299999999999999,2.0,0.6866,21.5054,2.6904
3,3,sample 3 replicate 3,42,9.299999999999999,2.05,0.7242,22.043,2.8378
3,3,sample 3 replicate 3,43,9.299999999999999,2.1,0.7388,22.5806,2.895
3,3,sample 3 replicate 3,44,9.299999999999999,2.15,0.7555,23.1183,2.9604
3,3,sample 3 replicate 3,45,9.299999999999999,2.2,0.7701,23.6559,3.0176
3,3,sample 3 replicate 3,46,9.299999999999999,2.25,0.7785,24.1935,3.0505
3,3,sample 3 replicate 3,47,9.299999999999999,2.3,0.7847,24.7312,3.0748
3,3,sample 3 replicate 3,48,9.299999999999999,2.35,0.791,25.2688,3.0995
3,3,sample 3 replicate 3,49,9.299999999999999,2.4,0.7952,25.8065,3.116
3,3,sample 3 replicate 3,50,9.299999999999999,2.45,0.8098,26.3441,3.1732
3,3,sample 3 replicate 3,51,9.299999999999999,2.5,0.8369,26.8817,3.2794
3,3,sample 3 replicate 3,52,9.299999999999999,2.55,0.8661,27.4194,3.3938
3,3,sample 3 replicate 3,53,9.299999999999999,2.6,0.8745,27.957,3.4267
3,3,sample 3 replicate 3,54,9.299999999999999,2.65,0.8953,28.4946,3.5082
3,3,sample 3 replicate 3,55,9.299999999999999,2.7,0.9141,29.0323,3.5819
3,3,sample 3 replicate 3,56,9.299999999999999,2.75,0.9204,29.5699,3.6066
3,3,sample 3 replicate 3,57,9.299999999999999,2.8,0.9371,30.1075,3.672
3,3,sample 3 replicate 3,58,9.299999999999999,2.85,0.9433,30.6452,3.6963
3,3,sample 3 replicate 3,59,9.299999999999999,2.9,0.9538,31.1828,3.7375
3,3,sample 3 replicate 3,60,9.299999999999999,2.95,0.9788,31.7204,3.8354
3,3,sample 3 replicate 3,61,9.299999999999999,3.0,0.9913,32.2581,3.8844
3,3,sample 3 replicate 3,62,9.299999999999999,3.05,1.0164,32.7957,3.9828
3,3,sample 3 replicate 3,63,9.299999999999999,3.1,1.0247,33.3333,4.0153
3,3,sample 3 replicate 3,64,9.299999999999999,3.15,1.031,33.871,4.04
3,3,sample 3 replicate 3,65,9.299999999999999,3.2,1.0477,34.4086,4.1054
3,3,sample 3 replicate 3,66,9.299999999999999,3.25,1.0602,34.9462,4.1544
3,3,sample 3 replicate 3,67,9.299999999999999,3.3,1.0602,35.4839,4.1544
3,3,sample 3 replicate 3,68,9.299999999999999,3.35,1.0748,36.0215,4.2116
3,3,sample 3 replicate 3,69,9.299999999999999,3.4,1.0853,36.5591,4.2527
3,3,sample 3 replicate 3,70,9.299999999999999,3.45,1.079,37.0968,4.2281
3,3,sample 3 replicate 3,71,9.299999999999999,3.5,1.079,37.6344,4.2281
3,3,sample 3 replicate 3,72,9.299999999999999,3.55,1.079,38.172,4.2281
3,3,sample 3 replicate 3,73,9.299999999999999,3.6,1.0686,38.7097,4.1873
3,3,sample 3 replicate 3,74,9.299999999999999,3.65,1.0539,39.2473,4.1297
3,3,sample 3 replicate 3,75,9.299999999999999,3.7,1.0498,39.7849,4.1136
3,3,sample 3 replicate 3,76,9.299999999999999,3.75,1.031,40.3226,4.04
3,3,sample 3 replicate 3,77,9.299999999999999,3.8,1.0226,40.8602,4.0071
3,3,sample 3 replicate 3,78,9.299999999999999,3.85,1.0059,41.3978,3.9416
3,3,sample 3 replicate 3,79,9.299999999999999,3.9,0.9809,41.9355,3.8437
3,3,sample 3 replicate 3,80,9.299999999999999,3.95,0.9559,42.4731,3.7457
3,3,sample 3 replicate 3,81,9.299999999999999,4.0,0.9872,43.0108,3.8683
3,3,sample 3 replicate 3,82,9.299999999999999,4.05,0.9913,43.5484,3.8844
3,3,sample 3 replicate 3,83,9.299999999999999,4.1,0.9955,44.086,3.9009
3,3,sample 3 replicate 3,84,9.299999999999999,4.15,0.9997,44.6237,3.9173
3,3,sample 3 replicate 3,85,9.299999999999999,4.2,1.0206,45.1613,3.9992
3,3,sample 3 replicate 3,86,9.299999999999999,4.25,1.0247,45.6989,4.0153
3,3,sample 3 replicate 3,87,9.299999999999999,4.3,1.0185,46.2366,3.991
3,3,sample 3 replicate 3,88,9.299999999999999,4.35,1.0352,46.7742,4.0564
3,3,sample 3 replicate 3,89,9.299999999999999,4.4,1.0519,47.3118,4.1219
3,3,sample 3 replicate 3,90,9.299999999999999,4.45,1.0686,47.8495,4.1873
3,3,sample 3 replicate 3,91,9.299999999999999,4.5,1.0873,48.3871,4.2606
3,3,sample 3 replicate 3,92,9.299999999999999,4.55,1.0936,48.9247,4.2853
3,3,sample 3 replicate 3,93,9.299999999999999,4.6,1.1061,49.4624,4.3342
3,3,sample 3 replicate 3,94,9.299999999999999,4.65,1.1186,50.0,4.3832
3,3,sample 3 replicate 3,95,9.299999999999999,4.7,1.127,50.5376,4.4161
3,3,sample 3 replicate 3,96,9.299999999999999,4.75,1.1353,51.0753,4.4487
3,3,sample 3 replicate 3,97,9.299999999999999,4.8,1.1437,51.6129,4.4816
3,3,sample 3 replicate 3,98,9.299999999999999,4.85,1.1646,52.1505,4.5635
3,3,sample 3 replicate 3,99,9.299999999999999,4.9,1.1666,52.6882,4.5713
3,3,sample 3 replicate 3,100,9.299999999999999,4.95,1.1854,53.2258,4.645
3,3,sample 3 replicate 3,101,9.299999999999999,5.0,1.1959,53.7634,4.6861
3,3,sample 3 replicate 3,102,9.299999999999999,5.05,1.2126,54.3011,4.7516
3,3,sample 3 replicate 3,103,9.299999999999999,5.1,1.223,54.8387,4.7923
3,3,sample 3 replicate 3,104,9.299999999999999,5.15,1.2313,55.3763,4.8248
3,3,sample 3 replicate 3,105,9.299999999999999,5.2,1.248,55.914,4.8903
3,3,sample 3 replicate 3,106,9.299999999999999,5.25,1.2564,56.4516,4.9232
3,3,sample 3 replicate 3,107,9.299999999999999,5.3,1.2752,56.9892,4.9969
3,3,sample 3 replicate 3,108,9.299999999999999,5.35,1.296,57.5269,5.0784
3,3,sample 3 replicate 3,109,9.299999999999999,5.4,1.319,58.0645,5.1685
3,3,sample 3 replicate 3,110,9.299999999999999,5.45,1.3294,58.6022,5.2092
3,3,sample 3 replicate 3,111,9.299999999999999,5.5,1.344,59.1398,5.2665
3,3,sample 3 replicate 3,112,9.299999999999999,5.55,1.3566,59.6774,5.3158
3,3,sample 3 replicate 3,113,9.299999999999999,5.6,1.3837,60.2151,5.422
3,3,sample 3 replicate 3,114,9.299999999999999,5.65,1.4087,60.7527,5.52
3,3,sample 3 replicate 3,115,9.299999999999999,5.7,1.4317,61.2903,5.6101
3,3,sample 3 replicate 3,116,9.299999999999999,5.75,1.463,61.828,5.7328
3,3,sample 3 replicate 3,117,9.299999999999999,5.8,1.5027,62.3656,5.8883
3,3,sample 3 replicate 3,118,9.299999999999999,5.85,1.5653,62.9032,6.1336
3,3,sample 3 replicate 3,119,9.299999999999999,5.9,1.5527,63.4409,6.0842
3,3,sample 3 replicate 3,120,9.299999999999999,5.95,1.5674,63.9785,6.1418
3,3,sample 3 replicate 3,121,9.299999999999999,6.0,1.5861,64.5161,6.2151
3,3,sample 3 replicate 3,122,9.299999999999999,6.05,1.6237,65.0538,6.3625
3,3,sample 3 replicate 3,123,9.299999999999999,6.1,1.6404,65.5914,6.4279
3,3,sample 3 replicate 3,124,9.299999999999999,6.15,1.6675,66.129,6.5341
3,3,sample 3 replicate 3,125,9.299999999999999,6.2,1.7155,66.6667,6.7222
3,3,sample 3 replicate 3,126,9.299999999999999,6.25,1.8136,67.2043,7.1066
3,3,sample 3 replicate 3,127,9.299999999999999,6.3,1.8741,67.7419,7.3437
3,3,sample 3 replicate 3,128,9.299999999999999,6.35,1.8554,68.2796,7.2704
3,3,sample 3 replicate 3,129,9.299999999999999,6.4,1.8637,68.8172,7.3029
3,3,sample 3 replicate 3,130,9.299999999999999,6.45,1.8887,69.3548,7.4009
3,3,sample 3 replicate 3,131,9.299999999999999,6.5,1.9054,69.8925,7.4663
3,3,sample 3 replicate 3,132,9.299999999999999,6.55,1.9388,70.4301,7.5972
3,3,sample 3 replicate 3,133,9.299999999999999,6.6,1.9848,70.9677,7.7774
3,3,sample 3 replicate 3,134,9.299999999999999,6.65,2.0369,71.5054,7.9816
3,3,sample 3 replicate 3,135,9.299999999999999,6.7,2.0912,72.043,8.1944
3,3,sample 3 replicate 3,136,9.299999999999999,6.75,2.1663,72.5806,8.4886
3,3,sample 3 replicate 3,137,9.299999999999999,6.8,2.2498,73.1183,8.8158
3,3,sample 3 replicate 3,138,9.299999999999999,6.85,2.3688,73.6559,9.2821
3,3,sample 3 replicate 3,139,9.299999999999999,6.9,2.1622,74.1935,8.4726
3,3,sample 3 replicate 3,140,9.299999999999999,6.95,2.0745,74.7312,8.1289
3,3,sample 3 replicate 3,141,9.299999999999999,7.0,2.0474,75.2688,8.0227
3,3,sample 3 replicate 3,142,9.299999999999999,7.05,2.0494,75.8065,8.0306
3,3,sample 3 replicate 3,143,9.299999999999999,7.1,2.0536,76.3441,8.047
3,3,sample 3 replicate 3,144,9.299999999999999,7.15,2.0599,76.8817,8.0717
3,3,sample 3 replicate 3,145,9.299999999999999,7.2,2.0828,77.4194,8.1614
3,3,sample 3 replicate 3,146,9.299999999999999,7.25,2.1079,77.957,8.2598
3,3,sample 3 replicate 3,147,9.299999999999999,7.3,2.1288,78.4946,8.3417
3,3,sample 3 replicate 3,148,9.299999999999999,7.35,2.1726,79.0323,8.5133
3,3,sample 3 replicate 3,149,9.299999999999999,7.4,2.2143,79.5699,8.6767
3,3,sample 3 replicate 3,150,9.299999999999999,7.45,2.254,80.1075,8.8323
3,3,sample 3 replicate 3,151,9.299999999999999,7.5,2.3041,80.6452,9.0286
3,3,sample 3 replicate 3,152,9.299999999999999,7.55,2.3479,81.1828,9.2002
3,3,sample 3 replicate 3,153,9.299999999999999,7.6,2.4126,81.7204,9.4538
3,3,sample 3 replicate 3,154,9.299999999999999,7.65,2.4982,82.2581,9.7892
3,3,sample 3 replicate 3,155,9.299999999999999,7.7,2.5816,82.7957,10.116
3,3,sample 3 replicate 3,156,9.299999999999999,7.75,2.7611,83.3333,10.8194
3,3,sample 3 replicate 3,157,9.299999999999999,7.8,3.1117,83.871,12.1932
3,3,sample 3 replicate 3,158,9.299999999999999,7.85,3.1243,84.4086,12.2426
3,3,sample 3 replicate 3,159,9.299999999999999,7.9,2.4543,84.9462,9.6172
3,3,sample 3 replicate 3,160,9.299999999999999,7.95,1.6613,85.4839,6.5098
3,3,sample 3 replicate 3,161,9.299999999999999,8.0,1.9409,86.0215,7.6054
3,3,sample 3 replicate 3,162,9.299999999999999,8.05,2.2081,86.5591,8.6524
3,3,sample 3 replicate 3,163,9.299999999999999,8.1,2.4627,87.0968,9.6501
3,3,sample 3 replicate 3,164,9.299999999999999,8.15,2.7423,87.6344,10.7457
3,3,sample 3 replicate 3,165,9.299999999999999,8.2,3.0241,88.172,11.8499
3,3,sample 3 replicate 3,166,9.299999999999999,8.25,3.2683,88.7097,12.8068
3,3,sample 3 replicate 3,167,9.299999999999999,8.3,3.502,89.2473,13.7226
3,3,sample 3 replicate 3,168,9.299999999999999,8.35,3.7316,89.7849,14.6223
3,3,sample 3 replicate 3,169,9.299999999999999,8.4,3.9987,90.3226,15.6689
3,3,sample 3 replicate 3,170,9.299999999999999,8.45,4.2659,90.8602,16.7159
3,3,sample 3 replicate 3,171,9.299999999999999,8.5,4.2846,91.3978,16.7892
3,3,sample 3 replicate 3,172,9.299999999999999,8.55,4.5747,91.9355,17.9259
3,3,sample 3 replicate 3,173,9.299999999999999,8.6,4.9588,92.4731,19.431
3,3,sample 3 replicate 3,174,9.299999999999999,8.65,5.3511,93.0108,20.9683
1,4,sample 1 replicate 4,1,5.850000000000001,0.0,0.0021,0.0,0.0082
1,4,sample 1 replicate 4,2,5.850000000000001,0.05,0.071,0.8547,0.2782
1,4,sample 1 replicate 4,3,5.850000000000001,0.1,0.1503,1.7094,0.5889
1,4,sample 1 replicate 4,4,5.850000000000001,0.15,0.24,2.5641,0.9404
1,4,sample 1 replicate 4,5,5.850000000000001,0.2,0.3089,3.4188,1.2104
1,4,sample 1 replicate 4,6,5.850000000000001,0.25,0.3193,4.2735,1.2512
1,4,sample 1 replicate 4,7,5.850000000000001,0.3,0.3882,5.1282,1.5212
1,4,sample 1 replicate 4,8,5.850000000000001,0.35,0.4445,5.9829,1.7418
1,4,sample 1 replicate 4,9,5.850000000000001,0.4,0.4988,6.8376,1.9545
1,4,sample 1 replicate 4,10,5.850000000000001,0.45,0.5364,7.6923,2.1019
1,4,sample 1 replicate 4,11,5.850000000000001,0.5,0.6198,8.547,2.4287
1,4,sample 1 replicate 4,12,5.850000000000001,0.55,0.6512,9.4017,2.5517
1,4,sample 1 replicate 4,13,5.850000000000001,0.6,0.6616,10.2564,2.5925
1,4,sample 1 replicate 4,14,5.850000000000001,0.65,0.6345,11.1111,2.4863
1,4,sample 1 replicate 4,15,5.850000000000001,0.7,0.6428,11.9658,2.5188
1,4,sample 1 replicate 4,16,5.850000000000001,0.75,0.6595,12.8205,2.5842
1,4,sample 1 replicate 4,17,5.850000000000001,0.8,0.6762,13.6752,2.6497
1,4,sample 1 replicate 4,18,5.850000000000001,0.85,0.6992,14.5299,2.7398
1,4,sample 1 replicate 4,19,5.850000000000001,0.9,0.6094,15.3846,2.3879
1,4,sample 1 replicate 4,20,5.850000000000001,0.95,0.6512,16.2393,2.5517
1,4,sample 1 replicate 4,21,5.850000000000001,1.0,0.6804,17.094,2.6661
1,4,sample 1 replicate 4,22,5.850000000000001,1.05,0.7367,17.9487,2.8868
1,4,sample 1 replicate 4,23,5.850000000000001,1.1,0.7805,18.8034,3.0584
1,4,sample 1 replicate 4,24,5.850000000000001,1.15,0.791,19.6581,3.0995
1,4,sample 1 replicate 4,25,5.850000000000001,1.2,0.8139,20.5128,3.1893
1,4,sample 1 replicate 4,26,5.850000000000001,1.25,0.8578,21.3675,3.3613
1,4,sample 1 replicate 4,27,5.850000000000001,1.3,0.8912,22.2222,3.4922
1,4,sample 1 replicate 4,28,5.850000000000001,1.35,0.912,23.0769,3.5737
1,4,sample 1 replicate 4,29,5.850000000000001,1.4,0.9266,23.9316,3.6309
1,4,sample 1 replicate 4,30,5.850000000000001,1.45,0.9371,24.7863,3.672
1,4,sample 1 replicate 4,31,5.850000000000001,1.5,0.9705,25.641,3.8029
1,4,sample 1 replicate 4,32,5.850000000000001,1.55,1.008,26.4957,3.9498
1,4,sample 1 replicate 4,33,5.850000000000001,1.6,0.9997,27.3504,3.9173
1,4,sample 1 replicate 4,34,5.850000000000001,1.65,1.0101,28.2051,3.9581
1,4,sample 1 replicate 4,35,5.850000000000001,1.7,1.0226,29.0598,4.0071
1,4,sample 1 replicate 4,36,5.850000000000001,1.75,1.0414,29.9145,4.0807
1,4,sample 1 replicate 4,37,5.850000000000001,1.8,1.0623,30.7692,4.1626
1,4,sample 1 replicate 4,38,5.850000000000001,1.85,1.0769,31.6239,4.2198
1,4,sample 1 replicate 4,39,5.850000000000001,1.9,1.0978,32.4786,4.3017
1,4,sample 1 replicate 4,40,5.850000000000001,1.95,1.1103,33.3333,4.3507
1,4,sample 1 replicate 4,41,5.850000000000001,2.0,1.1228,34.188,4.3997
1,4,sample 1 replicate 4,42,5.850000000000001,2.05,1.1479,35.0427,4.498
1,4,sample 1 replicate 4,43,5.850000000000001,2.1,1.175,35.8974,4.6042
1,4,sample 1 replicate 4,44,5.850000000000001,2.15,1.1833,36.7521,4.6368
1,4,sample 1 replicate 4,45,5.850000000000001,2.2,1.2105,37.6068,4.7433
1,4,sample 1 replicate 4,46,5.850000000000001,2.25,1.223,38.4615,4.7923
1,4,sample 1 replicate 4,47,5.850000000000001,2.3,1.248,39.3162,4.8903
1,4,sample 1 replicate 4,48,5.850000000000001,2.35,1.2647,40.1709,4.9557
1,4,sample 1 replicate 4,49,5.850000000000001,2.4,1.2877,41.0256,5.0458
1,4,sample 1 replicate 4,50,5.850000000000001,2.45,1.3232,41.8803,5.185
1,4,sample 1 replicate 4,51,5.850000000000001,2.5,1.3461,42.735,5.2747
1,4,sample 1 replicate 4,52,5.850000000000001,2.55,1.3691,43.5897,5.3648
1,4,sample 1 replicate 4,53,5.850000000000001,2.6,1.392,44.4444,5.4545
1,4,sample 1 replicate 4,54,5.850000000000001,2.65,1.4254,45.2991,5.5854
1,4,sample 1 replicate 4,55,5.850000000000001,2.7,1.4651,46.1538,5.741
1,4,sample 1 replicate 4,56,5.850000000000001,2.75,1.4901,47.0085,5.8389
1,4,sample 1 replicate 4,57,5.850000000000001,2.8,1.5966,47.8632,6.2563
1,4,sample 1 replicate 4,58,5.850000000000001,2.85,1.9994,48.7179,7.8346
1,4,sample 1 replicate 4,59,5.850000000000001,2.9,2.3562,49.5726,9.2328
1,4,sample 1 replicate 4,60,5.850000000000001,2.95,2.6735,50.4274,10.4761
1,4,sample 1 replicate 4,61,5.850000000000001,3.0,2.9823,51.2821,11.6861
1,4,sample 1 replicate 4,62,5.850000000000001,3.05,3.2474,52.1368,12.7249
1,4,sample 1 replicate 4,63,5.850000000000001,3.1,3.4791,52.9915,13.6328
1,4,sample 1 replicate 4,64,5.850000000000001,3.15,3.7024,53.8462,14.5078
1,4,sample 1 replicate 4,65,5.850000000000001,3.2,3.8839,54.7009,15.219
1,4,sample 1 replicate 4,66,5.850000000000001,3.25,2.1955,55.5556,8.6031
2,4,sample 2 replicate 4,1,8.15,0.0,0.0042,0.0,0.0165
2,4,sample 2 replicate 4,2,8.15,0.05,0.0083,0.6135,0.0325
2,4,sample 2 replicate 4,3,8.15,0.1,0.0438,1.227,0.1716
2,4,sample 2 replicate 4,4,8.15,0.15,0.0564,1.8405,0.221
2,4,sample 2 replicate 4,5,8.15,0.2,0.0772,2.454,0.3025
2,4,sample 2 replicate 4,6,8.15,0.25,0.1127,3.0675,0.4416
2,4,sample 2 replicate 4,7,8.15,0.3,0.1565,3.681,0.6132
2,4,sample 2 replicate 4,8,8.15,0.35,0.2504,4.2945,0.9812
2,4,sample 2 replicate 4,9,8.15,0.4,0.3298,4.908,1.2923
2,4,sample 2 replicate 4,10,8.15,0.45,0.3903,5.5215,1.5294
2,4,sample 2 replicate 4,11,8.15,0.5,0.455,6.135,1.7829
2,4,sample 2 replicate 4,12,8.15,0.55,0.4842,6.7485,1.8973
2,4,sample 2 replicate 4,13,8.15,0.6,0.5218,7.362,2.0447
2,4,sample 2 replicate 4,14,8.15,0.65,0.5364,7.9755,2.1019
2,4,sample 2 replicate 4,15,8.15,0.7,0.5865,8.589,2.2982
2,4,sample 2 replicate 4,16,8.15,0.75,0.6261,9.2025,2.4534
2,4,sample 2 replicate 4,17,8.15,0.8,0.6553,9.816,2.5678
2,4,sample 2 replicate 4,18,8.15,0.85,0.6658,10.4294,2.6089
2,4,sample 2 replicate 4,19,8.15,0.9,0.6908,11.0429,2.7069
2,4,sample 2 replicate 4,20,8.15,0.95,0.7284,11.6564,2.8542
2,4,sample 2 replicate 4,21,8.15,1.0,0.7618,12.2699,2.9851
2,4,sample 2 replicate 4,22,8.15,1.05,0.7785,12.8834,3.0505
2,4,sample 2 replicate 4,23,8.15,1.1,0.7889,13.4969,3.0913
2,4,sample 2 replicate 4,24,8.15,1.15,0.7993,14.1104,3.1321
2,4,sample 2 replicate 4,25,8.15,1.2,0.8223,14.7239,3.2222
2,4,sample 2 replicate 4,26,8.15,1.25,0.8619,15.3374,3.3774
2,4,sample 2 replicate 4,27,8.15,1.3,0.8765,15.9509,3.4346
2,4,sample 2 replicate 4,28,8.15,1.35,0.8995,16.5644,3.5247
2,4,sample 2 replicate 4,29,8.15,1.4,0.9204,17.1779,3.6066
2,4,sample 2 replicate 4,30,8.15,1.45,0.9392,17.7914,3.6803
2,4,sample 2 replicate 4,31,8.15,1.5,0.9767,18.4049,3.8272
2,4,sample 2 replicate 4,32,8.15,1.55,1.008,19.0184,3.9498
2,4,sample 2 replicate 4,33,8.15,1.6,1.031,19.6319,4.04
2,4,sample 2 replicate 4,34,8.15,1.65,1.0623,20.2454,4.1626
2,4,sample 2 replicate 4,35,8.15,1.7,1.0936,20.8589,4.2853
2,4,sample 2 replicate 4,36,8.15,1.75,1.1124,21.4724,4.3589
2,4,sample 2 replicate 4,37,8.15,1.8,1.1333,22.0859,4.4408
2,4,sample 2 replicate 4,38,8.15,1.85,1.1583,22.6994,4.5388
2,4,sample 2 replicate 4,39,8.15,1.9,1.1771,23.3129,4.6125
2,4,sample 2 replicate 4,40,8.15,1.95,1.2,23.9264,4.7022
2,4,sample 2 replicate 4,41,8.15,2.0,1.2188,24.5399,4.7759
2,4,sample 2 replicate 4,42,8.15,2.05,1.2439,25.1534,4.8742
2,4,sample 2 replicate 4,43,8.15,2.1,1.2668,25.7669,4.9639
2,4,sample 2 replicate 4,44,8.15,2.15,1.2898,26.3804,5.0541
2,4,sample 2 replicate 4,45,8.15,2.2,1.3044,26.9939,5.1113
2,4,sample 2 replicate 4,46,8.15,2.25,1.3169,27.6074,5.1603
2,4,sample 2 replicate 4,47,8.15,2.3,1.3294,28.2209,5.2092
2,4,sample 2 replicate 4,48,8.15,2.35,1.3503,28.8344,5.2911
2,4,sample 2 replicate 4,49,8.15,2.4,1.3733,29.4479,5.3813
2,4,sample 2 replicate 4,50,8.15,2.45,1.3962,30.0613,5.471
2,4,sample 2 replicate 4,51,8.15,2.5,1.4296,30.6748,5.6019
2,4,sample 2 replicate 4,52,8.15,2.55,1.4609,31.2883,5.7245
2,4,sample 2 replicate 4,53,8.15,2.6,1.4755,31.9018,5.7817
2,4,sample 2 replicate 4,54,8.15,2.65,1.4964,32.5153,5.8636
2,4,sample 2 replicate 4,55,8.15,2.7,1.5256,33.1288,5.9781
2,4,sample 2 replicate 4,56,8.15,2.75,1.5527,33.7423,6.0842
2,4,sample 2 replicate 4,57,8.15,2.8,1.5799,34.3558,6.1908
2,4,sample 2 replicate 4,58,8.15,2.85,1.5987,34.9693,6.2645
2,4,sample 2 replicate 4,59,8.15,2.9,1.6341,35.5828,6.4032
2,4,sample 2 replicate 4,60,8.15,2.95,1.6634,36.1963,6.518
2,4,sample 2 replicate 4,61,8.15,3.0,1.6884,36.8098,6.616
2,4,sample 2 replicate 4,62,8.15,3.05,1.7134,37.4233,6.7139
2,4,sample 2 replicate 4,63,8.15,3.1,1.7656,38.0368,6.9185
2,4,sample 2 replicate 4,64,8.15,3.15,1.8282,38.6503,7.1638
2,4,sample 2 replicate 4,65,8.15,3.2,2.2039,39.2638,8.636
2,4,sample 2 replicate 4,66,8.15,3.25,2.4836,39.8773,9.732
2,4,sample 2 replicate 4,67,8.15,3.3,2.7611,40.4908,10.8194
2,4,sample 2 replicate 4,68,8.15,3.35,2.9176,41.1043,11.4326
2,4,sample 2 replicate 4,69,8.15,3.4,3.0971,41.7178,12.136
2,4,sample 2 replicate 4,70,8.15,3.45,3.2578,42.3313,12.7657
2,4,sample 2 replicate 4,71,8.15,3.5,3.3893,42.9448,13.281
2,4,sample 2 replicate 4,72,8.15,3.55,3.4519,43.5583,13.5263
2,4,sample 2 replicate 4,73,8.15,3.6,2.494,44.1718,9.7727
2,4,sample 2 replicate 4,74,8.15,3.65,2.2248,44.7853,8.7179
2,4,sample 2 replicate 4,75,8.15,3.7,2.1601,45.3988,8.4643
2,4,sample 2 replicate 4,76,8.15,3.75,2.1037,46.0123,8.2433
2,4,sample 2 replicate 4,77,8.15,3.8,2.0536,46.6258,8.047
2,4,sample 2 replicate 4,78,8.15,3.85,2.0307,47.2393,7.9573
2,4,sample 2 replicate 4,79,8.15,3.9,2.039,47.8528,7.9898
2,4,sample 2 replicate 4,80,8.15,3.95,2.0348,48.4663,7.9734
2,4,sample 2 replicate 4,81,8.15,4.0,2.0536,49.0798,8.047
2,4,sample 2 replicate 4,82,8.15,4.05,2.0536,49.6933,8.047
2,4,sample 2 replicate 4,83,8.15,4.1,2.0891,50.3067,8.1861
2,4,sample 2 replicate 4,84,8.15,4.15,2.1037,50.9202,8.2433
2,4,sample 2 replicate 4,85,8.15,4.2,2.11,51.5337,8.268
2,4,sample 2 replicate 4,86,8.15,4.25,2.1455,52.1472,8.4071
2,4,sample 2 replicate 4,87,8.15,4.3,2.1663,52.7607,8.4886
2,4,sample 2 replicate 4,88,8.15,4.35,2.1935,53.3742,8.5952
2,4,sample 2 replicate 4,89,8.15,4.4,2.2289,53.9877,8.7339
2,4,sample 2 replicate 4,90,8.15,4.45,2.2435,54.6012,8.7911
2,4,sample 2 replicate 4,91,8.15,4.5,2.2811,55.2147,8.9385
2,4,sample 2 replicate 4,92,8.15,4.55,2.3041,55.8282,9.0286
2,4,sample 2 replicate 4,93,8.15,4.6,2.3187,56.4417,9.0858
2,4,sample 2 replicate 4,94,8.15,4.65,2.3542,57.0552,9.2249
2,4,sample 2 replicate 4,95,8.15,4.7,2.3834,57.6687,9.3393
2,4,sample 2 replicate 4,96,8.15,4.75,2.4168,58.2822,9.4702
2,4,sample 2 replicate 4,97,8.15,4.8,2.4314,58.8957,9.5274
2,4,sample 2 replicate 4,98,8.15,4.85,2.4606,59.5092,9.6418
2,4,sample 2 replicate 4,99,8.15,4.9,2.494,60.1227,9.7727
2,4,sample 2 replicate 4,100,8.15,4.95,2.542,60.7362,9.9608
2,4,sample 2 replicate 4,101,8.15,5.0,2.5649,61.3497,10.0505
2,4,sample 2 replicate 4,102,8.15,5.05,2.5983,61.9632,10.1814
2,4,sample 2 replicate 4,103,8.15,5.1,2.6317,62.5767,10.3123
2,4,sample 2 replicate 4,104,8.15,5.15,2.6693,63.1902,10.4596
2,4,sample 2 replicate 4,105,8.15,5.2,2.7089,63.8037,10.6148
2,4,sample 2 replicate 4,106,8.15,5.25,2.7403,64.4172,10.7379
2,4,sample 2 replicate 4,107,8.15,5.3,2.7736,65.0307,10.8683
2,4,sample 2 replicate 4,108,8.15,5.35,2.8342,65.6442,11.1058
2,4,sample 2 replicate 4,109,8.15,5.4,2.853,66.2577,11.1795
2,4,sample 2 replicate 4,110,8.15,5.45,2.8926,66.8712,11.3346
2,4,sample 2 replicate 4,111,8.15,5.5,2.9385,67.4847,11.5145
2,4,sample 2 replicate 4,112,8.15,5.55,2.9803,68.0982,11.6783
2,4,sample 2 replicate 4,113,8.15,5.6,3.0095,68.7117,11.7927
2,4,sample 2 replicate 4,114,8.15,5.65,3.0429,69.3252,11.9236
2,4,sample 2 replicate 4,115,8.15,5.7,3.0888,69.9387,12.1034
2,4,sample 2 replicate 4,116,8.15,5.75,3.143,70.5521,12.3158
2,4,sample 2 replicate 4,117,8.15,5.8,3.189,71.1656,12.4961
2,4,sample 2 replicate 4,118,8.15,5.85,3.2203,71.7791,12.6187
2,4,sample 2 replicate 4,119,8.15,5.9,3.2453,72.3926,12.7167
2,4,sample 2 replicate 4,120,8.15,5.95,3.2933,73.0061,12.9048
2,4,sample 2 replicate 4,121,8.15,6.0,3.3601,73.6196,13.1665
2,4,sample 2 replicate 4,122,8.15,6.05,3.3893,74.2331,13.281
2,4,sample 2 replicate 4,123,8.15,6.1,3.4352,74.8466,13.4608
2,4,sample 2 replicate 4,124,8.15,6.15,3.4791,75.4601,13.6328
2,4,sample 2 replicate 4,125,8.15,6.2,3.5041,76.0736,13.7308
2,4,sample 2 replicate 4,126,8.15,6.25,3.5584,76.6871,13.9436
2,4,sample 2 replicate 4,127,8.15,6.3,3.6189,77.3006,14.1806
2,4,sample 2 replicate 4,128,8.15,6.35,3.6606,77.9141,14.344
2,4,sample 2 replicate 4,129,8.15,6.4,3.7295,78.5276,14.614
2,4,sample 2 replicate 4,130,8.15,6.45,3.7796,79.1411,14.8103
2,4,sample 2 replicate 4,131,8.15,6.5,3.9027,79.7546,15.2927
2,4,sample 2 replicate 4,132,8.15,6.55,4.0676,80.3681,15.9389
2,4,sample 2 replicate 4,133,8.15,6.6,4.1803,80.9816,16.3805
2,4,sample 2 replicate 4,134,8.15,6.65,4.3118,81.5951,16.8958
2,4,sample 2 replicate 4,135,8.15,6.7,4.4349,82.2086,17.3781
2,4,sample 2 replicate 4,136,8.15,6.75,4.5685,82.8221,17.9016
2,4,sample 2 replicate 4,137,8.15,6.8,4.6687,83.4356,18.2943
2,4,sample 2 replicate 4,138,8.15,6.85,4.798,84.0491,18.8009
2,4,sample 2 replicate 4,139,8.15,6.9,4.7313,84.6626,18.5396
2,4,sample 2 replicate 4,140,8.15,6.95,4.9817,85.2761,19.5208
2,4,sample 2 replicate 4,141,8.15,7.0,5.0485,85.8896,19.7825
3,4,sample 3 replicate 4,1,8.799999999999999,0.0,-0.0021,0.0,-0.0082
3,4,sample 3 replicate 4,2,8.799999999999999,0.05,0.0042,0.5682,0.0165
3,4,sample 3 replicate 4,3,8.799999999999999,0.1,0.0522,1.1364,0.2045
3,4,sample 3 replicate 4,4,8.799999999999999,0.15,0.0835,1.7045,0.3272
3,4,sample 3 replicate 4,5,8.799999999999999,0.2,0.1252,2.2727,0.4906
3,4,sample 3 replicate 4,6,8.799999999999999,0.25,0.1941,2.8409,0.7606
3,4,sample 3 replicate 4,7,8.799999999999999,0.3,0.2212,3.4091,0.8668
3,4,sample 3 replicate 4,8,8.799999999999999,0.35,0.2692,3.9773,1.0549
3,4,sample 3 replicate 4,9,8.799999999999999,0.4,0.3506,4.5455,1.3738
3,4,sample 3 replicate 4,10,8.799999999999999,0.45,0.3944,5.1136,1.5455
3,4,sample 3 replicate 4,11,8.799999999999999,0.5,0.4216,5.6818,1.652
3,4,sample 3 replicate 4,12,8.799999999999999,0.55,0.4612,6.25,1.8072
3,4,sample 3 replicate 4,13,8.799999999999999,0.6,0.4863,6.8182,1.9056
3,4,sample 3 replicate 4,14,8.799999999999999,0.65,0.5176,7.3864,2.0282
3,4,sample 3 replicate 4,15,8.799999999999999,0.7,0.5343,7.9545,2.0937
3,4,sample 3 replicate 4,16,8.799999999999999,0.75,0.5865,8.5227,2.2982
3,4,sample 3 replicate 4,17,8.799999999999999,0.8,0.624,9.0909,2.4451
3,4,sample 3 replicate 4,18,8.799999999999999,0.85,0.6532,9.6591,2.5596
3,4,sample 3 replicate 4,19,8.799999999999999,0.9,0.6741,10.2273,2.6415
3,4,sample 3 replicate 4,20,8.799999999999999,0.95,0.7242,10.7955,2.8378
3,4,sample 3 replicate 4,21,8.799999999999999,1.0,0.7576,11.3636,2.9687
3,4,sample 3 replicate 4,22,8.799999999999999,1.05,0.7743,11.9318,3.0341
3,4,sample 3 replicate 4,23,8.799999999999999,1.1,0.791,12.5,3.0995
3,4,sample 3 replicate 4,24,8.799999999999999,1.15,0.8077,13.0682,3.165
3,4,sample 3 replicate 4,25,8.799999999999999,1.2,0.8452,13.6364,3.3119
3,4,sample 3 replicate 4,26,8.799999999999999,1.25,0.8724,14.2045,3.4185
3,4,sample 3 replicate 4,27,8.799999999999999,1.3,0.9016,14.7727,3.5329
3,4,sample 3 replicate 4,28,8.799999999999999,1.35,0.9246,15.3409,3.623
3,4,sample 3 replicate 4,29,8.799999999999999,1.4,0.9433,15.9091,3.6963
3,4,sample 3 replicate 4,30,8.799999999999999,1.45,0.9705,16.4773,3.8029
3,4,sample 3 replicate 4,31,8.799999999999999,1.5,0.9955,17.0455,3.9009
3,4,sample 3 replicate 4,32,8.799999999999999,1.55,1.0289,17.6136,4.0317
3,4,sample 3 replicate 4,33,8.799999999999999,1.6,1.0435,18.1818,4.0889
3,4,sample 3 replicate 4,34,8.799999999999999,1.65,1.0706,18.75,4.1951
3,4,sample 3 replicate 4,35,8.799999999999999,1.7,1.0915,19.3182,4.277
3,4,sample 3 replicate 4,36,8.799999999999999,1.75,1.1061,19.8864,4.3342
3,4,sample 3 replicate 4,37,8.799999999999999,1.8,1.1416,20.4545,4.4734
3,4,sample 3 replicate 4,38,8.799999999999999,1.85,1.1646,21.0227,4.5635
3,4,sample 3 replicate 4,39,8.799999999999999,1.9,1.1917,21.5909,4.6697
3,4,sample 3 replicate 4,40,8.799999999999999,1.95,1.2126,22.1591,4.7516
3,4,sample 3 replicate 4,41,8.799999999999999,2.0,1.2334,22.7273,4.8331
3,4,sample 3 replicate 4,42,8.799999999999999,2.05,1.2543,23.2955,4.915
3,4,sample 3 replicate 4,43,8.799999999999999,2.1,1.2898,23.8636,5.0541
3,4,sample 3 replicate 4,44,8.799999999999999,2.15,1.319,24.4318,5.1685
3,4,sample 3 replicate 4,45,8.799999999999999,2.2,1.3419,25.0,5.2582
3,4,sample 3 replicate 4,46,8.799999999999999,2.25,1.3607,25.5682,5.3319
3,4,sample 3 replicate 4,47,8.799999999999999,2.3,1.3879,26.1364,5.4385
3,4,sample 3 replicate 4,48,8.799999999999999,2.35,1.4296,26.7045,5.6019
3,4,sample 3 replicate 4,49,8.799999999999999,2.4,1.4463,27.2727,5.6673
3,4,sample 3 replicate 4,50,8.799999999999999,2.45,1.463,27.8409,5.7328
3,4,sample 3 replicate 4,51,8.799999999999999,2.5,1.488,28.4091,5.8307
3,4,sample 3 replicate 4,52,8.799999999999999,2.55,1.5131,28.9773,5.9291
3,4,sample 3 replicate 4,53,8.799999999999999,2.6,1.5486,29.5455,6.0682
3,4,sample 3 replicate 4,54,8.799999999999999,2.65,1.5653,30.1136,6.1336
3,4,sample 3 replicate 4,55,8.799999999999999,2.7,1.5861,30.6818,6.2151
3,4,sample 3 replicate 4,56,8.799999999999999,2.75,1.6216,31.25,6.3542
3,4,sample 3 replicate 4,57,8.799999999999999,2.8,1.6341,31.8182,6.4032
3,4,sample 3 replicate 4,58,8.799999999999999,2.85,1.6634,32.3864,6.518
3,4,sample 3 replicate 4,59,8.799999999999999,2.9,1.6884,32.9545,6.616
3,4,sample 3 replicate 4,60,8.799999999999999,2.95,1.7114,33.5227,6.7061
3,4,sample 3 replicate 4,61,8.799999999999999,3.0,1.7406,34.0909,6.8205
3,4,sample 3 replicate 4,62,8.799999999999999,3.05,1.7656,34.6591,6.9185
3,4,sample 3 replicate 4,63,8.799999999999999,3.1,1.8094,35.2273,7.0901
3,4,sample 3 replicate 4,64,8.799999999999999,3.15,1.8408,35.7955,7.2132
3,4,sample 3 replicate 4,65,8.799999999999999,3.2,1.8804,36.3636,7.3683
3,4,sample 3 replicate 4,66,8.799999999999999,3.25,1.9263,36.9318,7.5482
3,4,sample 3 replicate 4,67,8.799999999999999,3.3,1.9555,37.5,7.6626
3,4,sample 3 replicate 4,68,8.799999999999999,3.35,2.0223,38.0682,7.9244
3,4,sample 3 replicate 4,69,8.799999999999999,3.4,2.1183,38.6364,8.3005
3,4,sample 3 replicate 4,70,8.799999999999999,3.45,2.2582,39.2045,8.8487
3,4,sample 3 replicate 4,71,8.799999999999999,3.5,2.4001,39.7727,9.4048
3,4,sample 3 replicate 4,72,8.799999999999999,3.55,2.494,40.3409,9.7727
3,4,sample 3 replicate 4,73,8.799999999999999,3.6,2.5441,40.9091,9.969
3,4,sample 3 replicate 4,74,8.799999999999999,3.65,2.5816,41.4773,10.116
3,4,sample 3 replicate 4,75,8.799999999999999,3.7,2.6234,42.0455,10.2798
3,4,sample 3 replicate 4,76,8.799999999999999,3.75,2.638,42.6136,10.337
3,4,sample 3 replicate 4,77,8.799999999999999,3.8,2.6568,43.1818,10.4107
3,4,sample 3 replicate 4,78,8.799999999999999,3.85,2.6756,43.75,10.4843
3,4,sample 3 replicate 4,79,8.799999999999999,3.9,2.6985,44.3182,10.5741
3,4,sample 3 replicate 4,80,8.799999999999999,3.95,2.6985,44.8864,10.5741
3,4,sample 3 replicate 4,81,8.799999999999999,4.0,2.6735,45.4545,10.4761
3,4,sample 3 replicate 4,82,8.799999999999999,4.05,2.6213,46.0227,10.2716
3,4,sample 3 replicate 4,83,8.799999999999999,4.1,2.5879,46.5909,10.1407
3,4,sample 3 replicate 4,84,8.799999999999999,4.15,2.5712,47.1591,10.0752
3,4,sample 3 replicate 4,85,8.799999999999999,4.2,2.5503,47.7273,9.9933
3,4,sample 3 replicate 4,86,8.799999999999999,4.25,2.4961,48.2955,9.781
3,4,sample 3 replicate 4,87,8.799999999999999,4.3,2.5441,48.8636,9.969
3,4,sample 3 replicate 4,88,8.799999999999999,4.35,2.6943,49.4318,10.5576
3,4,sample 3 replicate 4,89,8.799999999999999,4.4,2.7382,50.0,10.7296
3,4,sample 3 replicate 4,90,8.799999999999999,4.45,2.7465,50.5682,10.7621
3,4,sample 3 replicate 4,91,8.799999999999999,4.5,2.7423,51.1364,10.7457
3,4,sample 3 replicate 4,92,8.799999999999999,4.55,2.734,51.7045,10.7132
3,4,sample 3 replicate 4,93,8.799999999999999,4.6,2.7256,52.2727,10.6803
3,4,sample 3 replicate 4,94,8.799999999999999,4.65,2.6463,52.8409,10.3695
3,4,sample 3 replicate 4,95,8.799999999999999,4.7,2.6046,53.4091,10.2061
3,4,sample 3 replicate 4,96,8.799999999999999,4.75,2.5858,53.9773,10.1324
3,4,sample 3 replicate 4,97,8.799999999999999,4.8,2.5754,54.5455,10.0917
3,4,sample 3 replicate 4,98,8.799999999999999,4.85,2.5921,55.1136,10.1571
3,4,sample 3 replicate 4,99,8.799999999999999,4.9,2.6129,55.6818,10.2386
3,4,sample 3 replicate 4,100,8.799999999999999,4.95,2.6296,56.25,10.3041
3,4,sample 3 replicate 4,101,8.799999999999999,5.0,2.6547,56.8182,10.4024
3,4,sample 3 replicate 4,102,8.799999999999999,5.05,2.6714,57.3864,10.4679
3,4,sample 3 replicate 4,103,8.799999999999999,5.1,2.7131,57.9545,10.6313
3,4,sample 3 replicate 4,104,8.799999999999999,5.15,2.7423,58.5227,10.7457
3,4,sample 3 replicate 4,105,8.799999999999999,5.2,2.757,59.0909,10.8033
3,4,sample 3 replicate 4,106,8.799999999999999,5.25,2.7862,59.6591,10.9177
3,4,sample 3 replicate 4,107,8.799999999999999,5.3,2.83,60.2273,11.0893
3,4,sample 3 replicate 4,108,8.799999999999999,5.35,2.8676,60.7955,11.2367
3,4,sample 3 replicate 4,109,8.799999999999999,5.4,2.8989,61.3636,11.3593
3,4,sample 3 replicate 4,110,8.799999999999999,5.45,2.9218,61.9318,11.4491
3,4,sample 3 replicate 4,111,8.799999999999999,5.5,2.9677,62.5,11.6289
3,4,sample 3 replicate 4,112,8.799999999999999,5.55,3.0074,63.0682,11.7845
3,4,sample 3 replicate 4,113,8.799999999999999,5.6,3.0345,63.6364,11.8907
3,4,sample 3 replicate 4,114,8.799999999999999,5.65,3.0637,64.2045,12.0051
3,4,sample 3 replicate 4,115,8.799999999999999,5.7,3.095,64.7727,12.1277
3,4,sample 3 replicate 4,116,8.799999999999999,5.75,3.1097,65.3409,12.1853
3,4,sample 3 replicate 4,117,8.799999999999999,5.8,3.1326,65.9091,12.2751
3,4,sample 3 replicate 4,118,8.799999999999999,5.85,3.1514,66.4773,12.3487
3,4,sample 3 replicate 4,119,8.799999999999999,5.9,3.1931,67.0455,12.5121
3,4,sample 3 replicate 4,120,8.799999999999999,5.95,3.2328,67.6136,12.6677
3,4,sample 3 replicate 4,121,8.799999999999999,6.0,3.262,68.1818,12.7821
3,4,sample 3 replicate 4,122,8.799999999999999,6.05,3.2996,68.75,12.9295
3,4,sample 3 replicate 4,123,8.799999999999999,6.1,3.333,69.3182,13.0603
3,4,sample 3 replicate 4,124,8.799999999999999,6.15,3.3831,69.8864,13.2567
3,4,sample 3 replicate 4,125,8.799999999999999,6.2,3.4164,70.4545,13.3871
3,4,sample 3 replicate 4,126,8.799999999999999,6.25,3.4415,71.0227,13.4855
3,4,sample 3 replicate 4,127,8.799999999999999,6.3,3.4811,71.5909,13.6407
3,4,sample 3 replicate 4,128,8.799999999999999,6.35,3.5333,72.1591,13.8452
3,4,sample 3 replicate 4,129,8.799999999999999,6.4,3.55,72.7273,13.9107
3,4,sample 3 replicate 4,130,8.799999999999999,6.45,3.5938,73.2955,14.0823
3,4,sample 3 replicate 4,131,8.799999999999999,6.5,3.6335,73.8636,14.2379
3,4,sample 3 replicate 4,132,8.799999999999999,6.55,3.6627,74.4318,14.3523
3,4,sample 3 replicate 4,133,8.799999999999999,6.6,3.7149,75.0,14.5568
3,4,sample 3 replicate 4,134,8.799999999999999,6.65,3.7462,75.5682,14.6795
3,4,sample 3 replicate 4,135,8.799999999999999,6.7,3.7921,76.1364,14.8593
3,4,sample 3 replicate 4,136,8.799999999999999,6.75,3.8693,76.7045,15.1618
3,4,sample 3 replicate 4,137,8.799999999999999,6.8,3.9779,77.2727,15.5874
3,4,sample 3 replicate 4,138,8.799999999999999,6.85,4.0885,77.8409,16.0208
3,4,sample 3 replicate 4,139,8.799999999999999,6.9,4.1699,78.4091,16.3397
3,4,sample 3 replicate 4,140,8.799999999999999,6.95,4.2659,78.9773,16.7159
3,4,sample 3 replicate 4,141,8.799999999999999,7.0,4.3431,79.5455,17.0184
3,4,sample 3 replicate 4,142,8.799999999999999,7.05,4.437,80.1136,17.3864
3,4,sample 3 replicate 4,143,8.799999999999999,7.1,4.5497,80.6818,17.828
3,4,sample 3 replicate 4,144,8.799999999999999,7.15,4.6311,81.25,18.1469
3,4,sample 3 replicate 4,145,8.799999999999999,7.2,4.7041,81.8182,18.433
3,4,sample 3 replicate 4,146,8.799999999999999,7.25,4.8001,82.3864,18.8092
3,4,sample 3 replicate 4,147,8.799999999999999,7.3,4.917,82.9545,19.2672
3,4,sample 3 replicate 4,148,8.799999999999999,7.35,5.0297,83.5227,19.7089
1,5,sample 1 replicate 5,1,5.800000000000001,0.0,0.0021,0.0,0.0082
1,5,sample 1 replicate 5,2,5.800000000000001,0.05,0.0125,0.8621,0.049
1,5,sample 1 replicate 5,3,5.800000000000001,0.1,0.0564,1.7241,0.221
1,5,sample 1 replicate 5,4,5.800000000000001,0.15,0.073,2.5862,0.2861
1,5,sample 1 replicate 5,5,5.800000000000001,0.2,0.1002,3.4483,0.3926
1,5,sample 1 replicate 5,6,5.800000000000001,0.25,0.1273,4.3103,0.4988
1,5,sample 1 replicate 5,7,5.800000000000001,0.3,0.1983,5.1724,0.777
1,5,sample 1 replicate 5,8,5.800000000000001,0.35,0.2546,6.0345,0.9976
1,5,sample 1 replicate 5,9,5.800000000000001,0.4,0.336,6.8966,1.3166
1,5,sample 1 replicate 5,10,5.800000000000001,0.45,0.3944,7.7586,1.5455
1,5,sample 1 replicate 5,11,5.800000000000001,0.5,0.4946,8.6207,1.9381
1,5,sample 1 replicate 5,12,5.800000000000001,0.55,0.599,9.4828,2.3472
1,5,sample 1 replicate 5,13,5.800000000000001,0.6,0.672,10.3448,2.6332
1,5,sample 1 replicate 5,14,5.800000000000001,0.65,0.7743,11.2069,3.0341
1,5,sample 1 replicate 5,15,5.800000000000001,0.7,0.8494,12.069,3.3284
1,5,sample 1 replicate 5,16,5.800000000000001,0.75,0.9225,12.931,3.6148
1,5,sample 1 replicate 5,17,5.800000000000001,0.8,0.9913,13.7931,3.8844
1,5,sample 1 replicate 5,18,5.800000000000001,0.85,1.0435,14.6552,4.0889
1,5,sample 1 replicate 5,19,5.800000000000001,0.9,1.0873,15.5172,4.2606
1,5,sample 1 replicate 5,20,5.800000000000001,0.95,1.1061,16.3793,4.3342
1,5,sample 1 replicate 5,21,5.800000000000001,1.0,1.1416,17.2414,4.4734
1,5,sample 1 replicate 5,22,5.800000000000001,1.05,1.1896,18.1034,4.6614
1,5,sample 1 replicate 5,23,5.800000000000001,1.1,1.2313,18.9655,4.8248
1,5,sample 1 replicate 5,24,5.800000000000001,1.15,1.2814,19.8276,5.0212
1,5,sample 1 replicate 5,25,5.800000000000001,1.2,1.3357,20.6897,5.2339
1,5,sample 1 replicate 5,26,5.800000000000001,1.25,1.367,21.5517,5.3566
1,5,sample 1 replicate 5,27,5.800000000000001,1.3,1.4192,22.4138,5.5611
1,5,sample 1 replicate 5,28,5.800000000000001,1.35,1.4755,23.2759,5.7817
1,5,sample 1 replicate 5,29,5.800000000000001,1.4,1.5193,24.1379,5.9534
1,5,sample 1 replicate 5,30,5.800000000000001,1.45,1.5674,25.0,6.1418
1,5,sample 1 replicate 5,31,5.800000000000001,1.5,1.6195,25.8621,6.346
1,5,sample 1 replicate 5,32,5.800000000000001,1.55,1.6362,26.7241,6.4114
1,5,sample 1 replicate 5,33,5.800000000000001,1.6,1.6654,27.5862,6.5259
1,5,sample 1 replicate 5,34,5.800000000000001,1.65,1.7176,28.4483,6.7304
1,5,sample 1 replicate 5,35,5.800000000000001,1.7,1.7698,29.3103,6.935
1,5,sample 1 replicate 5,36,5.800000000000001,1.75,1.8053,30.1724,7.0741
1,5,sample 1 replicate 5,37,5.800000000000001,1.8,1.8303,31.0345,7.172
1,5,sample 1 replicate 5,38,5.800000000000001,1.85,1.8783,31.8966,7.3601
1,5,sample 1 replicate 5,39,5.800000000000001,1.9,1.9159,32.7586,7.5074
1,5,sample 1 replicate 5,40,5.800000000000001,1.95,1.9555,33.6207,7.6626
1,5,sample 1 replicate 5,41,5.800000000000001,2.0,1.9931,34.4828,7.81
1,5,sample 1 replicate 5,42,5.800000000000001,2.05,2.0223,35.3448,7.9244
1,5,sample 1 replicate 5,43,5.800000000000001,2.1,2.0766,36.2069,8.1371
1,5,sample 1 replicate 5,44,5.800000000000001,2.15,2.11,37.069,8.268
1,5,sample 1 replicate 5,45,5.800000000000001,2.2,2.1434,37.931,8.3989
1,5,sample 1 replicate 5,46,5.800000000000001,2.25,2.1872,38.7931,8.5705
1,5,sample 1 replicate 5,47,5.800000000000001,2.3,2.2289,39.6552,8.7339
1,5,sample 1 replicate 5,48,5.800000000000001,2.35,2.2519,40.5172,8.8241
1,5,sample 1 replicate 5,49,5.800000000000001,2.4,2.2936,41.3793,8.9875
1,5,sample 1 replicate 5,50,5.800000000000001,2.45,2.3395,42.2414,9.1673
1,5,sample 1 replicate 5,51,5.800000000000001,2.5,2.3792,43.1034,9.3229
1,5,sample 1 replicate 5,52,5.800000000000001,2.55,2.4314,43.9655,9.5274
1,5,sample 1 replicate 5,53,5.800000000000001,2.6,2.4669,44.8276,9.6665
1,5,sample 1 replicate 5,54,5.800000000000001,2.65,2.5107,45.6897,9.8382
1,5,sample 1 replicate 5,55,5.800000000000001,2.7,2.5754,46.5517,10.0917
1,5,sample 1 replicate 5,56,5.800000000000001,2.75,2.6589,47.4138,10.4189
1,5,sample 1 replicate 5,57,5.800000000000001,2.8,2.759,48.2759,10.8111
1,5,sample 1 replicate 5,58,5.800000000000001,2.85,2.8571,49.1379,11.1955
1,5,sample 1 replicate 5,59,5.800000000000001,2.9,3.022,50.0,11.8417
1,5,sample 1 replicate 5,60,5.800000000000001,2.95,3.4999,50.8621,13.7143
1,5,sample 1 replicate 5,61,5.800000000000001,3.0,3.8798,51.7241,15.203
1,5,sample 1 replicate 5,62,5.800000000000001,3.05,4.1907,52.5862,16.4212
1,5,sample 1 replicate 5,63,5.800000000000001,3.1,4.4933,53.4483,17.607
1,5,sample 1 replicate 5,64,5.800000000000001,3.15,4.9504,54.3103,19.3981
1,5,sample 1 replicate 5,65,5.800000000000001,3.2,5.3949,55.1724,21.1399
2,5,sample 2 replicate 5,1,7.85,0.0,-0.0021,0.0,-0.0082
2,5,sample 2 replicate 5,2,7.85,0.05,0.0355,0.6369,0.1391
2,5,sample 2 replicate 5,3,7.85,0.1,0.0668,1.2739,0.2618
2,5,sample 2 replicate 5,4,7.85,0.15,0.1044,1.9108,0.4091
2,5,sample 2 replicate 5,5,7.85,0.2,0.1357,2.5478,0.5317
2,5,sample 2 replicate 5,6,7.85,0.25,0.2066,3.1847,0.8096
2,5,sample 2 replicate 5,7,7.85,0.3,0.3256,3.8217,1.2759
2,5,sample 2 replicate 5,8,7.85,0.35,0.4529,4.4586,1.7747
2,5,sample 2 replicate 5,9,7.85,0.4,0.528,5.0955,2.069
2,5,sample 2 replicate 5,10,7.85,0.45,0.6261,5.7325,2.4534
2,5,sample 2 replicate 5,11,7.85,0.5,0.6971,6.3694,2.7316
2,5,sample 2 replicate 5,12,7.85,0.55,0.791,7.0064,3.0995
2,5,sample 2 replicate 5,13,7.85,0.6,0.8661,7.6433,3.3938
2,5,sample 2 replicate 5,14,7.85,0.65,0.9246,8.2803,3.623
2,5,sample 2 replicate 5,15,7.85,0.7,0.9851,8.9172,3.8601
2,5,sample 2 replicate 5,16,7.85,0.75,1.0331,9.5541,4.0482
2,5,sample 2 replicate 5,17,7.85,0.8,1.0727,10.1911,4.2034
2,5,sample 2 replicate 5,18,7.85,0.85,1.1166,10.828,4.3754
2,5,sample 2 replicate 5,19,7.85,0.9,1.175,11.465,4.6042
2,5,sample 2 replicate 5,20,7.85,0.95,1.2105,12.1019,4.7433
2,5,sample 2 replicate 5,21,7.85,1.0,1.2522,12.7389,4.9067
2,5,sample 2 replicate 5,22,7.85,1.05,1.3023,13.3758,5.1031
2,5,sample 2 replicate 5,23,7.85,1.1,1.3294,14.0127,5.2092
2,5,sample 2 replicate 5,24,7.85,1.15,1.3837,14.6497,5.422
2,5,sample 2 replicate 5,25,7.85,1.2,1.4359,15.2866,5.6266
2,5,sample 2 replicate 5,26,7.85,1.25,1.4755,15.9236,5.7817
2,5,sample 2 replicate 5,27,7.85,1.3,1.5235,16.5605,5.9698
2,5,sample 2 replicate 5,28,7.85,1.35,1.5694,17.1975,6.1497
2,5,sample 2 replicate 5,29,7.85,1.4,1.6153,17.8344,6.3295
2,5,sample 2 replicate 5,30,7.85,1.45,1.6529,18.4713,6.4769
2,5,sample 2 replicate 5,31,7.85,1.5,1.6947,19.1083,6.6407
2,5,sample 2 replicate 5,32,7.85,1.55,1.7427,19.7452,6.8288
2,5,sample 2 replicate 5,33,7.85,1.6,1.7844,20.3822,6.9922
2,5,sample 2 replicate 5,34,7.85,1.65,1.8324,21.0191,7.1803
2,5,sample 2 replicate 5,35,7.85,1.7,1.8679,21.6561,7.3194
2,5,sample 2 replicate 5,36,7.85,1.75,1.9075,22.293,7.4745
2,5,sample 2 replicate 5,37,7.85,1.8,1.9493,22.9299,7.6383
2,5,sample 2 replicate 5,38,7.85,1.85,1.9994,23.5669,7.8346
2,5,sample 2 replicate 5,39,7.85,1.9,2.0348,24.2038,7.9734
2,5,sample 2 replicate 5,40,7.85,1.95,2.0828,24.8408,8.1614
2,5,sample 2 replicate 5,41,7.85,2.0,2.1162,25.4777,8.2923
2,5,sample 2 replicate 5,42,7.85,2.05,2.1559,26.1146,8.4479
2,5,sample 2 replicate 5,43,7.85,2.1,2.1997,26.7516,8.6195
2,5,sample 2 replicate 5,44,7.85,2.15,2.2519,27.3885,8.8241
2,5,sample 2 replicate 5,45,7.85,2.2,2.2978,28.0255,9.0039
2,5,sample 2 replicate 5,46,7.85,2.25,2.3458,28.6624,9.192
2,5,sample 2 replicate 5,47,7.85,2.3,2.4022,29.2994,9.413
2,5,sample 2 replicate 5,48,7.85,2.35,2.4522,29.9363,9.6089
2,5,sample 2 replicate 5,49,7.85,2.4,2.4961,30.5732,9.781
2,5,sample 2 replicate 5,50,7.85,2.45,2.5482,31.2102,9.9851
2,5,sample 2 replicate 5,51,7.85,2.5,2.6067,31.8471,10.2143
2,5,sample 2 replicate 5,52,7.85,2.55,2.6568,32.4841,10.4107
2,5,sample 2 replicate 5,53,7.85,2.6,2.6714,33.121,10.4679
2,5,sample 2 replicate 5,54,7.85,2.65,2.7006,33.758,10.5823
2,5,sample 2 replicate 5,55,7.85,2.7,2.7653,34.3949,10.8358
2,5,sample 2 replicate 5,56,7.85,2.75,2.8258,35.0318,11.0729
2,5,sample 2 replicate 5,57,7.85,2.8,2.8696,35.6688,11.2445
2,5,sample 2 replicate 5,58,7.85,2.85,2.9176,36.3057,11.4326
2,5,sample 2 replicate 5,59,7.85,2.9,2.999,36.9427,11.7516
2,5,sample 2 replicate 5,60,7.85,2.95,3.0366,37.5796,11.8989
2,5,sample 2 replicate 5,61,7.85,3.0,3.0763,38.2166,12.0545
2,5,sample 2 replicate 5,62,7.85,3.05,3.1159,38.8535,12.2096
2,5,sample 2 replicate 5,63,7.85,3.1,3.191,39.4904,12.5039
2,5,sample 2 replicate 5,64,7.85,3.15,3.2745,40.1274,12.8311
2,5,sample 2 replicate 5,65,7.85,3.2,3.886,40.7643,15.2273
2,5,sample 2 replicate 5,66,7.85,3.25,4.4641,41.4013,17.4926
2,5,sample 2 replicate 5,67,7.85,3.3,4.988,42.0382,19.5455
2,5,sample 2 replicate 5,68,7.85,3.35,5.4555,42.6752,21.3774
3,5,sample 3 replicate 5,1,8.35,0.0,0.0,0.0,0.0
3,5,sample 3 replicate 5,2,8.35,0.05,0.0125,0.5988,0.049
3,5,sample 3 replicate 5,3,8.35,0.1,0.0605,1.1976,0.2371
3,5,sample 3 replicate 5,4,8.35,0.15,0.1106,1.7964,0.4334
3,5,sample 3 replicate 5,5,8.35,0.2,0.2254,2.3952,0.8832
3,5,sample 3 replicate 5,6,8.35,0.25,0.3631,2.994,1.4228
3,5,sample 3 replicate 5,7,8.35,0.3,0.4153,3.5928,1.6274
3,5,sample 3 replicate 5,8,8.35,0.35,0.5197,4.1916,2.0364
3,5,sample 3 replicate 5,9,8.35,0.4,0.6386,4.7904,2.5024
3,5,sample 3 replicate 5,10,8.35,0.45,0.6866,5.3892,2.6904
3,5,sample 3 replicate 5,11,8.35,0.5,0.7826,5.988,3.0666
3,5,sample 3 replicate 5,12,8.35,0.55,0.864,6.5868,3.3856
3,5,sample 3 replicate 5,13,8.35,0.6,0.9308,7.1856,3.6473
3,5,sample 3 replicate 5,14,8.35,0.65,1.0143,7.7844,3.9745
3,5,sample 3 replicate 5,15,8.35,0.7,1.0727,8.3832,4.2034
3,5,sample 3 replicate 5,16,8.35,0.75,1.1186,8.982,4.3832
3,5,sample 3 replicate 5,17,8.35,0.8,1.1604,9.5808,4.547
3,5,sample 3 replicate 5,18,8.35,0.85,1.198,10.1796,4.6944
3,5,sample 3 replicate 5,19,8.35,0.9,1.2251,10.7784,4.8005
3,5,sample 3 replicate 5,20,8.35,0.95,1.248,11.3772,4.8903
3,5,sample 3 replicate 5,21,8.35,1.0,1.2856,11.976,5.0376
3,5,sample 3 replicate 5,22,8.35,1.05,1.3315,12.5749,5.2175
3,5,sample 3 replicate 5,23,8.35,1.1,1.3545,13.1737,5.3076
3,5,sample 3 replicate 5,24,8.35,1.15,1.4046,13.7725,5.5039
3,5,sample 3 replicate 5,25,8.35,1.2,1.4463,14.3713,5.6673
3,5,sample 3 replicate 5,26,8.35,1.25,1.486,14.9701,5.8229
3,5,sample 3 replicate 5,27,8.35,1.3,1.5381,15.5689,6.027
3,5,sample 3 replicate 5,28,8.35,1.35,1.5945,16.1677,6.248
3,5,sample 3 replicate 5,29,8.35,1.4,1.6404,16.7665,6.4279
3,5,sample 3 replicate 5,30,8.35,1.45,1.6717,17.3653,6.5505
3,5,sample 3 replicate 5,31,8.35,1.5,1.7197,17.9641,6.7386
3,5,sample 3 replicate 5,32,8.35,1.55,1.7656,18.5629,6.9185
3,5,sample 3 replicate 5,33,8.35,1.6,1.799,19.1617,7.0494
3,5,sample 3 replicate 5,34,8.35,1.65,1.8387,19.7605,7.2049
3,5,sample 3 replicate 5,35,8.35,1.7,1.8721,20.3593,7.3358
3,5,sample 3 replicate 5,36,8.35,1.75,1.9034,20.9581,7.4585
3,5,sample 3 replicate 5,37,8.35,1.8,1.9472,21.5569,7.6301
3,5,sample 3 replicate 5,38,8.35,1.85,1.9889,22.1557,7.7935
3,5,sample 3 replicate 5,39,8.35,1.9,2.0328,22.7545,7.9655
3,5,sample 3 replicate 5,40,8.35,1.95,2.0703,23.3533,8.1125
3,5,sample 3 replicate 5,41,8.35,2.0,2.1079,23.9521,8.2598
3,5,sample 3 replicate 5,42,8.35,2.05,2.158,24.5509,8.4561
3,5,sample 3 replicate 5,43,8.35,2.1,2.206,25.1497,8.6442
3,5,sample 3 replicate 5,44,8.35,2.15,2.2582,25.7485,8.8487
3,5,sample 3 replicate 5,45,8.35,2.2,2.3062,26.3473,9.0368
3,5,sample 3 replicate 5,46,8.35,2.25,2.3583,26.9461,9.241
3,5,sample 3 replicate 5,47,8.35,2.3,2.398,27.5449,9.3966
3,5,sample 3 replicate 5,48,8.35,2.35,2.4418,28.1437,9.5682
3,5,sample 3 replicate 5,49,8.35,2.4,2.494,28.7425,9.7727
3,5,sample 3 replicate 5,50,8.35,2.45,2.542,29.3413,9.9608
3,5,sample 3 replicate 5,51,8.35,2.5,2.5775,29.9401,10.0999
3,5,sample 3 replicate 5,52,8.35,2.55,2.6463,30.5389,10.3695
3,5,sample 3 replicate 5,53,8.35,2.6,2.6756,31.1377,10.4843
3,5,sample 3 replicate 5,54,8.35,2.65,2.7194,31.7365,10.656
3,5,sample 3 replicate 5,55,8.35,2.7,2.7653,32.3353,10.8358
3,5,sample 3 replicate 5,56,8.35,2.75,2.8112,32.9341,11.0157
3,5,sample 3 replicate 5,57,8.35,2.8,2.8655,33.5329,11.2284
3,5,sample 3 replicate 5,58,8.35,2.85,2.9114,34.1317,11.4083
3,5,sample 3 replicate 5,59,8.35,2.9,2.9615,34.7305,11.6046
3,5,sample 3 replicate 5,60,8.35,2.95,3.0157,35.3293,11.817
3,5,sample 3 replicate 5,61,8.35,3.0,3.0596,35.9281,11.989
3,5,sample 3 replicate 5,62,8.35,3.05,3.1117,36.5269,12.1932
3,5,sample 3 replicate 5,63,8.35,3.1,3.1723,37.1257,12.4306
3,5,sample 3 replicate 5,64,8.35,3.15,3.5792,37.7246,14.0251
3,5,sample 3 replicate 5,65,8.35,3.2,4.1344,38.3234,16.2006
3,5,sample 3 replicate 5,66,8.35,3.25,4.6666,38.9222,18.2861
3,5,sample 3 replicate 5,67,8.35,3.3,5.1028,39.521,19.9953
1,6,sample 1 replicate 6,1,6.15,0.0,-0.0021,0.0,-0.0082
1,6,sample 1 replicate 6,2,6.15,0.05,0.0021,0.813,0.0082
1,6,sample 1 replicate 6,3,6.15,0.1,0.0501,1.626,0.1963
1,6,sample 1 replicate 6,4,6.15,0.15,0.0835,2.439,0.3272
1,6,sample 1 replicate 6,5,6.15,0.2,0.1231,3.252,0.4824
1,6,sample 1 replicate 6,6,6.15,0.25,0.1732,4.065,0.6787
1,6,sample 1 replicate 6,7,6.15,0.3,0.24,4.878,0.9404
1,6,sample 1 replicate 6,8,6.15,0.35,0.3214,5.6911,1.2594
1,6,sample 1 replicate 6,9,6.15,0.4,0.3986,6.5041,1.5619
1,6,sample 1 replicate 6,10,6.15,0.45,0.5218,7.3171,2.0447
1,6,sample 1 replicate 6,11,6.15,0.5,0.6637,8.1301,2.6007
1,6,sample 1 replicate 6,12,6.15,0.55,0.8098,8.9431,3.1732
1,6,sample 1 replicate 6,13,6.15,0.6,0.9371,9.7561,3.672
1,6,sample 1 replicate 6,14,6.15,0.65,1.0268,10.5691,4.0235
1,6,sample 1 replicate 6,15,6.15,0.7,1.0873,11.3821,4.2606
1,6,sample 1 replicate 6,16,6.15,0.75,1.1437,12.1951,4.4816
1,6,sample 1 replicate 6,17,6.15,0.8,1.2313,13.0081,4.8248
1,6,sample 1 replicate 6,18,6.15,0.85,1.319,13.8211,5.1685
1,6,sample 1 replicate 6,19,6.15,0.9,1.4046,14.6341,5.5039
1,6,sample 1 replicate 6,20,6.15,0.95,1.4672,15.4472,5.7492
1,6,sample 1 replicate 6,21,6.15,1.0,1.5527,16.2602,6.0842
1,6,sample 1 replicate 6,22,6.15,1.05,1.6258,17.0732,6.3707
1,6,sample 1 replicate 6,23,6.15,1.1,1.7134,17.8862,6.7139
1,6,sample 1 replicate 6,24,6.15,1.15,1.7761,18.6992,6.9596
1,6,sample 1 replicate 6,25,6.15,1.2,1.8449,19.5122,7.2292
1,6,sample 1 replicate 6,26,6.15,1.25,1.9201,20.3252,7.5239
1,6,sample 1 replicate 6,27,6.15,1.3,1.991,21.1382,7.8017
1,6,sample 1 replicate 6,28,6.15,1.35,2.0661,21.9512,8.096
1,6,sample 1 replicate 6,29,6.15,1.4,2.1434,22.7642,8.3989
1,6,sample 1 replicate 6,30,6.15,1.45,2.1997,23.5772,8.6195
1,6,sample 1 replicate 6,31,6.15,1.5,2.2874,24.3902,8.9632
1,6,sample 1 replicate 6,32,6.15,1.55,2.35,25.2033,9.2085
1,6,sample 1 replicate 6,33,6.15,1.6,2.4356,26.0163,9.5439
1,6,sample 1 replicate 6,34,6.15,1.65,2.5086,26.8293,9.8299
1,6,sample 1 replicate 6,35,6.15,1.7,2.5378,27.6423,9.9444
1,6,sample 1 replicate 6,36,6.15,1.75,2.5879,28.4553,10.1407
1,6,sample 1 replicate 6,37,6.15,1.8,2.6338,29.2683,10.3205
1,6,sample 1 replicate 6,38,6.15,1.85,2.7048,30.0813,10.5987
1,6,sample 1 replicate 6,39,6.15,1.9,2.7632,30.8943,10.8276
1,6,sample 1 replicate 6,40,6.15,1.95,2.8175,31.7073,11.0404
1,6,sample 1 replicate 6,41,6.15,2.0,2.8884,32.5203,11.3182
1,6,sample 1 replicate 6,42,6.15,2.05,2.9239,33.3333,11.4573
1,6,sample 1 replicate 6,43,6.15,2.1,2.9782,34.1463,11.6701
1,6,sample 1 replicate 6,44,6.15,2.15,3.0366,34.9593,11.8989
1,6,sample 1 replicate 6,45,6.15,2.2,3.0721,35.7724,12.038
1,6,sample 1 replicate 6,46,6.15,2.25,3.1264,36.5854,12.2508
1,6,sample 1 replicate 6,47,6.15,2.3,3.191,37.3984,12.5039
1,6,sample 1 replicate 6,48,6.15,2.35,3.2432,38.2114,12.7085
1,6,sample 1 replicate 6,49,6.15,2.4,3.3267,39.0244,13.0357
1,6,sample 1 replicate 6,50,6.15,2.45,3.3747,39.8374,13.2237
1,6,sample 1 replicate 6,51,6.15,2.5,3.4436,40.6504,13.4937
1,6,sample 1 replicate 6,52,6.15,2.55,3.5166,41.4634,13.7798
1,6,sample 1 replicate 6,53,6.15,2.6,3.5751,42.2764,14.009
1,6,sample 1 replicate 6,54,6.15,2.65,3.6439,43.0894,14.2786
1,6,sample 1 replicate 6,55,6.15,2.7,3.7295,43.9024,14.614
1,6,sample 1 replicate 6,56,6.15,2.75,3.8005,44.7154,14.8922
1,6,sample 1 replicate 6,57,6.15,2.8,3.9194,45.5285,15.3582
1,6,sample 1 replicate 6,58,6.15,2.85,4.0446,46.3415,15.8487
1,6,sample 1 replicate 6,59,6.15,2.9,4.1866,47.1545,16.4052
1,6,sample 1 replicate 6,60,6.15,2.95,4.4516,47.9675,17.4436
1,6,sample 1 replicate 6,61,6.15,3.0,5.2989,48.7805,20.7637
2,6,sample 2 replicate 6,1,7.35,0.0,-0.0021,0.0,-0.0082
2,6,sample 2 replicate 6,2,7.35,0.05,0.0021,0.6803,0.0082
2,6,sample 2 replicate 6,3,7.35,0.1,0.0584,1.3605,0.2288
2,6,sample 2 replicate 6,4,7.35,0.15,0.1357,2.0408,0.5317
2,6,sample 2 replicate 6,5,7.35,0.2,0.2964,2.7211,1.1614
2,6,sample 2 replicate 6,6,7.35,0.25,0.4216,3.4014,1.652
2,6,sample 2 replicate 6,7,7.35,0.3,0.5468,4.0816,2.1426
2,6,sample 2 replicate 6,8,7.35,0.35,0.6678,4.7619,2.6168
2,6,sample 2 replicate 6,9,7.35,0.4,0.791,5.4422,3.0995
2,6,sample 2 replicate 6,10,7.35,0.45,0.9141,6.1224,3.5819
2,6,sample 2 replicate 6,11,7.35,0.5,1.031,6.8027,4.04
2,6,sample 2 replicate 6,12,7.35,0.55,1.1541,7.483,4.5223
2,6,sample 2 replicate 6,13,7.35,0.6,1.2543,8.1633,4.915
2,6,sample 2 replicate 6,14,7.35,0.65,1.3253,8.8435,5.1932
2,6,sample 2 replicate 6,15,7.35,0.7,1.3753,9.5238,5.3891
2,6,sample 2 replicate 6,16,7.35,0.75,1.4066,10.2041,5.5118
2,6,sample 2 replicate 6,17,7.35,0.8,1.4359,10.8844,5.6266
2,6,sample 2 replicate 6,18,7.35,0.85,1.392,11.5646,5.4545
2,6,sample 2 replicate 6,19,7.35,0.9,1.39,12.2449,5.4467
2,6,sample 2 replicate 6,20,7.35,0.95,1.4588,12.9252,5.7163
2,6,sample 2 replicate 6,21,7.35,1.0,1.5256,13.6054,5.9781
2,6,sample 2 replicate 6,22,7.35,1.05,1.5861,14.2857,6.2151
2,6,sample 2 replicate 6,23,7.35,1.1,1.6446,14.966,6.4444
2,6,sample 2 replicate 6,24,7.35,1.15,1.7197,15.6463,6.7386
2,6,sample 2 replicate 6,25,7.35,1.2,1.7927,16.3265,7.0247
2,6,sample 2 replicate 6,26,7.35,1.25,1.87,17.0068,7.3276
2,6,sample 2 replicate 6,27,7.35,1.3,1.9221,17.6871,7.5317
2,6,sample 2 replicate 6,28,7.35,1.35,1.9931,18.3673,7.81
2,6,sample 2 replicate 6,29,7.35,1.4,2.039,19.0476,7.9898
2,6,sample 2 replicate 6,30,7.35,1.45,2.0975,19.7279,8.219
2,6,sample 2 replicate 6,31,7.35,1.5,2.1392,20.4082,8.3824
2,6,sample 2 replicate 6,32,7.35,1.55,2.2164,21.0884,8.685
2,6,sample 2 replicate 6,33,7.35,1.6,2.279,21.7687,8.9303
2,6,sample 2 replicate 6,34,7.35,1.65,2.3646,22.449,9.2657
2,6,sample 2 replicate 6,35,7.35,1.7,2.4356,23.1293,9.5439
2,6,sample 2 replicate 6,36,7.35,1.75,2.494,23.8095,9.7727
2,6,sample 2 replicate 6,37,7.35,1.8,2.5691,24.4898,10.067
2,6,sample 2 replicate 6,38,7.35,1.85,2.6589,25.1701,10.4189
2,6,sample 2 replicate 6,39,7.35,1.9,2.7152,25.8503,10.6395
2,6,sample 2 replicate 6,40,7.35,1.95,2.7736,26.5306,10.8683
2,6,sample 2 replicate 6,41,7.35,2.0,2.853,27.2109,11.1795
2,6,sample 2 replicate 6,42,7.35,2.05,2.9072,27.8912,11.3918
2,6,sample 2 replicate 6,43,7.35,2.1,2.9782,28.5714,11.6701
2,6,sample 2 replicate 6,44,7.35,2.15,3.0429,29.2517,11.9236
2,6,sample 2 replicate 6,45,7.35,2.2,3.1264,29.932,12.2508
2,6,sample 2 replicate 6,46,7.35,2.25,3.2286,30.6122,12.6513
2,6,sample 2 replicate 6,47,7.35,2.3,3.2954,31.2925,12.913
2,6,sample 2 replicate 6,48,7.35,2.35,3.3664,31.9728,13.1912
2,6,sample 2 replicate 6,49,7.35,2.4,3.4665,32.6531,13.5835
2,6,sample 2 replicate 6,50,7.35,2.45,3.4916,33.3333,13.6818
2,6,sample 2 replicate 6,51,7.35,2.5,3.5438,34.0136,13.8864
2,6,sample 2 replicate 6,52,7.35,2.55,3.6043,34.6939,14.1234
2,6,sample 2 replicate 6,53,7.35,2.6,3.6711,35.3741,14.3852
2,6,sample 2 replicate 6,54,7.35,2.65,3.7817,36.0544,14.8186
2,6,sample 2 replicate 6,55,7.35,2.7,3.8923,36.7347,15.252
2,6,sample 2 replicate 6,56,7.35,2.75,4.0321,37.415,15.7998
2,6,sample 2 replicate 6,57,7.35,2.8,4.1699,38.0952,16.3397
2,6,sample 2 replicate 6,58,7.35,2.85,4.3264,38.7755,16.953
2,6,sample 2 replicate 6,59,7.35,2.9,4.5643,39.4558,17.8852
2,6,sample 2 replicate 6,60,7.35,2.95,4.94,40.1361,19.3574
2,6,sample 2 replicate 6,61,7.35,3.0,5.7017,40.8163,22.3421
3,6,sample 3 replicate 6,1,5.649999999999999,0.0,-0.0021,0.0,-0.0082
3,6,sample 3 replicate 6,2,5.649999999999999,0.05,0.0376,0.885,0.1473
3,6,sample 3 replicate 6,3,5.649999999999999,0.1,0.0856,1.7699,0.3354
3,6,sample 3 replicate 6,4,5.649999999999999,0.15,0.1503,2.6549,0.5889
3,6,sample 3 replicate 6,5,5.649999999999999,0.2,0.2567,3.5398,1.0059
3,6,sample 3 replicate 6,6,5.649999999999999,0.25,0.3485,4.4248,1.3656
3,6,sample 3 replicate 6,7,5.649999999999999,0.3,0.3965,5.3097,1.5537
3,6,sample 3 replicate 6,8,5.649999999999999,0.35,0.4633,6.1947,1.8154
3,6,sample 3 replicate 6,9,5.649999999999999,0.4,0.5301,7.0796,2.0772
3,6,sample 3 replicate 6,10,5.649999999999999,0.45,0.6115,7.9646,2.3962
3,6,sample 3 replicate 6,11,5.649999999999999,0.5,0.6532,8.8496,2.5596
3,6,sample 3 replicate 6,12,5.649999999999999,0.55,0.7221,9.7345,2.8295
3,6,sample 3 replicate 6,13,5.649999999999999,0.6,0.7826,10.6195,3.0666
3,6,sample 3 replicate 6,14,5.649999999999999,0.65,0.8014,11.5044,3.1403
3,6,sample 3 replicate 6,15,5.649999999999999,0.7,0.9016,12.3894,3.5329
3,6,sample 3 replicate 6,16,5.649999999999999,0.75,1.0206,13.2743,3.9992
3,6,sample 3 replicate 6,17,5.649999999999999,0.8,1.1374,14.1593,4.4569
3,6,sample 3 replicate 6,18,5.649999999999999,0.85,1.248,15.0442,4.8903
3,6,sample 3 replicate 6,19,5.649999999999999,0.9,1.3691,15.9292,5.3648
3,6,sample 3 replicate 6,20,5.649999999999999,0.95,1.4734,16.8142,5.7735
3,6,sample 3 replicate 6,21,5.649999999999999,1.0,1.5674,17.6991,6.1418
3,6,sample 3 replicate 6,22,5.649999999999999,1.05,1.6654,18.5841,6.5259
3,6,sample 3 replicate 6,23,5.649999999999999,1.1,1.7656,19.469,6.9185
3,6,sample 3 replicate 6,24,5.649999999999999,1.15,1.8449,20.354,7.2292
3,6,sample 3 replicate 6,25,5.649999999999999,1.2,1.9138,21.2389,7.4992
3,6,sample 3 replicate 6,26,5.649999999999999,1.25,1.9931,22.1239,7.81
3,6,sample 3 replicate 6,27,5.649999999999999,1.3,2.0307,23.0088,7.9573
3,6,sample 3 replicate 6,28,5.649999999999999,1.35,2.0244,23.8938,7.9326
3,6,sample 3 replicate 6,29,5.649999999999999,1.4,2.1037,24.7788,8.2433
3,6,sample 3 replicate 6,30,5.649999999999999,1.45,2.1726,25.6637,8.5133
3,6,sample 3 replicate 6,31,5.649999999999999,1.5,2.2435,26.5487,8.7911
3,6,sample 3 replicate 6,32,5.649999999999999,1.55,2.3041,27.4336,9.0286
3,6,sample 3 replicate 6,33,5.649999999999999,1.6,2.3562,28.3186,9.2328
3,6,sample 3 replicate 6,34,5.649999999999999,1.65,2.4147,29.2035,9.462
3,6,sample 3 replicate 6,35,5.649999999999999,1.7,2.4648,30.0885,9.6583
3,6,sample 3 replicate 6,36,5.649999999999999,1.75,2.4606,30.9735,9.6418
3,6,sample 3 replicate 6,37,5.649999999999999,1.8,2.5253,31.8584,9.8954
3,6,sample 3 replicate 6,38,5.649999999999999,1.85,2.5837,32.7434,10.1242
3,6,sample 3 replicate 6,39,5.649999999999999,1.9,2.6422,33.6283,10.3534
3,6,sample 3 replicate 6,40,5.649999999999999,1.95,2.6923,34.5133,10.5498
3,6,sample 3 replicate 6,41,5.649999999999999,2.0,2.759,35.3982,10.8111
3,6,sample 3 replicate 6,42,5.649999999999999,2.05,2.8091,36.2832,11.0074
3,6,sample 3 replicate 6,43,5.649999999999999,2.1,2.8571,37.1681,11.1955
3,6,sample 3 replicate 6,44,5.649999999999999,2.15,2.9156,38.0531,11.4248
3,6,sample 3 replicate 6,45,5.649999999999999,2.2,2.9719,38.9381,11.6454
3,6,sample 3 replicate 6,46,5.649999999999999,2.25,3.0324,39.823,11.8824
3,6,sample 3 replicate 6,47,5.649999999999999,2.3,3.0804,40.708,12.0705
3,6,sample 3 replicate 6,48,5.649999999999999,2.35,3.1305,41.5929,12.2668
3,6,sample 3 replicate 6,49,5.649999999999999,2.4,3.2077,42.4779,12.5694
3,6,sample 3 replicate 6,50,5.649999999999999,2.45,3.2704,43.3628,12.815
3,6,sample 3 replicate 6,51,5.649999999999999,2.5,3.3497,44.2478,13.1258
3,6,sample 3 replicate 6,52,5.649999999999999,2.55,3.4227,45.1327,13.4118
3,6,sample 3 replicate 6,53,5.649999999999999,2.6,3.4958,46.0177,13.6983
3,6,sample 3 replicate 6,54,5.649999999999999,2.65,3.5751,46.9027,14.009
3,6,sample 3 replicate 6,55,5.649999999999999,2.7,3.6398,47.7876,14.2625
3,6,sample 3 replicate 6,56,5.649999999999999,2.75,3.7295,48.6726,14.614
3,6,sample 3 replicate 6,57,5.649999999999999,2.8,3.8067,49.5575,14.9165
3,6,sample 3 replicate 6,58,5.649999999999999,2.85,3.9069,50.4425,15.3092
3,6,sample 3 replicate 6,59,5.649999999999999,2.9,3.9987,51.3274,15.6689
3,6,sample 3 replicate 6,60,5.649999999999999,2.95,4.0739,52.2124,15.9636
3,6,sample 3 replicate 6,61,5.649999999999999,3.0,4.1573,53.0973,16.2904
3,6,sample 3 replicate 6,62,5.649999999999999,3.05,4.2617,53.9823,16.6995
3,6,sample 3 replicate 6,63,5.649999999999999,3.1,4.3744,54.8673,17.1411
3,6,sample 3 replicate 6,64,5.649999999999999,3.15,4.4641,55.7522,17.4926
3,6,sample 3 replicate 6,65,5.649999999999999,3.2,4.5831,56.6372,17.9589
3,6,sample 3 replicate 6,66,5.649999999999999,3.25,4.6791,57.5221,18.335
3,6,sample 3 replicate 6,67,5.649999999999999,3.3,4.7396,58.4071,18.5721
3,6,sample 3 replicate 6,68,5.649999999999999,3.35,4.8648,59.292,19.0627
3,6,sample 3 replicate 6,69,5.649999999999999,3.4,4.9859,60.177,19.5372
3,6,sample 3 replicate 6,70,5.649999999999999,3.45,5.1028,61.0619,19.9953
1,7,sample 1 replicate 7,1,5.449999999999999,0.0,0.0042,0.0,0.0165
1,7,sample 1 replicate 7,2,5.449999999999999,0.05,0.0438,0.9174,0.1716
1,7,sample 1 replicate 7,3,5.449999999999999,0.1,0.0814,1.8349,0.319
1,7,sample 1 replicate 7,4,5.449999999999999,0.15,0.121,2.7523,0.4741
1,7,sample 1 replicate 7,5,5.449999999999999,0.2,0.1983,3.6697,0.777
1,7,sample 1 replicate 7,6,5.449999999999999,0.25,0.2671,4.5872,1.0466
1,7,sample 1 replicate 7,7,5.449999999999999,0.3,0.3778,5.5046,1.4804
1,7,sample 1 replicate 7,8,5.449999999999999,0.35,0.4842,6.422,1.8973
1,7,sample 1 replicate 7,9,5.449999999999999,0.4,0.5364,7.3394,2.1019
1,7,sample 1 replicate 7,10,5.449999999999999,0.45,0.7305,8.2569,2.8625
1,7,sample 1 replicate 7,11,5.449999999999999,0.5,0.9246,9.1743,3.623
1,7,sample 1 replicate 7,12,5.449999999999999,0.55,1.1145,10.0917,4.3672
1,7,sample 1 replicate 7,13,5.449999999999999,0.6,1.3002,11.0092,5.0948
1,7,sample 1 replicate 7,14,5.449999999999999,0.65,1.463,11.9266,5.7328
1,7,sample 1 replicate 7,15,5.449999999999999,0.7,1.6237,12.844,6.3625
1,7,sample 1 replicate 7,16,5.449999999999999,0.75,1.7406,13.7615,6.8205
1,7,sample 1 replicate 7,17,5.449999999999999,0.8,1.8491,14.6789,7.2457
1,7,sample 1 replicate 7,18,5.449999999999999,0.85,1.9597,15.5963,7.6791
1,7,sample 1 replicate 7,19,5.449999999999999,0.9,2.087,16.5138,8.1779
1,7,sample 1 replicate 7,20,5.449999999999999,0.95,2.2102,17.4312,8.6607
1,7,sample 1 replicate 7,21,5.449999999999999,1.0,2.3062,18.3486,9.0368
1,7,sample 1 replicate 7,22,5.449999999999999,1.05,2.4168,19.2661,9.4702
1,7,sample 1 replicate 7,23,5.449999999999999,1.1,2.5002,20.1835,9.797
1,7,sample 1 replicate 7,24,5.449999999999999,1.15,2.6088,21.1009,10.2226
1,7,sample 1 replicate 7,25,5.449999999999999,1.2,2.6923,22.0183,10.5498
1,7,sample 1 replicate 7,26,5.449999999999999,1.25,2.7736,22.9358,10.8683
1,7,sample 1 replicate 7,27,5.449999999999999,1.3,2.8968,23.8532,11.3511
1,7,sample 1 replicate 7,28,5.449999999999999,1.35,2.9949,24.7706,11.7355
1,7,sample 1 replicate 7,29,5.449999999999999,1.4,3.0867,25.6881,12.0952
1,7,sample 1 replicate 7,30,5.449999999999999,1.45,3.1744,26.6055,12.4389
1,7,sample 1 replicate 7,31,5.449999999999999,1.5,3.2537,27.5229,12.7496
1,7,sample 1 replicate 7,32,5.449999999999999,1.55,3.333,28.4404,13.0603
1,7,sample 1 replicate 7,33,5.449999999999999,1.6,3.4144,29.3578,13.3793
1,7,sample 1 replicate 7,34,5.449999999999999,1.65,3.5041,30.2752,13.7308
1,7,sample 1 replicate 7,35,5.449999999999999,1.7,3.598,31.1927,14.0987
1,7,sample 1 replicate 7,36,5.449999999999999,1.75,3.6648,32.1101,14.3605
1,7,sample 1 replicate 7,37,5.449999999999999,1.8,3.7692,33.0275,14.7696
1,7,sample 1 replicate 7,38,5.449999999999999,1.85,3.8714,33.945,15.1701
1,7,sample 1 replicate 7,39,5.449999999999999,1.9,3.957,34.8624,15.5055
1,7,sample 1 replicate 7,40,5.449999999999999,1.95,4.0425,35.7798,15.8405
1,7,sample 1 replicate 7,41,5.449999999999999,2.0,4.1156,36.6972,16.127
1,7,sample 1 replicate 7,42,5.449999999999999,2.05,4.1824,37.6147,16.3887
1,7,sample 1 replicate 7,43,5.449999999999999,2.1,4.2679,38.5321,16.7237
1,7,sample 1 replicate 7,44,5.449999999999999,2.15,4.3389,39.4495,17.002
1,7,sample 1 replicate 7,45,5.449999999999999,2.2,4.4412,40.367,17.4028
1,7,sample 1 replicate 7,46,5.449999999999999,2.25,4.5372,41.2844,17.779
1,7,sample 1 replicate 7,47,5.449999999999999,2.3,4.6374,42.2018,18.1716
1,7,sample 1 replicate 7,48,5.449999999999999,2.35,4.7104,43.1193,18.4577
1,7,sample 1 replicate 7,49,5.449999999999999,2.4,4.8001,44.0367,18.8092
1,7,sample 1 replicate 7,50,5.449999999999999,2.45,4.8732,44.9541,19.0956
1,7,sample 1 replicate 7,51,5.449999999999999,2.5,4.9817,45.8716,19.5208
1,7,sample 1 replicate 7,52,5.449999999999999,2.55,5.1048,46.789,20.0031
2,7,sample 2 replicate 7,1,7.5,0.0,-0.0063,0.0,-0.0247
2,7,sample 2 replicate 7,2,7.5,0.05,0.0063,0.6667,0.0247
2,7,sample 2 replicate 7,3,7.5,0.1,0.0417,1.3333,0.1634
2,7,sample 2 replicate 7,4,7.5,0.15,0.0793,2.0,0.3107
2,7,sample 2 replicate 7,5,7.5,0.2,0.1252,2.6667,0.4906
2,7,sample 2 replicate 7,6,7.5,0.25,0.2463,3.3333,0.9651
2,7,sample 2 replicate 7,7,7.5,0.3,0.4404,4.0,1.7257
2,7,sample 2 replicate 7,8,7.5,0.35,0.6052,4.6667,2.3715
2,7,sample 2 replicate 7,9,7.5,0.4,0.791,5.3333,3.0995
2,7,sample 2 replicate 7,10,7.5,0.45,0.9788,6.0,3.8354
2,7,sample 2 replicate 7,11,7.5,0.5,1.1541,6.6667,4.5223
2,7,sample 2 replicate 7,12,7.5,0.55,1.3315,7.3333,5.2175
2,7,sample 2 replicate 7,13,7.5,0.6,1.4964,8.0,5.8636
2,7,sample 2 replicate 7,14,7.5,0.65,1.6341,8.6667,6.4032
2,7,sample 2 replicate 7,15,7.5,0.7,1.774,9.3333,6.9514
2,7,sample 2 replicate 7,16,7.5,0.75,1.9534,10.0,7.6544
2,7,sample 2 replicate 7,17,7.5,0.8,2.1121,10.6667,8.2763
2,7,sample 2 replicate 7,18,7.5,0.85,2.2561,11.3333,8.8405
2,7,sample 2 replicate 7,19,7.5,0.9,2.3813,12.0,9.3311
2,7,sample 2 replicate 7,20,7.5,0.95,2.5128,12.6667,9.8464
2,7,sample 2 replicate 7,21,7.5,1.0,2.6046,13.3333,10.2061
2,7,sample 2 replicate 7,22,7.5,1.05,2.6735,14.0,10.4761
2,7,sample 2 replicate 7,23,7.5,1.1,2.7674,14.6667,10.844
2,7,sample 2 replicate 7,24,7.5,1.15,2.8279,15.3333,11.0811
2,7,sample 2 replicate 7,25,7.5,1.2,2.8571,16.0,11.1955
2,7,sample 2 replicate 7,26,7.5,1.25,2.8571,16.6667,11.1955
2,7,sample 2 replicate 7,27,7.5,1.3,2.8926,17.3333,11.3346
2,7,sample 2 replicate 7,28,7.5,1.35,2.9323,18.0,11.4902
2,7,sample 2 replicate 7,29,7.5,1.4,3.0262,18.6667,11.8582
2,7,sample 2 replicate 7,30,7.5,1.45,3.0408,19.3333,11.9154
2,7,sample 2 replicate 7,31,7.5,1.5,3.1284,20.0,12.2586
2,7,sample 2 replicate 7,32,7.5,1.55,3.2098,20.6667,12.5776
2,7,sample 2 replicate 7,33,7.5,1.6,3.2724,21.3333,12.8229
2,7,sample 2 replicate 7,34,7.5,1.65,3.3851,22.0,13.2645
2,7,sample 2 replicate 7,35,7.5,1.7,3.4832,22.6667,13.6489
2,7,sample 2 replicate 7,36,7.5,1.75,3.5521,23.3333,13.9189
2,7,sample 2 replicate 7,37,7.5,1.8,3.6627,24.0,14.3523
2,7,sample 2 replicate 7,38,7.5,1.85,3.7587,24.6667,14.7284
2,7,sample 2 replicate 7,39,7.5,1.9,3.8485,25.3333,15.0803
2,7,sample 2 replicate 7,40,7.5,1.95,3.9758,26.0,15.5792
2,7,sample 2 replicate 7,41,7.5,2.0,4.0718,26.6667,15.9553
2,7,sample 2 replicate 7,42,7.5,2.05,4.1761,27.3333,16.364
2,7,sample 2 replicate 7,43,7.5,2.1,4.2972,28.0,16.8386
2,7,sample 2 replicate 7,44,7.5,2.15,4.3347,28.6667,16.9855
2,7,sample 2 replicate 7,45,7.5,2.2,4.4349,29.3333,17.3781
2,7,sample 2 replicate 7,46,7.5,2.25,4.5267,30.0,17.7379
2,7,sample 2 replicate 7,47,7.5,2.3,4.6394,30.6667,18.1795
2,7,sample 2 replicate 7,48,7.5,2.35,4.7271,31.3333,18.5231
2,7,sample 2 replicate 7,49,7.5,2.4,4.8335,32.0,18.94
2,7,sample 2 replicate 7,50,7.5,2.45,4.9233,32.6667,19.2919
2,7,sample 2 replicate 7,51,7.5,2.5,5.0151,33.3333,19.6516
3,7,sample 3 replicate 7,1,8.0,0.0,-0.0042,0.0,-0.0165
3,7,sample 3 replicate 7,2,8.0,0.05,-0.0021,0.625,-0.0082
3,7,sample 3 replicate 7,3,8.0,0.1,0.0125,1.25,0.049
3,7,sample 3 replicate 7,4,8.0,0.15,0.0689,1.875,0.27
3,7,sample 3 replicate 7,5,8.0,0.2,0.1085,2.5,0.4252
3,7,sample 3 replicate 7,6,8.0,0.25,0.1732,3.125,0.6787
3,7,sample 3 replicate 7,7,8.0,0.3,0.2484,3.75,0.9734
3,7,sample 3 replicate 7,8,8.0,0.35,0.384,4.375,1.5047
3,7,sample 3 replicate 7,9,8.0,0.4,0.5844,5.0,2.29
3,7,sample 3 replicate 7,10,8.0,0.45,0.7847,5.625,3.0748
3,7,sample 3 replicate 7,11,8.0,0.5,0.9454,6.25,3.7045
3,7,sample 3 replicate 7,12,8.0,0.55,1.1395,6.875,4.4651
3,7,sample 3 replicate 7,13,8.0,0.6,1.2877,7.5,5.0458
3,7,sample 3 replicate 7,14,8.0,0.65,1.3503,8.125,5.2911
3,7,sample 3 replicate 7,15,8.0,0.7,1.4797,8.75,5.7982
3,7,sample 3 replicate 7,16,8.0,0.75,1.6174,9.375,6.3378
3,7,sample 3 replicate 7,17,8.0,0.8,1.7197,10.0,6.7386
3,7,sample 3 replicate 7,18,8.0,0.85,1.7781,10.625,6.9675
3,7,sample 3 replicate 7,19,8.0,0.9,1.8449,11.25,7.2292
3,7,sample 3 replicate 7,20,8.0,0.95,1.9347,11.875,7.5811
3,7,sample 3 replicate 7,21,8.0,1.0,2.0474,12.5,8.0227
3,7,sample 3 replicate 7,22,8.0,1.05,2.1559,13.125,8.4479
3,7,sample 3 replicate 7,23,8.0,1.1,2.2477,13.75,8.8076
3,7,sample 3 replicate 7,24,8.0,1.15,2.3354,14.375,9.1513
3,7,sample 3 replicate 7,25,8.0,1.2,2.4439,15.0,9.5764
3,7,sample 3 replicate 7,26,8.0,1.25,2.5441,15.625,9.969
3,7,sample 3 replicate 7,27,8.0,1.3,2.6359,16.25,10.3288
3,7,sample 3 replicate 7,28,8.0,1.35,2.7403,16.875,10.7379
3,7,sample 3 replicate 7,29,8.0,1.4,2.83,17.5,11.0893
3,7,sample 3 replicate 7,30,8.0,1.45,2.9302,18.125,11.482
3,7,sample 3 replicate 7,31,8.0,1.5,3.0283,18.75,11.8664
3,7,sample 3 replicate 7,32,8.0,1.55,3.1159,19.375,12.2096
3,7,sample 3 replicate 7,33,8.0,1.6,3.2265,20.0,12.643
3,7,sample 3 replicate 7,34,8.0,1.65,3.3267,20.625,13.0357
3,7,sample 3 replicate 7,35,8.0,1.7,3.406,21.25,13.3464
3,7,sample 3 replicate 7,36,8.0,1.75,3.502,21.875,13.7226
3,7,sample 3 replicate 7,37,8.0,1.8,3.6001,22.5,14.107
3,7,sample 3 replicate 7,38,8.0,1.85,3.6815,23.125,14.4259
3,7,sample 3 replicate 7,39,8.0,1.9,3.7858,23.75,14.8346
3,7,sample 3 replicate 7,40,8.0,1.95,3.8756,24.375,15.1865
3,7,sample 3 replicate 7,41,8.0,2.0,3.9862,25.0,15.6199
3,7,sample 3 replicate 7,42,8.0,2.05,4.0718,25.625,15.9553
3,7,sample 3 replicate 7,43,8.0,2.1,4.1573,26.25,16.2904
3,7,sample 3 replicate 7,44,8.0,2.15,4.2596,26.875,16.6912
3,7,sample 3 replicate 7,45,8.0,2.2,4.3431,27.5,17.0184
3,7,sample 3 replicate 7,46,8.0,2.25,4.4516,28.125,17.4436
3,7,sample 3 replicate 7,47,8.0,2.3,4.581,28.75,17.9506
3,7,sample 3 replicate 7,48,8.0,2.35,4.6728,29.375,18.3103
3,7,sample 3 replicate 7,49,8.0,2.4,4.7438,30.0,18.5886
3,7,sample 3 replicate 7,50,8.0,2.45,4.8607,30.625,19.0466
3,7,sample 3 replicate 7,51,8.0,2.5,4.9901,31.25,19.5537
3,7,sample 3 replicate 7,52,8.0,2.55,5.1257,31.875,20.085
1,8,sample 1 replicate 8,1,2.3000000000000007,0.0,-0.0042,0.0,-0.0165
1,8,sample 1 replicate 8,2,2.3000000000000007,0.05,0.0083,2.1739,0.0325
1,8,sample 1 replicate 8,3,2.3000000000000007,0.1,0.0501,4.3478,0.1963
1,8,sample 1 replicate 8,4,2.3000000000000007,0.15,0.0689,6.5217,0.27
1,8,sample 1 replicate 8,5,2.3000000000000007,0.2,0.1085,8.6957,0.4252
1,8,sample 1 replicate 8,6,2.3000000000000007,0.25,0.1273,10.8696,0.4988
1,8,sample 1 replicate 8,7,2.3000000000000007,0.3,0.1503,13.0435,0.5889
1,8,sample 1 replicate 8,8,2.3000000000000007,0.35,0.215,15.2174,0.8425
1,8,sample 1 replicate 8,9,2.3000000000000007,0.4,0.2588,17.3913,1.0141
1,8,sample 1 replicate 8,10,2.3000000000000007,0.45,0.3423,19.5652,1.3413
1,8,sample 1 replicate 8,11,2.3000000000000007,0.5,0.4278,21.7391,1.6763
1,8,sample 1 replicate 8,12,2.3000000000000007,0.55,0.5197,23.913,2.0364
1,8,sample 1 replicate 8,13,2.3000000000000007,0.6,0.6491,26.087,2.5435
1,8,sample 1 replicate 8,14,2.3000000000000007,0.65,0.7743,28.2609,3.0341
1,8,sample 1 replicate 8,15,2.3000000000000007,0.7,0.9141,30.4348,3.5819
1,8,sample 1 replicate 8,16,2.3000000000000007,0.75,1.0769,32.6087,4.2198
1,8,sample 1 replicate 8,17,2.3000000000000007,0.8,1.2877,34.7826,5.0458
1,8,sample 1 replicate 8,18,2.3000000000000007,0.85,1.5632,36.9565,6.1254
1,8,sample 1 replicate 8,19,2.3000000000000007,0.9,1.9013,39.1304,7.4502
1,8,sample 1 replicate 8,20,2.3000000000000007,0.95,2.2394,41.3043,8.7751
1,8,sample 1 replicate 8,21,2.3000000000000007,1.0,2.6317,43.4783,10.3123
1,8,sample 1 replicate 8,22,2.3000000000000007,1.05,3.0387,45.6522,11.9071
1,8,sample 1 replicate 8,23,2.3000000000000007,1.1,3.4644,47.8261,13.5752
1,8,sample 1 replicate 8,24,2.3000000000000007,1.15,3.9006,50.0,15.2845
1,8,sample 1 replicate 8,25,2.3000000000000007,1.2,4.389,52.1739,17.1983
1,8,sample 1 replicate 8,26,2.3000000000000007,1.25,4.8732,54.3478,19.0956
1,8,sample 1 replicate 8,27,2.3000000000000007,1.3,5.4012,56.5217,21.1646
2,8,sample 2 replicate 8,1,6.5,0.0,-0.0083,0.0,-0.0325
2,8,sample 2 replicate 8,2,6.5,0.05,0.0021,0.7692,0.0082
2,8,sample 2 replicate 8,3,6.5,0.1,0.0647,1.5385,0.2535
2,8,sample 2 replicate 8,4,6.5,0.15,0.1795,2.3077,0.7034
2,8,sample 2 replicate 8,5,6.5,0.2,0.3193,3.0769,1.2512
2,8,sample 2 replicate 8,6,6.5,0.25,0.4967,3.8462,1.9463
2,8,sample 2 replicate 8,7,6.5,0.3,0.768,4.6154,3.0094
2,8,sample 2 replicate 8,8,6.5,0.35,1.1082,5.3846,4.3425
2,8,sample 2 replicate 8,9,6.5,0.4,1.4818,6.1538,5.8064
2,8,sample 2 replicate 8,10,6.5,0.45,1.7531,6.9231,6.8695
2,8,sample 2 replicate 8,11,6.5,0.5,2.0682,7.6923,8.1042
2,8,sample 2 replicate 8,12,6.5,0.55,2.3479,8.4615,9.2002
2,8,sample 2 replicate 8,13,6.5,0.6,2.6484,9.2308,10.3777
2,8,sample 2 replicate 8,14,6.5,0.65,2.9636,10.0,11.6129
2,8,sample 2 replicate 8,15,6.5,0.7,3.2724,10.7692,12.8229
2,8,sample 2 replicate 8,16,6.5,0.75,3.5521,11.5385,13.9189
2,8,sample 2 replicate 8,17,6.5,0.8,3.8255,12.3077,14.9902
2,8,sample 2 replicate 8,18,6.5,0.85,4.101,13.0769,16.0697
2,8,sample 2 replicate 8,19,6.5,0.9,4.3598,13.8462,17.0839
2,8,sample 2 replicate 8,20,6.5,0.95,4.6478,14.6154,18.2124
2,8,sample 2 replicate 8,21,6.5,1.0,4.9003,15.3846,19.2018
2,8,sample 2 replicate 8,22,6.5,1.05,5.2008,16.1538,20.3793
3,8,sample 3 replicate 8,1,6.299999999999999,0.0,-0.0083,0.0,-0.0325
3,8,sample 3 replicate 8,2,6.299999999999999,0.05,-0.0063,0.7937,-0.0247
3,8,sample 3 replicate 8,3,6.299999999999999,0.1,0.023,1.5873,0.0901
3,8,sample 3 replicate 8,4,6.299999999999999,0.15,0.1106,2.381,0.4334
3,8,sample 3 replicate 8,5,6.299999999999999,0.2,0.2296,3.1746,0.8997
3,8,sample 3 replicate 8,6,6.299999999999999,0.25,0.3944,3.9683,1.5455
3,8,sample 3 replicate 8,7,6.299999999999999,0.3,0.5927,4.7619,2.3225
3,8,sample 3 replicate 8,8,6.299999999999999,0.35,0.9079,5.5556,3.5576
3,8,sample 3 replicate 8,9,6.299999999999999,0.4,1.2126,6.3492,4.7516
3,8,sample 3 replicate 8,10,6.299999999999999,0.45,1.5694,7.1429,6.1497
3,8,sample 3 replicate 8,11,6.299999999999999,0.5,1.9242,7.9365,7.54
3,8,sample 3 replicate 8,12,6.299999999999999,0.55,2.2415,8.7302,8.7833
3,8,sample 3 replicate 8,13,6.299999999999999,0.6,2.5462,9.5238,9.9773
3,8,sample 3 replicate 8,14,6.299999999999999,0.65,2.8655,10.3175,11.2284
3,8,sample 3 replicate 8,15,6.299999999999999,0.7,3.1347,11.1111,12.2833
3,8,sample 3 replicate 8,16,6.299999999999999,0.75,3.4352,11.9048,13.4608
3,8,sample 3 replicate 8,17,6.299999999999999,0.8,3.7253,12.6984,14.5976
3,8,sample 3 replicate 8,18,6.299999999999999,0.85,4.0133,13.4921,15.7261
3,8,sample 3 replicate 8,19,6.299999999999999,0.9,4.2596,14.2857,16.6912
3,8,sample 3 replicate 8,20,6.299999999999999,0.95,4.5434,15.0794,17.8033
3,8,sample 3 replicate 8,21,6.299999999999999,1.0,4.844,15.873,18.9812
3,8,sample 3 replicate 8,22,6.299999999999999,1.05,5.1299,16.6667,20.1015
